Zone Type,Occupancy,Temperature,Humidity,Weekend,Day/Night,HVAC Status,Fan Status,Lighting Status,Energy Consumption
Corridor,76,19.32,79.26,No,Day,ON,OFF,ON,54.96
Floor,23,24.72,71.83,No,Night,ON,ON,OFF,58.77
Office,70,30.64,70.27,No,Day,ON,OFF,OFF,56.59
Corridor,18,21.61,50.96,No,Day,OFF,ON,OFF,27.71
Corridor,90,30.83,76.81,No,Day,ON,OFF,ON,65.52
Floor,49,26.99,33.14,Yes,Day,ON,ON,OFF,56.98
Office,90,23.86,36.27,No,Day,ON,OFF,ON,66.18
Office,17,24.27,42.34,No,Day,ON,OFF,OFF,39.51
Corridor,93,19.98,62.08,Yes,Day,ON,ON,ON,61.0
Meeting Hall,27,22.25,38.34,No,Day,ON,ON,ON,62.93
Corridor,28,30.43,46.8,Yes,Day,OFF,ON,OFF,37.63
Corridor,72,32.67,38.86,No,Day,ON,ON,OFF,64.05
Corridor,84,22.52,69.98,No,Night,OFF,OFF,OFF,35.28
Corridor,44,28.01,75.46,No,Day,ON,ON,ON,59.98
Floor,6,18.59,72.52,Yes,Night,ON,ON,ON,53.19
Office,44,19.32,31.37,Yes,Night,ON,OFF,ON,40.01
Floor,88,34.39,45.86,Yes,Day,OFF,ON,ON,73.52
Floor,25,33.24,61.88,No,Night,ON,ON,ON,65.04
Floor,69,19.38,30.03,No,Day,OFF,ON,ON,66.92
Corridor,48,31.98,67.32,No,Day,OFF,OFF,OFF,39.7
Meeting Hall,83,19.74,73.44,No,Day,ON,ON,OFF,69.67
Office,17,32.08,33.88,No,Night,ON,OFF,ON,45.21
Meeting Hall,83,33.53,51.56,No,Day,OFF,ON,ON,68.52
Floor,39,20.6,45.14,No,Night,ON,ON,ON,65.22
Floor,17,20.5,77.35,No,Day,ON,ON,ON,66.27
Meeting Hall,46,33.75,46.24,No,Night,ON,OFF,OFF,48.14
Meeting Hall,0,23.12,59.05,Yes,Day,ON,ON,ON,56.84
Meeting Hall,32,26.04,30.45,Yes,Day,OFF,ON,ON,52.71
Floor,38,23.18,71.83,No,Day,ON,OFF,ON,68.2
Floor,22,30.74,31.46,Yes,Day,ON,OFF,OFF,55.66
Office,13,21.59,58.46,No,Day,ON,OFF,OFF,35.15
Office,91,26.4,67.04,No,Night,OFF,ON,OFF,47.97
Floor,84,32.46,49.83,No,Day,ON,ON,ON,81.81
Meeting Hall,43,34.03,31.58,No,Night,OFF,ON,ON,53.09
Meeting Hall,36,24.0,75.04,Yes,Day,OFF,OFF,ON,46.7
Office,70,19.94,48.3,No,Night,ON,ON,ON,53.65
Floor,75,31.76,53.31,No,Day,ON,ON,ON,82.88
Office,36,19.88,70.65,No,Day,ON,ON,OFF,49.77
Office,27,31.25,63.03,No,Night,OFF,ON,ON,37.41
Corridor,6,29.71,46.27,No,Day,OFF,OFF,ON,40.03
Corridor,51,27.82,57.03,No,Day,OFF,OFF,OFF,37.27
Corridor,16,33.97,34.7,No,Day,ON,OFF,ON,48.96
Meeting Hall,61,23.48,54.06,Yes,Day,ON,ON,ON,61.34
Floor,36,19.59,51.41,No,Day,ON,OFF,ON,66.73
Floor,13,34.69,68.0,No,Night,ON,ON,OFF,60.82
Floor,50,25.5,70.0,No,Day,ON,ON,ON,69.94
Floor,54,25.37,73.61,No,Day,ON,ON,ON,79.13
Corridor,56,19.52,72.86,No,Day,ON,ON,OFF,55.36
Meeting Hall,3,30.64,79.92,No,Day,ON,ON,ON,61.41
Meeting Hall,85,30.24,65.37,No,Day,ON,ON,OFF,66.29
Corridor,48,20.47,61.04,Yes,Night,ON,OFF,ON,38.02
Meeting Hall,80,21.97,37.36,No,Night,ON,OFF,ON,56.32
Corridor,34,18.28,53.41,Yes,Day,ON,ON,ON,48.28
Floor,52,33.13,51.52,Yes,Night,ON,ON,ON,67.64
Corridor,31,22.16,66.73,No,Day,OFF,ON,ON,43.1
Floor,94,33.76,43.73,No,Night,ON,ON,ON,85.27
Floor,88,27.71,73.54,No,Day,OFF,ON,ON,76.17
Office,9,25.23,40.99,Yes,Day,ON,ON,ON,43.87
Corridor,61,18.13,54.18,No,Day,ON,OFF,ON,50.98
Office,1,19.57,77.22,No,Day,ON,ON,OFF,42.53
Corridor,62,20.7,47.2,No,Day,ON,ON,ON,53.82
Corridor,90,19.8,66.4,No,Day,ON,OFF,ON,61.77
Office,75,22.36,46.78,No,Day,OFF,OFF,ON,51.68
Office,15,20.63,55.72,No,Day,ON,ON,ON,47.6
Corridor,15,29.29,68.78,No,Day,ON,ON,OFF,45.91
Meeting Hall,2,23.05,70.73,Yes,Day,ON,OFF,OFF,45.46
Floor,88,30.21,72.12,No,Day,ON,OFF,OFF,77.41
Office,17,20.3,34.98,No,Day,OFF,ON,ON,41.09
Floor,41,21.55,72.74,No,Day,OFF,OFF,ON,55.84
Meeting Hall,31,31.39,37.32,Yes,Night,ON,ON,ON,52.63
Meeting Hall,49,28.78,43.64,No,Night,ON,OFF,ON,53.62
Meeting Hall,48,19.64,78.55,No,Day,ON,ON,OFF,57.43
Office,2,34.31,37.21,No,Day,OFF,ON,OFF,35.54
Meeting Hall,71,30.96,42.55,Yes,Day,ON,OFF,ON,73.48
Office,4,27.39,46.79,No,Night,OFF,OFF,ON,34.46
Meeting Hall,56,23.83,70.31,No,Day,ON,ON,ON,71.38
Floor,83,19.6,46.04,No,Day,OFF,ON,OFF,66.52
Floor,43,24.09,71.3,Yes,Day,ON,ON,ON,73.91
Corridor,24,23.49,40.28,No,Day,ON,ON,ON,48.02
Floor,69,19.33,60.05,No,Day,ON,ON,OFF,72.61
Corridor,91,31.32,77.99,Yes,Day,OFF,OFF,OFF,45.26
Floor,22,25.06,32.05,Yes,Day,OFF,ON,ON,51.02
Office,87,33.12,75.43,No,Day,OFF,OFF,ON,60.25
Floor,9,20.69,38.24,Yes,Day,OFF,OFF,OFF,41.03
Corridor,9,23.4,59.05,Yes,Day,ON,ON,ON,43.1
Corridor,32,22.74,32.44,No,Day,OFF,OFF,OFF,32.29
Meeting Hall,72,32.71,58.56,No,Night,OFF,OFF,ON,54.7
Office,17,26.63,60.75,Yes,Day,ON,ON,OFF,44.75
Floor,66,20.41,70.38,No,Day,ON,OFF,OFF,71.2
Meeting Hall,96,24.08,50.8,Yes,Day,ON,OFF,OFF,64.85
Floor,73,34.03,75.79,Yes,Day,ON,ON,ON,73.93
Floor,26,27.38,48.52,Yes,Day,OFF,ON,ON,53.51
Meeting Hall,34,18.62,34.58,No,Day,ON,OFF,ON,55.14
Meeting Hall,61,18.98,49.34,Yes,Day,ON,ON,OFF,60.3
Meeting Hall,17,22.01,45.31,Yes,Day,ON,OFF,ON,43.27
Meeting Hall,6,28.56,52.32,No,Day,ON,OFF,ON,55.99
Meeting Hall,70,22.17,39.98,No,Day,ON,ON,ON,70.35
Floor,85,32.45,48.52,Yes,Day,OFF,ON,OFF,64.55
Meeting Hall,9,28.7,74.31,No,Day,ON,ON,OFF,53.73
Office,26,23.11,62.62,Yes,Day,OFF,ON,OFF,31.88
Corridor,67,24.7,39.91,No,Day,ON,OFF,ON,50.64
Meeting Hall,75,24.38,32.64,No,Day,OFF,ON,OFF,57.55
Meeting Hall,66,23.34,40.83,No,Day,ON,ON,ON,68.83
Floor,54,28.71,50.46,No,Day,ON,ON,OFF,75.95
Meeting Hall,47,21.43,48.36,No,Night,ON,OFF,ON,55.41
Meeting Hall,66,22.97,72.42,Yes,Night,OFF,ON,ON,46.61
Meeting Hall,88,19.45,59.3,No,Day,ON,OFF,ON,64.71
Floor,25,24.39,72.12,Yes,Day,ON,OFF,ON,67.31
Meeting Hall,39,19.09,79.94,No,Day,OFF,OFF,ON,54.77
Corridor,70,18.3,44.52,No,Day,ON,ON,ON,59.92
Floor,45,28.98,53.87,No,Night,ON,ON,ON,68.81
Corridor,97,20.76,65.28,No,Night,ON,ON,ON,56.04
Floor,73,18.6,55.59,No,Night,ON,ON,ON,75.01
Meeting Hall,66,19.16,46.34,No,Day,ON,OFF,OFF,57.69
Corridor,91,21.39,70.81,No,Day,ON,ON,OFF,55.06
Floor,10,30.25,74.62,No,Night,OFF,ON,OFF,46.64
Office,50,18.2,43.91,No,Day,ON,OFF,OFF,41.62
Meeting Hall,31,30.35,44.07,No,Night,ON,ON,OFF,52.22
Floor,71,28.15,58.37,No,Day,ON,ON,OFF,76.78
Office,19,26.74,70.82,No,Day,ON,ON,OFF,51.26
Floor,4,33.46,56.0,No,Day,ON,OFF,ON,63.83
Office,40,32.1,33.0,No,Day,OFF,ON,ON,51.7
Meeting Hall,12,25.12,44.75,Yes,Day,OFF,OFF,ON,43.27
Corridor,74,18.11,55.14,No,Day,OFF,ON,OFF,41.55
Office,97,30.08,66.83,No,Day,ON,ON,OFF,67.89
Floor,2,18.81,68.75,No,Day,OFF,OFF,ON,47.16
Meeting Hall,14,22.73,67.62,No,Day,OFF,OFF,ON,42.22
Office,96,26.38,34.74,Yes,Day,ON,ON,ON,67.8
Floor,55,19.69,60.8,No,Night,ON,OFF,OFF,54.67
Floor,42,29.55,51.27,No,Day,ON,ON,ON,79.78
Floor,73,23.46,45.68,No,Day,ON,OFF,ON,75.01
Office,66,24.15,71.38,No,Night,OFF,OFF,ON,42.57
Office,45,29.02,47.92,Yes,Night,ON,ON,ON,51.95
Office,47,24.77,39.13,Yes,Day,OFF,OFF,OFF,34.03
Corridor,77,21.82,64.79,No,Night,ON,ON,OFF,48.26
Office,96,21.0,36.78,No,Day,ON,OFF,ON,63.98
Office,96,30.31,44.69,No,Day,ON,OFF,ON,65.4
Office,35,30.76,52.22,Yes,Day,OFF,ON,ON,50.62
Corridor,22,21.33,37.08,No,Day,ON,ON,ON,52.47
Office,54,23.42,44.37,No,Night,OFF,OFF,ON,40.77
Floor,54,34.26,62.08,No,Night,ON,ON,ON,69.88
Office,53,34.73,57.87,Yes,Night,ON,OFF,OFF,47.59
Floor,64,27.95,72.21,No,Night,ON,ON,ON,75.76
Floor,90,30.87,37.04,No,Day,OFF,OFF,OFF,64.03
Floor,50,30.72,73.19,No,Day,ON,ON,ON,81.71
Corridor,31,24.72,33.78,No,Night,ON,ON,ON,45.68
Corridor,84,18.82,67.17,No,Night,ON,OFF,OFF,39.85
Corridor,19,30.59,40.34,No,Night,OFF,OFF,OFF,24.49
Office,90,20.31,75.15,No,Night,ON,ON,ON,62.57
Floor,35,22.94,32.08,Yes,Day,ON,ON,OFF,60.81
Corridor,31,23.36,59.01,No,Night,ON,OFF,ON,36.43
Corridor,56,23.93,30.64,Yes,Night,ON,OFF,ON,41.73
Office,28,25.92,66.8,No,Night,OFF,OFF,OFF,29.09
Corridor,45,26.53,31.69,No,Day,OFF,OFF,ON,37.4
Office,86,26.22,66.36,No,Day,ON,ON,ON,67.28
Meeting Hall,34,20.77,70.43,No,Day,OFF,OFF,OFF,44.94
Corridor,78,29.03,74.78,Yes,Day,OFF,OFF,ON,44.06
Meeting Hall,73,31.43,47.97,No,Day,ON,ON,ON,75.34
Office,51,25.85,57.13,No,Day,OFF,ON,ON,50.15
Floor,14,32.25,66.68,Yes,Day,OFF,ON,ON,63.24
Corridor,88,25.55,71.04,No,Day,ON,OFF,ON,64.28
Office,80,27.66,69.14,Yes,Day,OFF,OFF,OFF,41.88
Floor,50,19.18,72.39,No,Day,ON,OFF,ON,75.47
Floor,30,20.5,74.88,No,Day,ON,ON,ON,66.07
Meeting Hall,74,31.04,62.52,Yes,Day,OFF,OFF,ON,59.52
Office,83,22.24,38.7,No,Day,OFF,OFF,OFF,43.44
Floor,94,19.59,71.67,Yes,Day,OFF,ON,OFF,65.57
Corridor,15,27.66,53.16,Yes,Day,ON,ON,ON,45.59
Corridor,35,19.6,32.53,Yes,Day,OFF,OFF,OFF,25.48
Meeting Hall,38,29.63,61.3,No,Night,ON,OFF,ON,59.25
Floor,10,29.72,66.37,No,Day,ON,ON,ON,68.26
Office,19,25.7,52.89,No,Day,ON,ON,OFF,48.09
Corridor,89,29.66,55.33,Yes,Night,ON,ON,ON,58.59
Floor,55,31.59,57.5,Yes,Day,ON,ON,OFF,68.34
Floor,89,21.36,42.62,No,Night,ON,ON,ON,68.21
Meeting Hall,41,29.04,48.7,No,Night,OFF,ON,OFF,42.52
Corridor,46,29.77,70.34,No,Day,OFF,OFF,ON,44.38
Corridor,5,21.31,31.5,Yes,Day,OFF,OFF,OFF,19.02
Office,34,30.36,57.84,No,Day,ON,ON,OFF,55.66
Corridor,7,30.23,31.59,No,Day,OFF,OFF,ON,32.89
Office,70,20.67,40.08,No,Day,OFF,OFF,ON,49.42
Corridor,36,23.4,48.64,No,Day,ON,ON,OFF,49.16
Meeting Hall,49,34.0,39.32,Yes,Night,OFF,ON,ON,49.58
Corridor,15,19.21,72.43,No,Day,ON,OFF,ON,49.18
Office,8,21.89,73.51,No,Day,ON,OFF,OFF,38.7
Office,74,27.84,37.65,No,Day,ON,ON,ON,64.93
Meeting Hall,84,34.47,74.62,No,Day,OFF,ON,ON,65.75
Corridor,59,22.37,41.5,No,Day,OFF,OFF,OFF,43.76
Corridor,50,31.89,30.61,No,Day,ON,ON,ON,61.67
Meeting Hall,45,24.25,66.84,Yes,Day,ON,OFF,OFF,50.6
Corridor,70,23.99,55.91,No,Night,OFF,OFF,ON,41.45
Corridor,11,34.93,54.92,No,Day,OFF,ON,ON,49.56
Office,63,31.89,30.14,No,Day,ON,ON,ON,66.0
Corridor,20,22.22,78.93,No,Day,ON,ON,OFF,40.98
Corridor,4,21.16,71.63,Yes,Day,OFF,ON,OFF,28.94
Meeting Hall,5,19.43,78.37,No,Day,ON,ON,ON,54.12
Meeting Hall,42,26.21,42.18,No,Night,ON,OFF,ON,56.23
Floor,25,23.69,60.18,Yes,Night,ON,ON,ON,56.64
Office,92,24.47,67.34,No,Day,OFF,ON,OFF,54.26
Corridor,53,25.33,70.17,No,Day,OFF,OFF,ON,44.88
Corridor,2,34.85,69.09,No,Day,ON,OFF,ON,44.5
Floor,10,18.05,58.62,No,Day,ON,OFF,OFF,53.35
Corridor,86,25.24,31.58,No,Day,ON,ON,OFF,58.23
Office,24,19.1,79.7,No,Day,ON,ON,ON,56.84
Floor,11,29.44,35.74,No,Day,ON,ON,OFF,59.83
Office,64,18.86,39.04,No,Day,ON,ON,OFF,53.45
Floor,3,31.04,71.22,No,Night,ON,OFF,OFF,53.08
Floor,51,32.75,35.03,No,Night,ON,ON,ON,66.85
Meeting Hall,64,34.5,40.67,No,Day,OFF,OFF,ON,67.84
Office,69,20.05,31.02,Yes,Day,ON,ON,OFF,47.31
Corridor,33,34.64,37.83,No,Night,ON,ON,ON,49.63
Corridor,90,25.01,62.95,Yes,Day,ON,OFF,ON,59.46
Office,15,28.75,48.03,No,Night,ON,ON,ON,49.44
Corridor,74,18.0,36.76,No,Day,ON,ON,ON,63.4
Corridor,13,24.29,43.2,No,Day,ON,ON,ON,47.2
Office,73,24.0,67.68,No,Day,ON,OFF,OFF,57.33
Floor,60,26.56,57.84,No,Night,ON,ON,ON,69.99
Office,52,20.25,53.8,No,Day,OFF,ON,ON,50.04
Floor,57,29.73,32.33,Yes,Day,ON,OFF,ON,70.76
Corridor,62,28.13,55.59,Yes,Day,ON,OFF,ON,48.58
Corridor,12,21.61,54.08,No,Night,OFF,OFF,ON,25.32
Corridor,44,34.72,52.14,No,Night,OFF,ON,OFF,35.28
Meeting Hall,97,18.1,54.37,Yes,Night,ON,OFF,ON,59.31
Floor,96,23.71,33.71,No,Night,OFF,OFF,ON,61.78
Meeting Hall,54,22.45,76.65,No,Day,ON,ON,OFF,64.38
Meeting Hall,32,27.52,45.31,Yes,Day,OFF,ON,ON,54.93
Office,61,33.1,62.63,No,Day,ON,OFF,OFF,53.49
Meeting Hall,38,29.18,47.95,No,Day,OFF,OFF,ON,49.72
Office,12,18.81,46.4,Yes,Night,OFF,OFF,OFF,16.95
Office,80,32.68,66.25,No,Night,ON,OFF,ON,62.07
Meeting Hall,72,22.51,50.94,No,Day,OFF,ON,OFF,49.71
Floor,12,19.88,60.79,No,Day,ON,ON,OFF,64.98
Floor,15,25.35,43.71,No,Night,ON,ON,ON,63.86
Floor,100,33.28,43.27,No,Day,ON,ON,ON,89.02
Floor,53,18.59,39.95,No,Day,OFF,ON,ON,65.72
Floor,29,28.64,45.05,Yes,Day,ON,ON,OFF,61.76
Meeting Hall,38,23.65,33.25,No,Day,ON,OFF,ON,54.11
Meeting Hall,96,28.58,33.89,No,Day,ON,ON,ON,80.91
Corridor,63,22.53,72.65,Yes,Day,ON,ON,ON,58.08
Floor,69,34.44,43.99,No,Day,ON,OFF,OFF,74.93
Meeting Hall,11,19.94,56.92,No,Night,OFF,OFF,ON,37.53
Corridor,1,20.69,54.82,No,Day,OFF,ON,ON,33.38
Floor,32,18.78,61.71,No,Day,ON,OFF,OFF,53.73
Office,14,31.51,62.4,No,Night,ON,OFF,OFF,32.61
Corridor,80,19.6,48.34,No,Day,ON,ON,ON,54.35
Meeting Hall,51,22.7,36.67,No,Day,ON,ON,ON,65.31
Office,34,21.5,38.87,No,Night,ON,ON,ON,43.24
Office,94,24.01,47.97,No,Day,ON,OFF,ON,59.45
Office,93,31.02,58.01,No,Night,ON,ON,ON,61.56
Corridor,37,34.15,60.71,No,Day,ON,ON,ON,59.64
Meeting Hall,79,32.94,76.62,No,Day,OFF,OFF,OFF,60.88
Office,41,32.3,45.26,No,Day,OFF,ON,OFF,52.57
Floor,80,25.1,35.46,No,Day,ON,ON,OFF,79.94
Office,6,31.63,56.88,Yes,Night,OFF,ON,ON,32.8
Office,55,31.21,33.33,No,Day,ON,ON,OFF,53.66
Corridor,4,22.21,38.28,No,Night,OFF,OFF,ON,26.94
Corridor,39,22.46,57.71,Yes,Night,OFF,OFF,ON,28.38
Meeting Hall,60,26.48,76.22,No,Day,OFF,ON,ON,60.86
Floor,90,34.38,39.78,No,Night,ON,ON,ON,79.32
Corridor,64,19.83,48.12,No,Day,ON,ON,ON,55.3
Office,65,34.8,52.14,Yes,Day,ON,OFF,ON,62.19
Meeting Hall,67,20.7,77.67,No,Night,ON,OFF,ON,61.44
Office,64,26.26,66.78,No,Day,ON,ON,ON,63.96
Office,92,23.17,46.61,Yes,Day,ON,ON,ON,64.39
Corridor,84,25.14,43.57,No,Day,OFF,ON,OFF,45.33
Meeting Hall,41,34.28,55.93,No,Day,ON,ON,OFF,63.26
Floor,34,28.74,49.07,No,Day,ON,OFF,OFF,62.01
Floor,97,23.06,60.84,No,Day,ON,OFF,OFF,75.36
Corridor,65,28.68,56.74,No,Day,ON,OFF,OFF,51.85
Corridor,24,25.69,31.69,No,Day,ON,ON,OFF,46.04
Meeting Hall,5,34.04,33.72,Yes,Day,ON,ON,OFF,49.64
Floor,7,24.0,36.7,Yes,Day,ON,ON,ON,67.38
Floor,34,27.94,62.54,No,Day,ON,ON,OFF,67.18
Floor,52,32.44,78.86,No,Night,ON,ON,ON,69.04
Office,18,34.3,52.63,No,Day,ON,ON,OFF,55.61
Floor,8,31.59,37.47,Yes,Day,OFF,ON,OFF,44.79
Office,32,33.9,60.5,Yes,Day,ON,ON,ON,54.9
Meeting Hall,7,25.88,61.27,No,Day,OFF,OFF,ON,45.71
Office,37,31.0,67.79,No,Day,ON,OFF,ON,55.63
Meeting Hall,31,19.61,65.49,No,Night,ON,ON,OFF,47.48
Floor,22,28.09,64.39,No,Night,ON,ON,OFF,57.56
Floor,33,18.23,66.24,No,Night,ON,ON,ON,61.01
Meeting Hall,86,22.42,70.96,Yes,Night,ON,OFF,ON,53.49
Corridor,45,29.31,74.77,No,Day,ON,OFF,OFF,51.65
Meeting Hall,31,20.92,30.17,No,Day,ON,OFF,OFF,50.84
Corridor,0,21.4,63.31,No,Night,ON,OFF,ON,35.36
Office,6,19.05,77.06,No,Day,OFF,ON,OFF,32.96
Office,23,30.71,67.89,Yes,Night,OFF,ON,ON,35.65
Office,1,25.62,34.07,Yes,Night,ON,ON,ON,39.92
Floor,17,33.1,66.82,No,Night,ON,OFF,OFF,59.87
Office,82,24.16,42.63,No,Day,ON,ON,OFF,61.44
Corridor,99,25.4,39.2,Yes,Night,ON,OFF,ON,57.04
Office,55,26.41,40.16,Yes,Day,OFF,OFF,ON,42.09
Meeting Hall,91,32.64,78.61,Yes,Day,ON,ON,ON,75.71
Meeting Hall,98,22.97,62.96,No,Day,ON,OFF,OFF,69.9
Floor,31,18.88,78.89,Yes,Night,ON,ON,OFF,50.18
Meeting Hall,76,28.66,72.36,No,Night,OFF,OFF,ON,55.14
Corridor,69,32.04,76.24,No,Day,ON,OFF,ON,64.14
Office,92,27.46,57.75,No,Day,ON,ON,ON,74.03
Floor,9,23.45,47.44,Yes,Day,OFF,ON,OFF,43.4
Office,39,28.72,66.93,No,Night,ON,ON,ON,53.53
Office,73,34.85,30.9,Yes,Day,ON,OFF,ON,60.58
Corridor,33,27.76,62.19,No,Day,OFF,ON,OFF,33.83
Meeting Hall,83,23.36,77.82,No,Day,ON,OFF,ON,67.87
Meeting Hall,32,22.14,72.29,No,Day,OFF,ON,ON,54.47
Office,74,34.97,39.47,No,Day,ON,OFF,ON,69.52
Floor,87,32.46,36.4,No,Day,ON,OFF,OFF,75.68
Meeting Hall,96,22.75,71.32,No,Night,OFF,OFF,OFF,46.4
Floor,56,22.46,32.67,No,Night,ON,ON,ON,64.99
Meeting Hall,21,31.66,79.77,No,Day,OFF,ON,ON,51.21
Floor,47,34.87,53.37,No,Night,OFF,ON,ON,66.45
Corridor,75,25.92,76.38,No,Day,ON,ON,ON,67.21
Floor,93,21.86,70.56,No,Day,OFF,ON,ON,69.09
Corridor,31,21.92,64.87,No,Day,OFF,ON,ON,46.92
Corridor,82,31.55,40.29,No,Day,ON,OFF,OFF,58.6
Floor,44,28.29,34.28,No,Night,ON,ON,OFF,61.65
Corridor,1,28.77,62.78,Yes,Day,ON,OFF,OFF,32.22
Office,77,21.3,39.49,No,Day,ON,ON,OFF,55.56
Corridor,54,20.22,71.44,Yes,Night,ON,ON,OFF,40.56
Meeting Hall,58,18.18,33.35,No,Day,ON,ON,OFF,55.71
Floor,32,33.56,56.19,No,Night,ON,ON,ON,66.78
Office,95,24.03,51.1,Yes,Night,ON,ON,ON,54.1
Floor,82,30.89,76.24,No,Day,ON,OFF,ON,81.23
Meeting Hall,13,33.04,74.93,No,Night,ON,OFF,ON,51.22
Meeting Hall,67,28.18,66.01,Yes,Day,ON,ON,OFF,62.56
Meeting Hall,65,25.21,67.77,No,Day,OFF,ON,ON,62.73
Corridor,73,18.66,65.33,Yes,Day,ON,ON,ON,56.5
Corridor,58,23.73,63.74,Yes,Day,ON,OFF,ON,55.32
Floor,92,23.47,79.85,No,Night,ON,OFF,ON,74.32
Floor,14,27.63,66.8,No,Day,ON,OFF,OFF,59.46
Office,30,30.99,77.28,Yes,Day,ON,ON,ON,61.02
Office,96,30.09,51.86,No,Night,OFF,ON,OFF,49.15
Floor,28,32.79,79.91,Yes,Day,ON,ON,OFF,65.06
Corridor,74,18.8,60.72,No,Day,OFF,OFF,OFF,37.95
Meeting Hall,72,28.29,75.25,No,Day,ON,ON,ON,78.9
Floor,46,21.21,34.55,No,Night,ON,OFF,OFF,53.73
Office,56,34.53,60.53,No,Day,OFF,ON,ON,56.19
Corridor,57,24.95,79.64,No,Day,OFF,ON,ON,51.62
Floor,92,28.61,33.33,No,Day,ON,ON,ON,83.03
Floor,100,23.98,77.35,Yes,Day,OFF,OFF,ON,67.95
Corridor,84,21.74,37.3,No,Night,ON,ON,ON,52.88
Floor,30,29.69,79.81,No,Day,OFF,OFF,ON,60.8
Corridor,52,33.97,44.45,Yes,Day,ON,ON,ON,57.71
Meeting Hall,85,19.01,69.68,Yes,Day,OFF,ON,ON,57.14
Corridor,63,32.03,31.39,No,Night,ON,ON,ON,57.89
Corridor,81,23.81,44.34,No,Night,ON,OFF,ON,53.88
Corridor,1,20.06,60.16,Yes,Day,OFF,ON,OFF,31.19
Floor,59,30.13,41.36,Yes,Day,ON,ON,ON,69.74
Floor,85,19.4,68.04,No,Day,ON,ON,ON,77.96
Corridor,100,30.37,63.78,No,Day,ON,ON,OFF,64.79
Floor,83,25.41,79.54,No,Day,OFF,OFF,ON,70.15
Office,47,20.8,59.22,No,Day,OFF,ON,ON,51.95
Office,47,20.67,68.41,No,Day,OFF,OFF,ON,38.91
Floor,60,30.72,33.73,No,Night,OFF,OFF,OFF,55.22
Floor,3,32.08,32.15,No,Day,ON,OFF,OFF,56.23
Corridor,25,29.66,59.08,No,Night,ON,ON,ON,44.67
Meeting Hall,83,30.25,79.27,Yes,Day,ON,ON,ON,74.32
Floor,21,32.42,43.44,No,Night,ON,OFF,ON,61.35
Office,42,25.29,30.09,No,Day,ON,OFF,ON,61.69
Corridor,19,20.85,47.05,No,Day,ON,ON,ON,50.73
Floor,92,24.41,66.95,No,Night,ON,ON,OFF,73.32
Office,47,34.65,70.11,Yes,Day,OFF,OFF,ON,46.45
Office,94,25.62,69.05,No,Day,ON,ON,ON,69.5
Meeting Hall,60,33.71,34.05,No,Day,OFF,OFF,ON,54.48
Corridor,22,29.95,68.54,No,Night,OFF,ON,OFF,33.12
Corridor,60,30.54,34.08,No,Day,OFF,ON,ON,46.71
Meeting Hall,79,21.23,79.36,No,Night,OFF,ON,OFF,46.15
Meeting Hall,62,24.27,48.52,No,Day,ON,ON,OFF,63.38
Corridor,18,30.45,64.67,No,Day,ON,ON,ON,52.39
Corridor,74,29.14,54.23,Yes,Day,OFF,OFF,ON,43.72
Floor,75,32.66,42.03,No,Day,ON,OFF,ON,77.85
Floor,99,21.57,60.54,No,Day,OFF,OFF,OFF,65.29
Meeting Hall,12,30.72,30.8,No,Day,ON,OFF,OFF,53.21
Floor,1,18.67,55.26,No,Day,ON,ON,ON,58.76
Office,50,23.1,31.95,No,Day,ON,ON,ON,59.73
Floor,74,28.72,58.39,No,Day,OFF,OFF,ON,70.7
Floor,0,34.66,52.86,No,Night,OFF,ON,ON,59.28
Office,40,34.82,74.74,No,Night,OFF,ON,OFF,42.72
Meeting Hall,9,25.47,78.3,No,Night,OFF,OFF,OFF,27.21
Office,2,31.0,62.56,Yes,Day,ON,ON,ON,52.08
Floor,7,28.21,39.26,Yes,Night,ON,OFF,ON,55.8
Meeting Hall,79,30.05,56.18,No,Day,OFF,OFF,OFF,59.02
Floor,35,30.44,30.08,Yes,Day,ON,ON,ON,73.95
Office,39,27.3,68.4,Yes,Night,ON,ON,ON,53.01
Office,38,31.84,32.06,No,Night,ON,OFF,ON,49.19
Floor,83,27.94,70.38,No,Day,ON,ON,ON,84.66
Corridor,46,19.71,43.23,No,Day,OFF,ON,OFF,35.09
Corridor,59,34.82,42.5,No,Day,ON,ON,ON,60.12
Office,7,23.17,34.48,No,Day,OFF,OFF,ON,33.05
Office,73,34.39,64.29,No,Night,OFF,OFF,ON,51.81
Corridor,36,22.97,48.3,Yes,Day,ON,OFF,OFF,36.55
Corridor,62,32.5,34.5,No,Night,ON,OFF,ON,52.07
Floor,95,29.72,46.05,No,Day,ON,OFF,OFF,77.75
Floor,26,24.07,76.11,No,Night,OFF,ON,ON,55.89
Corridor,94,33.95,31.75,No,Night,ON,OFF,ON,62.66
Floor,2,27.91,63.45,No,Day,ON,ON,ON,68.95
Floor,38,32.11,55.05,Yes,Day,OFF,ON,OFF,56.96
Meeting Hall,5,31.55,59.88,No,Night,ON,OFF,ON,55.63
Floor,80,18.79,49.58,No,Day,OFF,ON,ON,65.25
Office,9,22.57,54.08,No,Day,OFF,OFF,OFF,30.92
Floor,84,26.03,67.96,Yes,Day,ON,ON,ON,78.59
Floor,28,33.86,54.16,No,Day,ON,OFF,OFF,66.66
Corridor,28,19.06,48.81,No,Night,ON,ON,ON,43.9
Office,19,21.16,43.79,Yes,Day,OFF,ON,ON,33.58
Floor,78,28.62,52.53,No,Night,OFF,ON,ON,61.3
Floor,65,29.1,58.79,No,Day,ON,ON,OFF,71.71
Meeting Hall,96,20.79,48.72,No,Night,ON,ON,ON,67.12
Floor,11,34.12,75.05,No,Day,OFF,OFF,ON,55.41
Floor,12,21.01,79.8,No,Day,ON,OFF,ON,58.21
Meeting Hall,38,21.1,40.21,No,Day,OFF,ON,ON,49.49
Corridor,38,28.8,62.21,No,Night,ON,ON,OFF,42.94
Floor,44,25.16,40.31,Yes,Day,ON,ON,ON,66.94
Meeting Hall,84,18.44,57.05,No,Night,OFF,ON,OFF,49.39
Office,40,33.65,49.66,Yes,Day,ON,OFF,OFF,49.96
Corridor,79,19.28,42.27,Yes,Day,ON,ON,OFF,54.18
Office,97,20.66,47.1,No,Night,ON,OFF,ON,57.42
Office,90,33.25,36.17,No,Day,ON,ON,ON,68.72
Meeting Hall,42,22.68,33.97,No,Day,OFF,ON,ON,54.23
Floor,61,31.9,52.51,No,Day,ON,OFF,ON,76.78
Meeting Hall,2,20.9,70.76,No,Day,OFF,ON,ON,48.79
Meeting Hall,8,18.82,64.15,Yes,Day,OFF,OFF,ON,39.93
Meeting Hall,43,21.99,59.77,No,Day,OFF,OFF,OFF,45.68
Meeting Hall,33,30.61,51.03,No,Day,OFF,OFF,ON,56.32
Corridor,18,29.26,53.43,No,Night,ON,ON,ON,50.18
Floor,89,23.28,31.07,No,Night,OFF,OFF,OFF,51.66
Office,86,28.77,77.01,No,Day,ON,OFF,ON,63.17
Office,17,29.3,45.54,No,Day,ON,ON,ON,50.98
Floor,45,27.6,75.72,Yes,Day,ON,ON,ON,74.39
Office,40,33.9,65.81,No,Night,ON,ON,ON,53.11
Floor,48,31.49,58.09,No,Day,ON,ON,ON,76.92
Office,51,31.87,52.26,No,Day,ON,OFF,ON,61.85
Meeting Hall,73,25.24,46.15,Yes,Night,ON,ON,ON,64.54
Office,42,29.63,61.92,No,Day,ON,OFF,ON,56.04
Floor,9,21.12,78.51,Yes,Night,ON,ON,ON,60.41
Floor,84,23.03,70.22,No,Day,OFF,ON,ON,71.08
Floor,37,26.54,49.56,No,Day,ON,OFF,ON,74.26
Floor,37,31.88,54.11,Yes,Night,ON,ON,ON,61.83
Floor,46,23.73,53.42,No,Day,ON,ON,OFF,68.02
Corridor,6,25.48,42.98,Yes,Night,ON,OFF,ON,32.22
Corridor,11,34.27,72.36,No,Day,ON,OFF,ON,53.4
Office,51,22.83,64.64,No,Night,ON,OFF,OFF,41.42
Floor,32,28.51,59.88,Yes,Day,ON,OFF,OFF,61.85
Office,88,19.71,51.67,Yes,Day,ON,OFF,ON,58.72
Floor,91,25.0,41.95,No,Day,ON,ON,OFF,81.56
Floor,23,23.61,61.99,Yes,Day,OFF,OFF,ON,47.83
Corridor,47,18.22,41.84,Yes,Day,ON,OFF,OFF,40.22
Corridor,30,27.95,30.44,No,Day,OFF,ON,ON,48.41
Meeting Hall,81,23.63,33.33,No,Day,OFF,ON,ON,63.82
Corridor,22,22.28,64.7,No,Day,ON,ON,OFF,48.73
Meeting Hall,70,33.17,48.88,Yes,Day,OFF,OFF,ON,53.86
Meeting Hall,71,21.9,40.32,No,Day,OFF,ON,ON,54.74
Meeting Hall,14,24.89,41.89,Yes,Day,OFF,OFF,OFF,37.6
Meeting Hall,37,34.14,54.72,Yes,Night,ON,ON,ON,60.5
Meeting Hall,27,19.37,75.27,No,Day,ON,OFF,OFF,47.21
Office,90,33.95,43.44,No,Day,ON,ON,ON,71.49
Corridor,20,24.63,62.77,Yes,Day,ON,ON,OFF,40.5
Meeting Hall,26,31.45,71.28,No,Night,OFF,OFF,ON,45.51
Floor,46,24.05,54.43,No,Day,OFF,ON,ON,63.15
Corridor,55,25.06,31.35,No,Day,ON,ON,ON,57.26
Corridor,13,25.44,69.81,No,Day,OFF,ON,OFF,39.29
Meeting Hall,20,34.1,73.97,No,Day,OFF,ON,ON,59.14
Office,13,27.35,31.55,Yes,Night,ON,ON,ON,40.34
Meeting Hall,69,21.69,35.81,Yes,Day,ON,OFF,ON,66.31
Office,75,28.4,34.35,No,Day,ON,OFF,ON,61.44
Floor,27,33.12,41.06,Yes,Night,OFF,OFF,ON,49.32
Corridor,92,21.64,54.8,No,Day,OFF,ON,OFF,47.99
Floor,36,23.74,31.67,No,Night,ON,ON,ON,62.9
Office,66,27.71,38.45,No,Day,ON,ON,ON,63.69
Office,32,34.78,50.36,No,Night,OFF,OFF,OFF,29.18
Floor,11,25.91,61.65,No,Night,OFF,ON,ON,49.67
Office,11,27.93,75.48,No,Day,ON,OFF,OFF,52.24
Floor,74,20.3,71.49,No,Night,ON,ON,OFF,66.45
Corridor,91,30.89,32.7,Yes,Day,OFF,ON,ON,52.82
Floor,50,21.74,78.35,No,Day,ON,ON,OFF,71.82
Corridor,34,23.57,43.35,Yes,Day,ON,OFF,ON,43.41
Floor,97,30.06,48.18,No,Day,OFF,ON,OFF,72.81
Office,85,30.12,33.73,No,Night,ON,ON,ON,66.17
Floor,86,23.42,76.8,No,Day,OFF,OFF,ON,69.51
Office,11,32.46,57.3,No,Night,ON,OFF,OFF,34.17
Floor,18,31.51,55.82,No,Day,ON,ON,OFF,64.83
Floor,94,28.47,30.76,No,Day,ON,ON,ON,86.14
Meeting Hall,58,21.04,30.17,No,Day,ON,ON,ON,67.21
Office,12,33.38,64.11,No,Day,ON,ON,ON,59.52
Meeting Hall,18,26.97,54.11,No,Night,OFF,OFF,OFF,30.18
Office,35,24.4,55.38,No,Night,ON,ON,ON,51.21
Meeting Hall,85,33.76,62.51,No,Night,OFF,OFF,OFF,51.21
Corridor,93,34.52,37.3,Yes,Night,ON,ON,ON,58.16
Floor,3,30.19,79.92,No,Day,ON,ON,ON,67.64
Office,12,31.45,34.04,No,Day,ON,OFF,ON,53.58
Office,83,22.2,43.39,No,Day,OFF,ON,OFF,50.02
Floor,5,22.4,64.69,Yes,Day,ON,OFF,OFF,53.34
Office,43,27.68,55.8,No,Day,ON,OFF,ON,59.29
Office,75,34.71,34.83,No,Day,OFF,ON,OFF,50.55
Meeting Hall,79,30.63,68.74,Yes,Day,ON,ON,OFF,69.42
Office,80,30.68,78.52,No,Day,ON,ON,OFF,67.25
Corridor,7,22.38,53.65,No,Night,ON,OFF,OFF,29.6
Corridor,32,25.14,42.66,No,Day,ON,ON,OFF,50.09
Floor,51,23.82,35.34,No,Day,ON,ON,ON,73.47
Office,75,23.14,40.26,No,Day,OFF,ON,ON,48.56
Floor,89,30.43,45.56,No,Night,OFF,OFF,OFF,59.34
Corridor,82,19.7,39.4,No,Night,OFF,ON,OFF,34.57
Office,12,20.81,64.22,Yes,Day,ON,ON,ON,46.93
Office,9,25.01,31.15,Yes,Day,OFF,OFF,OFF,31.3
Floor,33,23.15,50.46,No,Night,ON,ON,OFF,57.36
Corridor,94,33.36,48.71,No,Day,ON,ON,ON,74.44
Office,26,21.41,73.9,Yes,Night,ON,OFF,ON,38.24
Floor,57,22.23,43.64,No,Night,OFF,OFF,OFF,49.12
Corridor,66,21.03,59.12,No,Day,ON,ON,ON,59.59
Floor,43,32.59,30.23,Yes,Day,ON,ON,ON,71.95
Meeting Hall,68,21.44,75.85,No,Day,OFF,ON,ON,59.65
Office,4,23.99,61.83,Yes,Day,ON,ON,OFF,37.87
Meeting Hall,36,29.38,69.68,No,Night,ON,OFF,ON,57.97
Corridor,70,19.32,58.47,No,Night,ON,ON,OFF,48.8
Meeting Hall,55,31.88,70.78,No,Night,OFF,OFF,ON,44.44
Meeting Hall,50,30.01,34.22,Yes,Day,ON,ON,ON,67.29
Corridor,55,22.44,65.52,No,Day,ON,OFF,ON,50.23
Floor,41,24.66,37.44,No,Day,OFF,ON,OFF,59.45
Meeting Hall,12,28.54,58.82,No,Day,ON,OFF,ON,54.58
Floor,33,34.09,79.29,Yes,Day,ON,ON,ON,74.15
Meeting Hall,99,28.7,39.03,No,Day,OFF,OFF,OFF,52.78
Floor,33,22.3,42.81,No,Day,ON,ON,OFF,61.66
Corridor,52,26.2,40.57,No,Night,ON,ON,ON,54.19
Meeting Hall,2,25.64,50.61,No,Day,ON,OFF,ON,55.51
Corridor,73,27.05,54.43,No,Night,ON,ON,ON,57.45
Meeting Hall,98,26.82,38.0,No,Day,OFF,ON,ON,66.83
Corridor,36,24.19,31.39,Yes,Day,ON,OFF,ON,45.41
Corridor,51,32.82,47.08,No,Night,ON,OFF,ON,54.46
Meeting Hall,5,23.61,49.1,Yes,Night,OFF,ON,ON,35.88
Meeting Hall,20,27.01,49.14,No,Day,ON,ON,ON,62.01
Meeting Hall,44,22.43,63.25,No,Day,ON,ON,ON,68.5
Office,4,25.39,52.44,No,Day,ON,OFF,ON,47.01
Floor,2,29.58,35.39,Yes,Day,ON,ON,OFF,55.76
Office,19,30.88,76.62,No,Night,ON,OFF,ON,46.3
Office,93,31.71,65.03,No,Day,ON,ON,OFF,66.18
Corridor,75,30.53,40.64,Yes,Day,ON,ON,OFF,51.04
Meeting Hall,60,25.93,76.76,Yes,Night,OFF,ON,ON,44.95
Floor,34,18.64,79.58,Yes,Day,OFF,OFF,ON,52.0
Corridor,31,26.92,39.87,No,Day,ON,ON,ON,54.74
Office,18,18.94,49.03,No,Day,ON,ON,ON,53.07
Meeting Hall,14,34.43,33.45,No,Day,ON,ON,ON,60.57
Corridor,73,24.43,54.12,Yes,Day,ON,ON,OFF,55.98
Meeting Hall,56,26.56,69.38,No,Day,OFF,ON,ON,54.48
Corridor,25,20.2,75.2,No,Day,OFF,ON,ON,43.15
Meeting Hall,69,34.93,57.26,No,Night,ON,OFF,OFF,59.23
Office,89,26.37,46.3,No,Night,ON,ON,ON,60.82
Floor,1,23.07,58.74,Yes,Day,ON,ON,ON,57.48
Office,48,21.28,35.78,Yes,Day,ON,OFF,ON,48.51
Floor,47,29.05,71.76,Yes,Day,OFF,ON,OFF,56.62
Meeting Hall,31,25.42,56.03,Yes,Day,OFF,OFF,ON,48.86
Corridor,2,23.39,79.12,Yes,Night,ON,ON,ON,34.98
Office,82,18.16,50.05,Yes,Day,ON,ON,ON,57.17
Floor,99,18.62,62.68,No,Day,ON,ON,ON,83.49
Office,19,29.79,47.0,No,Day,OFF,ON,ON,45.03
Floor,93,26.17,37.38,No,Day,OFF,ON,ON,70.57
Office,36,32.43,67.74,No,Day,ON,ON,ON,56.25
Floor,19,30.81,63.62,No,Night,OFF,OFF,OFF,50.58
Floor,59,27.75,69.02,Yes,Night,ON,ON,OFF,62.75
Meeting Hall,97,27.54,79.01,No,Night,ON,ON,OFF,70.78
Floor,58,30.67,79.67,Yes,Night,OFF,ON,ON,60.61
Meeting Hall,80,30.6,76.45,No,Night,ON,OFF,ON,68.99
Floor,41,23.69,74.74,No,Day,OFF,ON,ON,68.97
Corridor,22,19.79,45.08,No,Day,ON,ON,ON,51.55
Corridor,40,31.12,53.42,Yes,Night,ON,OFF,ON,48.05
Corridor,72,21.79,32.34,Yes,Day,ON,OFF,ON,55.34
Floor,26,31.45,64.21,No,Day,ON,ON,ON,71.52
Meeting Hall,80,28.51,57.3,Yes,Day,ON,OFF,ON,66.8
Meeting Hall,45,24.09,65.35,No,Day,ON,ON,ON,70.18
Floor,16,32.49,64.04,No,Day,ON,OFF,ON,66.76
Corridor,1,29.75,43.6,No,Day,ON,OFF,OFF,39.3
Corridor,14,27.27,53.05,No,Day,OFF,OFF,ON,36.98
Meeting Hall,74,23.12,35.25,No,Night,ON,OFF,OFF,52.98
Corridor,56,34.77,34.23,Yes,Day,OFF,ON,OFF,43.33
Office,100,32.26,53.0,No,Night,ON,ON,OFF,60.72
Meeting Hall,40,20.32,57.79,No,Day,ON,ON,OFF,55.25
Corridor,72,31.71,45.94,No,Day,ON,ON,ON,65.87
Meeting Hall,13,20.04,33.08,Yes,Day,ON,ON,ON,51.93
Office,7,22.21,63.08,No,Day,ON,OFF,OFF,44.4
Meeting Hall,75,34.28,63.87,No,Day,ON,ON,ON,76.92
Meeting Hall,6,32.79,46.04,No,Night,ON,ON,ON,56.72
Meeting Hall,66,28.3,30.04,No,Night,OFF,ON,ON,53.19
Meeting Hall,25,29.89,61.79,Yes,Night,ON,OFF,ON,44.34
Office,2,19.52,33.53,No,Day,OFF,ON,OFF,32.63
Floor,45,23.65,41.17,No,Day,ON,ON,ON,78.12
Meeting Hall,3,23.48,42.39,No,Day,OFF,OFF,ON,42.92
Meeting Hall,56,18.56,43.18,No,Day,ON,OFF,OFF,56.53
Corridor,95,29.97,60.83,Yes,Day,OFF,OFF,ON,51.54
Meeting Hall,45,23.23,33.96,No,Day,ON,OFF,OFF,54.3
Corridor,13,28.76,62.26,No,Day,ON,ON,OFF,50.61
Floor,2,18.46,54.24,No,Day,ON,OFF,OFF,54.63
Office,12,18.03,47.44,No,Day,ON,ON,OFF,42.05
Office,7,20.89,60.21,No,Day,OFF,ON,OFF,31.33
Floor,55,29.95,73.67,No,Day,OFF,ON,OFF,69.26
Office,1,28.27,57.2,Yes,Night,OFF,ON,ON,31.77
Floor,45,21.42,37.81,No,Day,ON,ON,ON,74.35
Floor,30,26.9,57.89,No,Day,OFF,ON,ON,59.03
Floor,90,28.53,52.68,No,Day,ON,ON,OFF,72.27
Office,80,33.96,77.03,No,Day,ON,ON,ON,69.08
Corridor,34,30.96,59.67,No,Night,OFF,OFF,ON,38.16
Floor,61,20.31,31.76,No,Night,ON,ON,OFF,59.18
Meeting Hall,45,22.59,36.04,No,Day,ON,OFF,OFF,50.7
Office,23,24.86,56.62,Yes,Day,ON,ON,OFF,44.92
Floor,64,19.79,69.76,No,Night,ON,OFF,ON,65.03
Floor,92,27.44,34.78,Yes,Day,ON,OFF,ON,78.71
Meeting Hall,89,33.42,58.27,No,Night,ON,OFF,ON,68.05
Corridor,43,23.21,52.63,Yes,Day,OFF,ON,ON,44.87
Corridor,98,34.74,48.14,No,Day,OFF,ON,ON,64.27
Corridor,50,22.24,34.1,No,Night,OFF,ON,OFF,29.28
Floor,87,26.03,73.98,No,Day,ON,ON,ON,89.43
Floor,45,23.83,68.16,No,Day,OFF,ON,ON,68.88
Floor,32,23.24,76.04,No,Day,OFF,OFF,OFF,51.54
Office,63,24.42,38.38,Yes,Day,ON,ON,ON,61.0
Meeting Hall,25,18.55,58.62,No,Night,ON,ON,OFF,52.07
Floor,100,27.04,30.96,No,Day,ON,ON,OFF,81.3
Meeting Hall,38,30.6,38.88,Yes,Day,ON,ON,ON,63.05
Meeting Hall,57,32.68,69.45,No,Night,ON,OFF,OFF,56.35
Corridor,25,23.51,44.35,No,Day,ON,OFF,OFF,37.74
Office,74,27.36,39.86,No,Day,ON,ON,ON,68.75
Floor,92,33.18,57.11,Yes,Night,ON,ON,ON,78.89
Corridor,92,31.6,62.77,No,Night,ON,OFF,ON,57.19
Corridor,66,25.89,60.52,Yes,Day,OFF,ON,ON,43.49
Floor,72,20.8,34.96,Yes,Day,OFF,OFF,ON,54.35
Meeting Hall,98,27.49,76.52,No,Night,ON,OFF,ON,66.14
Corridor,56,34.82,38.86,No,Night,ON,ON,OFF,49.72
Meeting Hall,69,30.88,76.27,No,Night,ON,ON,OFF,64.23
Office,72,32.42,54.19,Yes,Day,ON,ON,ON,68.01
Meeting Hall,7,21.21,35.15,No,Day,ON,OFF,ON,54.08
Office,90,33.37,37.43,No,Day,OFF,ON,OFF,59.3
Meeting Hall,33,18.24,51.54,No,Night,ON,ON,OFF,47.79
Corridor,87,32.66,79.9,No,Night,OFF,OFF,ON,48.62
Corridor,68,22.07,74.29,Yes,Day,OFF,OFF,ON,42.82
Office,9,28.59,79.01,No,Day,ON,ON,ON,50.92
Floor,83,22.98,52.74,No,Day,ON,ON,ON,83.97
Office,21,20.3,63.99,Yes,Night,ON,ON,OFF,33.73
Office,11,22.2,55.96,Yes,Day,ON,ON,ON,45.66
Meeting Hall,28,26.04,31.48,Yes,Day,ON,ON,ON,57.32
Meeting Hall,30,33.63,37.09,Yes,Day,OFF,OFF,ON,53.96
Office,5,24.61,44.27,No,Day,OFF,ON,OFF,32.03
Corridor,6,18.95,45.66,No,Day,OFF,ON,ON,35.2
Meeting Hall,96,18.4,64.74,Yes,Night,ON,ON,ON,62.5
Floor,78,21.57,66.04,Yes,Night,ON,ON,OFF,61.65
Meeting Hall,12,18.88,52.53,No,Day,ON,OFF,OFF,48.55
Meeting Hall,62,24.31,48.95,No,Day,ON,OFF,ON,60.83
Floor,23,24.53,38.85,No,Night,ON,OFF,ON,61.69
Office,93,34.53,32.05,No,Day,ON,OFF,OFF,62.61
Floor,96,23.21,59.27,No,Day,ON,OFF,ON,80.17
Office,83,28.18,47.4,Yes,Night,OFF,ON,ON,50.76
Office,18,31.92,53.84,Yes,Night,OFF,ON,ON,39.57
Office,82,26.72,75.04,No,Night,ON,OFF,ON,55.9
Floor,87,29.84,63.38,No,Day,OFF,ON,ON,69.81
Office,68,34.56,68.94,No,Day,ON,ON,OFF,63.45
Corridor,21,23.51,39.0,No,Day,ON,ON,ON,49.5
Floor,59,19.26,30.08,No,Day,OFF,ON,OFF,55.18
Corridor,21,25.32,36.77,Yes,Night,ON,ON,ON,40.68
Office,91,27.19,68.4,No,Day,OFF,OFF,OFF,51.63
Meeting Hall,16,27.86,52.19,Yes,Night,OFF,ON,OFF,33.96
Office,94,30.56,40.7,Yes,Day,OFF,OFF,OFF,47.96
Corridor,46,33.27,78.09,No,Day,OFF,ON,OFF,49.15
Corridor,6,26.5,54.34,No,Night,ON,ON,OFF,41.2
Floor,16,20.44,48.45,No,Day,ON,ON,ON,63.73
Meeting Hall,75,24.86,78.86,No,Day,ON,ON,ON,76.68
Floor,61,20.64,36.68,Yes,Day,ON,OFF,ON,65.41
Corridor,62,21.1,59.98,Yes,Day,ON,ON,OFF,45.24
Office,6,18.03,67.45,No,Day,OFF,ON,ON,40.61
Meeting Hall,28,33.81,77.04,No,Day,ON,ON,ON,65.76
Office,71,30.67,71.7,No,Day,OFF,ON,ON,53.47
Office,3,19.7,44.47,No,Night,OFF,ON,OFF,23.97
Meeting Hall,15,33.64,43.02,No,Day,ON,ON,OFF,56.32
Floor,79,32.8,34.88,No,Day,ON,ON,OFF,78.55
Office,85,33.47,38.37,Yes,Day,ON,OFF,ON,63.1
Corridor,74,19.65,66.5,No,Day,ON,OFF,ON,58.33
Office,58,19.36,44.46,No,Day,ON,ON,ON,53.62
Meeting Hall,40,19.15,52.09,No,Day,ON,ON,ON,61.42
Meeting Hall,59,34.44,64.52,No,Day,OFF,OFF,ON,54.92
Meeting Hall,74,29.23,63.25,No,Night,ON,OFF,ON,64.78
Floor,68,21.03,69.66,No,Night,OFF,ON,OFF,57.29
Office,57,33.8,32.92,Yes,Night,OFF,ON,ON,43.21
Floor,75,25.53,58.61,No,Day,ON,ON,ON,79.05
Floor,39,31.35,74.61,Yes,Day,ON,ON,OFF,63.89
Meeting Hall,88,28.82,48.66,No,Night,OFF,ON,ON,63.27
Meeting Hall,57,29.04,39.57,Yes,Day,OFF,ON,ON,58.55
Floor,60,25.48,33.44,Yes,Night,ON,OFF,ON,63.7
Office,44,24.71,76.99,No,Day,ON,ON,ON,62.22
Corridor,76,20.75,30.19,No,Day,ON,ON,OFF,53.9
Floor,47,19.2,69.6,Yes,Night,ON,OFF,ON,63.7
Office,89,33.78,43.22,Yes,Night,ON,OFF,OFF,53.25
Meeting Hall,10,33.92,42.12,No,Night,ON,ON,OFF,48.57
Meeting Hall,55,28.9,37.88,No,Night,OFF,ON,ON,47.5
Office,22,24.6,39.69,No,Day,ON,ON,ON,46.17
Corridor,76,18.43,55.7,Yes,Day,ON,ON,ON,54.27
Meeting Hall,32,25.61,73.77,No,Night,ON,ON,ON,59.71
Meeting Hall,51,29.2,48.38,Yes,Day,OFF,ON,ON,58.08
Meeting Hall,27,23.1,67.28,Yes,Day,ON,ON,ON,57.73
Office,3,23.82,42.33,No,Day,OFF,OFF,ON,32.42
Floor,91,26.03,75.21,No,Day,ON,ON,OFF,74.92
Meeting Hall,97,26.41,75.7,No,Day,ON,ON,ON,78.35
Floor,50,30.63,35.41,No,Day,ON,ON,ON,77.53
Corridor,9,26.5,71.94,No,Night,OFF,OFF,OFF,16.42
Meeting Hall,51,32.37,65.09,No,Night,ON,OFF,ON,60.69
Meeting Hall,71,26.21,49.69,No,Day,ON,OFF,ON,70.53
Corridor,8,18.54,71.74,No,Day,OFF,OFF,OFF,26.9
Meeting Hall,17,20.4,75.17,No,Day,OFF,ON,ON,49.36
Floor,65,30.21,54.82,No,Day,ON,ON,ON,81.66
Office,81,25.68,55.44,No,Day,OFF,ON,ON,58.28
Floor,39,25.84,65.21,Yes,Day,ON,ON,ON,67.96
Office,65,34.63,42.21,No,Day,ON,ON,ON,71.88
Office,21,27.71,33.84,Yes,Day,ON,ON,ON,52.44
Floor,79,19.99,56.43,No,Day,ON,ON,ON,78.73
Floor,100,25.37,46.02,Yes,Day,ON,ON,ON,81.25
Floor,95,27.54,36.14,No,Day,ON,OFF,OFF,73.44
Floor,73,18.64,37.01,No,Day,ON,ON,ON,80.1
Corridor,33,24.2,40.65,Yes,Day,ON,ON,ON,52.69
Meeting Hall,47,34.45,46.89,No,Night,ON,ON,OFF,58.11
Office,15,30.77,51.84,No,Day,ON,OFF,ON,53.63
Floor,48,24.33,77.83,No,Night,ON,OFF,ON,71.15
Floor,97,22.46,54.26,No,Day,ON,ON,ON,84.84
Floor,100,22.81,75.67,No,Night,OFF,ON,OFF,58.13
Corridor,62,32.08,57.31,Yes,Day,ON,OFF,OFF,51.42
Floor,39,24.83,37.9,No,Night,ON,ON,OFF,54.22
Floor,55,32.33,72.15,Yes,Day,ON,OFF,OFF,63.95
Floor,97,33.45,30.82,Yes,Night,OFF,ON,ON,66.41
Meeting Hall,76,25.89,58.19,Yes,Day,ON,ON,ON,69.8
Corridor,47,34.07,47.09,No,Day,ON,OFF,OFF,54.05
Floor,36,23.1,51.91,No,Night,ON,ON,ON,70.4
Office,11,22.42,69.87,Yes,Day,OFF,ON,ON,38.5
Office,78,19.82,30.27,Yes,Night,ON,ON,ON,51.96
Office,93,22.18,39.12,No,Day,ON,OFF,ON,64.69
Corridor,94,31.14,70.63,Yes,Day,ON,ON,ON,63.46
Corridor,92,24.86,57.27,Yes,Night,ON,ON,ON,52.11
Office,97,20.52,42.92,Yes,Day,ON,ON,ON,61.32
Floor,31,19.82,54.89,No,Day,OFF,OFF,ON,54.59
Corridor,22,26.33,50.15,No,Night,ON,ON,ON,42.1
Office,73,27.17,68.44,No,Night,ON,ON,ON,58.53
Office,71,31.51,67.83,No,Night,ON,ON,ON,62.84
Floor,20,30.15,53.16,No,Day,ON,OFF,ON,69.47
Meeting Hall,74,20.84,43.79,No,Day,ON,OFF,OFF,57.76
Corridor,11,22.71,30.6,No,Day,ON,ON,ON,44.59
Floor,48,29.79,53.63,No,Day,OFF,OFF,ON,58.51
Office,46,21.07,59.63,Yes,Night,ON,ON,ON,48.02
Office,82,31.65,60.27,Yes,Day,ON,ON,ON,67.05
Floor,97,29.18,73.4,No,Day,OFF,OFF,ON,71.8
Corridor,61,27.12,53.37,No,Day,ON,ON,OFF,49.27
Meeting Hall,37,28.95,66.02,No,Night,OFF,OFF,ON,47.67
Meeting Hall,97,19.7,36.36,No,Night,ON,OFF,OFF,57.24
Office,25,27.32,68.2,No,Day,ON,ON,OFF,48.73
Corridor,39,25.67,52.26,Yes,Day,ON,ON,ON,47.98
Meeting Hall,15,26.72,64.72,No,Night,ON,OFF,ON,55.92
Corridor,18,23.74,71.76,No,Day,ON,ON,ON,50.84
Corridor,49,25.96,42.7,No,Day,OFF,ON,ON,44.3
Office,55,33.02,63.33,No,Day,OFF,ON,OFF,51.34
Meeting Hall,28,23.86,36.16,No,Day,ON,ON,OFF,51.45
Floor,37,18.76,35.58,Yes,Day,OFF,OFF,ON,50.63
Office,60,22.36,44.18,No,Night,ON,ON,ON,54.69
Meeting Hall,35,25.72,36.55,Yes,Day,OFF,OFF,ON,46.27
Meeting Hall,84,27.07,52.65,No,Day,ON,OFF,ON,70.9
Meeting Hall,9,25.26,73.38,No,Night,OFF,ON,ON,41.81
Meeting Hall,46,32.05,33.72,No,Night,ON,ON,OFF,54.48
Meeting Hall,86,33.56,48.17,No,Day,OFF,OFF,ON,68.57
Corridor,43,26.28,40.39,No,Day,OFF,OFF,OFF,33.74
Office,61,19.29,52.94,No,Day,ON,ON,ON,58.63
Corridor,6,25.16,61.71,No,Day,ON,ON,OFF,37.18
Floor,68,21.08,72.65,No,Day,OFF,ON,OFF,67.28
Meeting Hall,18,22.82,31.18,No,Day,ON,ON,OFF,52.11
Office,32,32.16,58.41,No,Day,ON,ON,ON,61.49
Meeting Hall,23,27.1,64.49,Yes,Day,ON,OFF,ON,60.43
Office,22,32.09,36.74,No,Day,OFF,ON,ON,45.5
Corridor,85,34.76,76.88,No,Day,ON,OFF,ON,63.09
Office,99,27.27,34.05,Yes,Day,ON,OFF,OFF,57.6
Floor,52,33.51,46.01,Yes,Day,OFF,ON,ON,66.29
Floor,20,29.62,41.93,Yes,Day,ON,ON,ON,72.44
Office,81,19.73,33.39,No,Day,ON,OFF,OFF,53.5
Office,90,25.1,65.0,No,Day,ON,OFF,ON,66.99
Office,36,29.2,55.56,No,Day,OFF,OFF,ON,46.06
Office,48,29.99,51.36,Yes,Day,ON,ON,ON,55.7
Floor,24,32.63,39.97,No,Night,ON,ON,ON,61.84
Meeting Hall,38,28.83,52.14,Yes,Night,OFF,OFF,OFF,37.91
Office,29,19.53,75.06,No,Day,ON,ON,OFF,45.44
Office,42,20.42,47.76,No,Night,OFF,OFF,ON,36.72
Floor,77,23.58,55.44,Yes,Day,ON,ON,ON,76.13
Floor,97,23.0,76.43,No,Day,OFF,OFF,ON,70.47
Corridor,53,21.77,64.56,Yes,Night,ON,ON,ON,44.75
Office,31,28.49,32.09,No,Day,OFF,OFF,ON,40.88
Corridor,94,25.31,46.62,No,Day,ON,ON,OFF,61.01
Floor,48,29.64,78.82,No,Day,ON,OFF,ON,73.28
Floor,1,24.58,73.26,Yes,Day,OFF,ON,ON,52.15
Meeting Hall,46,22.66,74.13,Yes,Day,ON,ON,ON,66.53
Office,98,27.36,76.7,No,Day,OFF,ON,ON,63.76
Corridor,22,19.64,61.68,Yes,Day,ON,OFF,ON,40.6
Floor,5,34.81,69.01,No,Day,ON,ON,ON,70.8
Floor,84,29.15,62.68,No,Day,OFF,ON,ON,72.67
Corridor,89,20.08,56.42,Yes,Night,ON,ON,ON,49.14
Meeting Hall,93,28.58,55.99,Yes,Night,OFF,ON,ON,57.96
Floor,40,19.27,30.65,No,Day,ON,ON,OFF,58.33
Office,41,26.61,41.59,No,Day,ON,ON,ON,59.86
Floor,93,22.94,31.45,No,Night,OFF,OFF,ON,66.06
Office,52,29.91,52.49,No,Day,ON,ON,ON,66.16
Corridor,71,26.28,66.07,No,Day,ON,OFF,ON,55.36
Office,38,31.36,76.91,Yes,Day,OFF,OFF,ON,50.33
Corridor,96,21.91,30.68,No,Night,ON,OFF,OFF,49.01
Office,9,29.16,54.53,No,Day,ON,OFF,OFF,40.79
Corridor,81,29.69,64.99,Yes,Day,OFF,ON,ON,47.91
Office,99,26.12,63.36,No,Day,OFF,OFF,ON,55.13
Meeting Hall,49,32.59,67.64,Yes,Day,ON,ON,ON,67.65
Office,74,20.49,72.26,Yes,Day,ON,ON,ON,61.19
Office,7,30.89,75.71,No,Day,OFF,OFF,ON,40.12
Meeting Hall,0,20.24,39.02,No,Day,ON,OFF,OFF,42.79
Floor,71,20.67,77.76,Yes,Day,ON,ON,ON,75.47
Floor,68,21.43,70.29,No,Day,OFF,ON,OFF,59.78
Office,0,29.24,75.0,No,Night,ON,ON,ON,46.79
Meeting Hall,66,28.86,47.16,No,Night,ON,ON,ON,67.36
Office,26,25.58,79.93,No,Day,OFF,OFF,ON,42.82
Corridor,60,23.35,30.61,Yes,Day,OFF,ON,OFF,41.37
Corridor,47,28.42,73.53,No,Day,OFF,ON,ON,48.99
Office,22,20.45,63.95,No,Day,ON,ON,ON,49.92
Floor,43,28.69,36.89,No,Night,ON,OFF,OFF,63.59
Floor,39,18.2,71.56,Yes,Day,OFF,OFF,OFF,48.65
Office,10,20.46,69.66,Yes,Day,ON,OFF,OFF,36.99
Office,10,30.03,56.98,Yes,Night,OFF,ON,ON,34.03
Corridor,99,32.86,61.69,No,Night,ON,OFF,OFF,51.9
Floor,30,19.29,36.37,No,Day,OFF,ON,OFF,51.7
Office,59,28.86,52.9,No,Day,ON,OFF,OFF,51.97
Corridor,54,19.05,31.98,No,Day,ON,ON,OFF,51.64
Floor,23,32.94,58.86,No,Night,ON,ON,OFF,62.3
Meeting Hall,61,24.66,52.59,No,Night,OFF,ON,ON,52.78
Corridor,18,30.6,34.28,No,Day,ON,ON,ON,51.17
Floor,95,20.94,50.59,Yes,Day,ON,ON,OFF,72.36
Floor,39,32.64,51.89,No,Day,ON,OFF,ON,68.7
Corridor,16,25.3,66.88,No,Day,ON,ON,ON,53.03
Meeting Hall,49,21.55,32.67,Yes,Day,OFF,ON,OFF,42.74
Corridor,98,27.73,60.7,No,Day,ON,ON,ON,66.53
Floor,11,22.9,55.64,No,Day,ON,ON,ON,71.96
Office,14,22.88,43.75,No,Night,ON,OFF,ON,42.45
Office,38,19.95,67.22,No,Day,OFF,ON,ON,42.44
Corridor,12,21.64,58.15,No,Day,OFF,OFF,OFF,31.3
Floor,93,31.56,56.02,No,Day,ON,ON,OFF,75.88
Office,18,26.9,77.62,No,Night,ON,OFF,OFF,36.35
Floor,72,24.03,70.73,No,Day,ON,ON,OFF,75.15
Corridor,56,33.8,40.32,No,Night,OFF,OFF,ON,41.09
Office,91,31.56,49.4,No,Day,ON,ON,ON,69.52
Floor,59,23.27,63.14,No,Night,OFF,OFF,OFF,50.38
Office,55,19.88,57.5,No,Night,ON,ON,OFF,44.22
Corridor,24,21.13,51.54,No,Day,OFF,ON,ON,40.5
Floor,3,29.48,79.07,Yes,Night,ON,ON,OFF,53.72
Office,51,27.57,38.3,Yes,Day,OFF,OFF,OFF,41.17
Corridor,100,34.67,46.93,Yes,Day,ON,ON,ON,69.35
Office,6,18.23,49.81,No,Day,ON,ON,ON,47.32
Office,67,32.91,33.42,Yes,Day,OFF,OFF,ON,49.79
Meeting Hall,86,18.24,53.4,Yes,Night,ON,OFF,ON,50.74
Meeting Hall,69,25.22,56.23,No,Night,ON,OFF,OFF,58.84
Corridor,44,33.58,43.23,No,Day,OFF,ON,OFF,44.64
Meeting Hall,8,29.19,78.09,No,Day,ON,ON,ON,71.67
Corridor,8,27.92,56.77,Yes,Day,ON,ON,OFF,41.29
Meeting Hall,84,23.33,59.09,No,Day,ON,OFF,OFF,64.38
Office,2,34.42,74.69,No,Day,ON,OFF,ON,47.75
Corridor,76,20.86,43.71,No,Night,OFF,OFF,ON,36.61
Corridor,62,22.59,61.71,No,Day,ON,OFF,OFF,48.78
Office,81,25.7,52.46,No,Day,ON,OFF,OFF,55.5
Corridor,94,20.15,48.57,Yes,Night,ON,OFF,ON,53.67
Corridor,92,25.2,48.86,Yes,Day,ON,ON,ON,62.19
Meeting Hall,1,18.67,31.2,Yes,Day,OFF,OFF,ON,34.56
Corridor,30,33.71,71.06,No,Day,OFF,OFF,OFF,40.26
Floor,37,23.48,59.28,No,Day,ON,ON,ON,71.1
Office,6,28.77,76.63,No,Night,ON,ON,ON,49.08
Meeting Hall,9,32.8,72.27,Yes,Day,OFF,ON,OFF,40.06
Meeting Hall,76,31.91,79.24,No,Day,ON,OFF,ON,77.61
Floor,58,32.85,31.69,No,Day,ON,OFF,ON,76.79
Office,0,30.25,62.42,No,Day,ON,ON,OFF,48.66
Office,36,21.29,77.73,No,Night,ON,OFF,ON,44.19
Meeting Hall,24,24.23,68.43,Yes,Night,OFF,ON,ON,44.22
Corridor,93,26.7,45.86,No,Night,ON,OFF,ON,51.33
Meeting Hall,65,23.73,35.63,No,Day,OFF,OFF,ON,53.16
Office,99,34.24,63.41,Yes,Day,ON,OFF,ON,68.29
Floor,87,31.72,62.92,Yes,Day,ON,ON,ON,82.2
Meeting Hall,75,31.58,44.61,No,Day,OFF,OFF,ON,58.0
Office,4,24.14,70.28,No,Day,OFF,ON,ON,40.76
Meeting Hall,55,30.83,61.61,No,Day,OFF,ON,ON,60.01
Corridor,78,28.44,50.74,Yes,Night,ON,ON,ON,51.36
Meeting Hall,41,24.38,53.29,No,Day,OFF,OFF,ON,55.61
Meeting Hall,63,23.24,42.39,No,Day,ON,OFF,ON,62.25
Office,48,31.41,56.93,No,Day,ON,ON,ON,59.89
Office,45,28.15,55.1,No,Day,ON,OFF,ON,53.66
Office,70,18.63,77.16,Yes,Day,ON,ON,ON,56.77
Meeting Hall,1,18.37,55.47,No,Day,OFF,ON,ON,44.55
Corridor,66,32.31,68.87,No,Day,OFF,ON,OFF,50.0
Floor,3,19.53,60.71,No,Day,ON,ON,ON,68.74
Floor,61,26.83,41.26,No,Night,ON,OFF,ON,60.68
Office,79,28.35,32.48,No,Day,OFF,OFF,ON,48.9
Office,26,33.57,65.1,No,Day,ON,ON,ON,58.11
Meeting Hall,85,26.75,70.12,No,Day,ON,OFF,ON,69.59
Floor,66,21.3,73.74,No,Day,ON,ON,ON,73.27
Office,16,22.43,64.19,No,Night,ON,ON,OFF,39.62
Corridor,85,18.83,51.71,No,Day,OFF,ON,OFF,50.77
Corridor,51,21.77,54.63,No,Day,ON,OFF,ON,54.42
Office,70,31.86,68.02,No,Night,ON,OFF,ON,54.44
Office,56,30.87,38.91,Yes,Day,OFF,ON,ON,49.27
Floor,29,19.39,52.64,No,Day,ON,ON,OFF,61.73
Floor,71,26.15,32.7,Yes,Day,OFF,ON,ON,66.29
Meeting Hall,82,23.13,35.26,No,Day,ON,ON,ON,71.53
Floor,70,29.05,41.54,No,Night,OFF,OFF,ON,58.18
Corridor,64,34.34,61.5,No,Day,ON,ON,OFF,64.56
Corridor,15,28.72,76.0,No,Day,ON,OFF,ON,48.23
Office,94,30.68,48.25,No,Day,ON,ON,ON,70.01
Floor,26,24.77,55.02,No,Day,ON,ON,ON,75.14
Meeting Hall,73,18.56,58.53,Yes,Day,OFF,ON,ON,55.4
Corridor,97,25.11,44.23,No,Day,ON,ON,ON,67.05
Corridor,46,26.68,64.49,Yes,Day,ON,OFF,OFF,48.51
Meeting Hall,13,26.38,40.62,No,Day,ON,ON,OFF,54.42
Meeting Hall,1,21.97,39.47,No,Night,OFF,ON,OFF,30.15
Corridor,38,26.07,40.29,No,Day,OFF,OFF,ON,42.18
Corridor,54,30.21,53.96,Yes,Day,ON,OFF,OFF,40.35
Meeting Hall,85,23.3,42.51,Yes,Day,ON,OFF,OFF,65.76
Corridor,25,28.78,51.66,No,Night,ON,ON,ON,43.13
Office,43,20.6,48.84,No,Night,ON,ON,ON,49.27
Office,68,22.73,71.55,No,Night,ON,OFF,OFF,47.71
Meeting Hall,37,33.03,40.95,No,Day,ON,OFF,ON,56.82
Floor,79,28.65,45.3,No,Night,OFF,ON,ON,63.18
Meeting Hall,11,19.46,77.62,Yes,Day,OFF,ON,ON,49.12
Meeting Hall,16,22.5,42.23,No,Day,ON,ON,ON,62.27
Floor,24,34.9,69.84,No,Day,ON,ON,OFF,74.37
Floor,63,22.59,37.08,No,Night,OFF,ON,ON,57.71
Floor,87,27.87,59.34,No,Night,ON,ON,ON,81.11
Office,10,27.36,34.6,Yes,Night,ON,ON,ON,43.16
Corridor,17,24.84,50.5,No,Night,OFF,ON,OFF,27.0
Office,35,18.57,77.78,Yes,Day,ON,ON,OFF,47.11
Corridor,2,22.83,62.13,No,Day,ON,ON,ON,47.62
Office,82,34.21,40.38,Yes,Day,ON,ON,ON,68.16
Corridor,69,18.33,70.44,No,Night,ON,OFF,ON,43.84
Office,86,30.17,62.72,No,Day,ON,ON,ON,73.03
Floor,70,33.18,76.39,No,Night,ON,OFF,ON,66.93
Meeting Hall,8,30.96,41.44,No,Day,ON,OFF,OFF,49.13
Office,65,23.5,36.06,No,Day,OFF,ON,ON,46.78
Corridor,46,26.85,61.75,Yes,Day,ON,ON,ON,60.06
Floor,49,32.75,75.68,No,Day,ON,ON,OFF,85.54
Office,63,34.58,68.89,Yes,Night,ON,OFF,ON,59.26
Office,46,19.65,50.56,No,Day,ON,ON,ON,60.23
Floor,74,20.11,51.59,No,Day,OFF,ON,ON,64.59
Office,66,34.25,46.63,No,Day,ON,OFF,ON,60.42
Meeting Hall,41,32.83,75.87,No,Day,ON,OFF,OFF,60.99
Office,48,21.59,70.58,Yes,Day,ON,ON,OFF,48.28
Meeting Hall,29,34.49,43.37,Yes,Day,ON,OFF,ON,56.43
Meeting Hall,7,21.55,46.03,No,Night,ON,ON,ON,49.36
Floor,36,19.5,66.99,No,Day,ON,OFF,ON,60.4
Office,84,29.59,51.21,Yes,Day,ON,ON,OFF,57.1
Floor,7,27.18,60.49,Yes,Day,OFF,OFF,OFF,41.16
Office,62,22.07,37.77,No,Day,OFF,ON,ON,52.06
Office,10,33.78,71.33,No,Day,OFF,ON,OFF,37.81
Corridor,57,24.87,57.82,No,Day,OFF,ON,ON,47.46
Office,33,24.85,71.29,No,Day,OFF,OFF,ON,42.28
Floor,38,28.74,65.74,Yes,Day,OFF,ON,ON,62.17
Meeting Hall,15,21.92,51.45,No,Day,ON,ON,OFF,53.31
Office,70,27.98,64.03,No,Night,ON,ON,ON,57.41
Corridor,3,24.19,32.99,Yes,Night,OFF,ON,OFF,21.0
Floor,95,29.82,51.81,Yes,Day,ON,OFF,ON,75.04
Office,100,22.21,51.79,No,Day,ON,OFF,OFF,56.49
Floor,45,21.15,51.03,No,Day,ON,OFF,ON,67.34
Corridor,21,22.25,35.88,Yes,Day,ON,OFF,ON,45.59
Corridor,70,33.91,54.35,No,Night,ON,ON,ON,62.47
Floor,12,32.44,68.09,No,Night,ON,ON,OFF,52.77
Office,81,32.09,46.15,No,Day,ON,ON,OFF,65.21
Meeting Hall,41,31.27,70.93,No,Day,OFF,OFF,ON,56.15
Corridor,33,28.83,59.27,No,Day,OFF,OFF,ON,43.74
Office,12,19.67,66.21,No,Day,OFF,ON,OFF,31.64
Office,97,23.52,74.88,No,Night,OFF,ON,ON,61.23
Meeting Hall,28,27.55,54.11,No,Day,ON,ON,OFF,56.24
Corridor,46,19.8,72.25,No,Day,ON,ON,OFF,48.95
Corridor,68,18.51,37.02,No,Day,ON,OFF,ON,59.36
Office,94,19.59,68.92,No,Day,OFF,ON,ON,56.64
Office,10,19.84,71.68,No,Day,ON,OFF,OFF,38.82
Meeting Hall,62,19.86,75.17,Yes,Day,OFF,OFF,ON,52.92
Meeting Hall,50,21.23,34.05,No,Day,ON,OFF,ON,59.4
Corridor,59,26.48,35.85,No,Night,OFF,OFF,ON,38.19
Floor,46,22.85,31.13,No,Night,ON,ON,OFF,55.16
Corridor,3,32.62,55.29,Yes,Day,OFF,OFF,OFF,24.71
Office,6,32.89,39.64,No,Night,ON,ON,ON,48.38
Corridor,86,33.64,58.39,No,Day,ON,OFF,ON,63.4
Floor,30,26.01,74.61,No,Night,ON,ON,ON,61.99
Meeting Hall,80,31.16,46.35,No,Night,OFF,ON,OFF,51.15
Floor,73,28.05,30.27,Yes,Day,ON,ON,ON,74.63
Floor,85,20.45,74.49,Yes,Night,OFF,ON,ON,60.01
Floor,29,28.81,61.09,No,Day,OFF,OFF,ON,59.46
Meeting Hall,28,32.23,40.08,No,Day,OFF,OFF,ON,53.41
Floor,80,23.91,64.62,No,Day,ON,ON,ON,77.76
Floor,42,30.69,61.64,Yes,Night,ON,ON,ON,63.13
Floor,84,31.17,49.01,No,Night,ON,OFF,ON,70.68
Office,21,28.94,40.61,Yes,Day,OFF,ON,ON,39.68
Floor,47,33.02,79.62,Yes,Day,OFF,OFF,OFF,53.94
Meeting Hall,47,20.46,62.15,Yes,Day,OFF,ON,OFF,40.63
Floor,56,32.34,30.09,No,Night,ON,OFF,ON,73.19
Floor,21,28.38,36.28,No,Day,ON,OFF,OFF,60.69
Meeting Hall,26,32.55,42.37,No,Night,OFF,ON,OFF,40.31
Floor,86,27.06,70.66,No,Day,ON,ON,ON,83.03
Meeting Hall,62,23.58,53.73,Yes,Day,OFF,OFF,ON,50.74
Floor,3,33.25,33.01,No,Day,ON,OFF,OFF,58.37
Meeting Hall,89,32.92,43.25,No,Night,ON,OFF,ON,65.52
Floor,80,22.55,79.04,No,Day,OFF,ON,OFF,68.47
Floor,2,30.65,68.39,Yes,Night,ON,ON,ON,58.31
Office,80,19.55,30.23,No,Day,ON,ON,OFF,56.17
Office,39,19.46,71.94,No,Day,OFF,ON,ON,50.76
Floor,82,26.69,39.61,No,Night,OFF,OFF,ON,67.63
Floor,81,18.61,46.54,No,Night,OFF,ON,OFF,55.07
Corridor,27,25.37,35.92,Yes,Night,OFF,OFF,OFF,21.91
Meeting Hall,14,31.44,30.53,No,Day,ON,OFF,ON,53.23
Corridor,50,33.12,55.2,Yes,Day,ON,OFF,ON,53.59
Office,25,22.33,44.3,No,Day,ON,ON,ON,56.62
Office,34,19.31,48.01,No,Day,ON,ON,ON,47.75
Office,79,28.72,38.45,Yes,Night,ON,OFF,ON,47.43
Office,14,22.5,70.32,No,Day,OFF,ON,ON,49.28
Floor,4,18.4,38.67,No,Day,ON,OFF,ON,55.34
Office,45,20.23,55.86,Yes,Day,OFF,OFF,OFF,34.34
Floor,23,33.95,53.47,No,Day,ON,ON,ON,75.44
Floor,1,32.88,75.99,Yes,Day,ON,ON,ON,68.28
Office,58,32.1,79.39,No,Day,ON,ON,OFF,62.75
Office,35,23.77,75.29,No,Day,OFF,OFF,OFF,40.16
Meeting Hall,44,30.15,66.68,No,Day,ON,ON,ON,69.09
Corridor,94,34.27,51.53,No,Night,ON,OFF,ON,58.38
Office,93,27.65,36.53,No,Day,OFF,OFF,OFF,46.04
Meeting Hall,75,23.66,73.49,No,Day,ON,ON,ON,69.94
Meeting Hall,36,31.59,65.81,Yes,Night,ON,OFF,OFF,45.85
Corridor,56,25.32,36.59,No,Night,OFF,OFF,ON,34.69
Floor,84,27.81,34.4,No,Night,ON,OFF,OFF,66.31
Office,11,27.2,63.71,Yes,Night,ON,ON,OFF,37.56
Corridor,100,21.7,75.3,No,Day,ON,ON,ON,62.64
Office,34,18.01,40.69,No,Day,ON,ON,ON,50.08
Meeting Hall,21,34.98,50.6,No,Day,ON,ON,ON,67.14
Meeting Hall,99,25.09,78.22,Yes,Day,ON,ON,ON,68.74
Floor,71,22.82,77.3,Yes,Night,ON,OFF,ON,64.75
Meeting Hall,90,31.02,64.93,Yes,Day,ON,ON,ON,73.06
Meeting Hall,26,28.07,53.7,No,Night,ON,OFF,ON,52.88
Corridor,99,32.97,48.64,Yes,Night,ON,ON,ON,62.22
Office,6,31.28,49.55,No,Day,ON,ON,ON,52.89
Office,2,22.79,55.24,Yes,Night,OFF,ON,OFF,22.24
Corridor,3,28.07,64.38,No,Day,ON,OFF,ON,42.54
Floor,87,26.55,55.54,No,Day,OFF,ON,OFF,67.89
Office,7,34.24,41.49,No,Night,ON,ON,OFF,36.88
Meeting Hall,44,22.07,67.66,Yes,Day,ON,OFF,OFF,50.07
Office,76,22.83,52.65,No,Night,ON,ON,OFF,50.21
Meeting Hall,72,33.65,58.66,Yes,Day,OFF,OFF,ON,58.94
Floor,19,25.78,68.8,No,Day,ON,ON,ON,73.58
Corridor,83,25.77,49.2,No,Night,ON,ON,ON,53.83
Office,4,32.76,76.49,Yes,Day,ON,ON,ON,52.33
Corridor,45,23.03,55.5,No,Day,ON,OFF,ON,55.22
Office,68,29.85,65.19,No,Day,ON,OFF,OFF,55.99
Meeting Hall,34,30.27,67.76,Yes,Night,ON,ON,ON,58.63
Corridor,64,25.52,48.21,No,Day,ON,ON,ON,58.93
Office,14,23.68,42.91,Yes,Night,OFF,ON,ON,30.6
Meeting Hall,16,30.69,76.17,No,Day,ON,ON,OFF,55.47
Corridor,75,22.35,45.67,No,Day,ON,ON,ON,63.01
Corridor,45,31.93,35.48,Yes,Night,ON,ON,OFF,42.54
Office,99,25.08,54.79,No,Day,ON,ON,ON,65.31
Office,60,18.31,71.23,No,Day,ON,ON,OFF,55.42
Office,42,27.68,44.1,No,Night,ON,OFF,ON,48.87
Meeting Hall,78,21.31,54.69,No,Night,ON,OFF,ON,60.09
Office,77,25.93,48.08,No,Day,ON,ON,OFF,52.24
Corridor,90,31.74,31.23,No,Day,ON,OFF,ON,62.48
Corridor,21,21.23,36.88,No,Night,ON,ON,ON,36.01
Office,8,21.54,69.85,No,Night,ON,ON,ON,46.49
Office,46,26.06,76.73,No,Night,ON,OFF,OFF,48.13
Floor,84,26.1,30.21,No,Day,ON,OFF,OFF,71.46
Corridor,2,25.71,73.06,No,Night,ON,ON,OFF,40.88
Meeting Hall,51,29.81,66.19,No,Day,OFF,ON,ON,58.08
Floor,30,22.57,64.24,No,Day,ON,OFF,ON,69.87
Office,12,22.43,51.5,No,Day,ON,OFF,ON,47.37
Office,1,18.38,46.58,No,Day,OFF,OFF,ON,31.03
Corridor,77,24.49,50.53,No,Day,ON,OFF,ON,63.49
Office,6,21.33,60.07,No,Day,OFF,ON,OFF,37.81
Meeting Hall,28,28.06,77.34,Yes,Day,OFF,ON,ON,51.88
Corridor,3,21.08,40.35,No,Day,OFF,OFF,ON,29.2
Office,3,33.21,78.68,No,Day,OFF,ON,ON,45.03
Corridor,87,32.43,41.64,No,Day,ON,ON,ON,64.06
Office,20,31.01,72.29,Yes,Day,ON,OFF,ON,46.76
Office,44,31.74,63.0,Yes,Day,OFF,ON,ON,46.42
Office,27,34.31,67.25,No,Day,ON,ON,ON,65.57
Meeting Hall,7,23.44,71.58,No,Day,OFF,ON,ON,47.76
Meeting Hall,41,34.66,30.59,Yes,Night,ON,ON,ON,58.25
Corridor,16,33.14,66.21,No,Night,ON,OFF,ON,39.33
Office,8,24.15,79.78,No,Night,OFF,ON,OFF,33.75
Office,60,32.69,54.73,Yes,Day,ON,ON,ON,58.28
Meeting Hall,83,33.25,57.09,No,Day,OFF,ON,ON,73.86
Office,68,18.61,35.3,No,Day,ON,ON,ON,62.25
Meeting Hall,98,32.89,47.04,No,Night,OFF,ON,OFF,57.41
Office,40,25.37,60.63,No,Day,OFF,ON,ON,49.85
Corridor,28,31.79,36.0,No,Day,ON,OFF,OFF,44.86
Office,75,19.89,46.67,No,Day,ON,OFF,OFF,50.94
Office,53,20.93,47.4,No,Day,ON,ON,ON,60.7
Floor,31,34.64,70.64,Yes,Night,OFF,ON,OFF,51.55
Meeting Hall,94,25.08,56.88,Yes,Night,OFF,ON,ON,53.58
Office,94,31.57,57.72,No,Night,ON,ON,ON,73.01
Office,64,30.75,44.11,No,Day,ON,ON,ON,64.16
Floor,42,31.36,45.67,Yes,Night,OFF,ON,OFF,48.88
Floor,68,31.0,52.56,No,Day,OFF,ON,OFF,59.79
Meeting Hall,99,33.54,70.84,Yes,Night,ON,OFF,ON,66.94
Floor,75,28.07,45.85,No,Day,ON,OFF,ON,83.74
Corridor,79,25.23,46.07,No,Day,OFF,OFF,ON,50.39
Floor,15,33.73,58.45,No,Day,ON,ON,ON,75.33
Corridor,20,24.07,71.99,No,Day,OFF,ON,OFF,35.52
Meeting Hall,32,28.72,55.19,Yes,Night,ON,ON,ON,55.47
Meeting Hall,25,32.54,36.42,No,Night,OFF,OFF,ON,48.47
Meeting Hall,2,33.57,75.77,Yes,Day,ON,ON,ON,62.63
Meeting Hall,22,34.14,53.55,No,Day,OFF,ON,OFF,49.08
Meeting Hall,88,29.22,68.69,Yes,Day,ON,ON,OFF,67.77
Corridor,53,30.24,32.17,No,Night,ON,OFF,ON,50.47
Corridor,83,26.46,71.81,No,Day,ON,ON,ON,63.5
Meeting Hall,46,22.84,32.92,No,Day,OFF,ON,ON,54.56
Floor,35,18.28,78.38,No,Day,ON,OFF,OFF,58.86
Office,34,21.77,74.52,No,Day,ON,ON,ON,56.41
Meeting Hall,42,34.66,43.33,Yes,Night,ON,ON,ON,60.21
Floor,32,31.71,41.18,Yes,Day,ON,ON,ON,70.05
Office,4,26.14,69.17,No,Day,ON,OFF,ON,50.7
Meeting Hall,3,23.84,37.58,Yes,Night,ON,ON,ON,48.05
Meeting Hall,57,19.09,73.41,Yes,Day,ON,ON,ON,64.11
Corridor,51,18.17,31.6,No,Day,OFF,OFF,ON,40.08
Office,71,30.84,62.58,No,Day,OFF,ON,ON,59.9
Office,74,34.75,43.0,No,Day,OFF,OFF,ON,58.53
Floor,49,22.32,72.13,No,Day,ON,OFF,ON,65.66
Corridor,26,22.67,48.85,No,Night,OFF,ON,OFF,25.66
Corridor,9,33.89,51.63,Yes,Night,ON,ON,ON,40.66
Corridor,61,28.24,37.28,No,Night,ON,OFF,ON,45.95
Corridor,19,20.95,61.31,No,Night,ON,OFF,OFF,31.09
Office,31,18.78,53.53,No,Day,ON,OFF,OFF,43.95
Office,47,27.58,30.43,Yes,Day,ON,ON,ON,55.11
Meeting Hall,90,25.69,66.54,No,Day,ON,OFF,ON,71.4
Meeting Hall,48,25.35,36.4,Yes,Night,ON,ON,OFF,51.75
Corridor,81,34.48,56.31,Yes,Day,ON,ON,ON,65.57
Corridor,25,22.47,56.95,Yes,Day,ON,OFF,OFF,35.88
Corridor,34,26.3,44.97,No,Day,ON,OFF,OFF,42.57
Meeting Hall,27,21.63,41.43,No,Day,ON,ON,ON,58.2
Floor,64,23.47,45.57,No,Day,ON,OFF,ON,79.22
Floor,97,31.02,49.9,No,Night,ON,ON,ON,77.29
Meeting Hall,25,21.35,76.71,No,Day,ON,ON,OFF,56.73
Meeting Hall,57,29.5,63.46,Yes,Night,ON,OFF,OFF,44.19
Meeting Hall,5,20.2,78.27,No,Day,OFF,ON,ON,45.46
Meeting Hall,49,21.24,34.25,No,Night,ON,OFF,ON,47.84
Meeting Hall,48,18.39,32.27,No,Night,ON,OFF,ON,49.76
Meeting Hall,57,28.72,32.92,No,Night,OFF,ON,OFF,47.65
Corridor,45,34.84,72.96,Yes,Day,ON,OFF,OFF,45.41
Corridor,88,29.16,71.72,Yes,Day,ON,ON,ON,60.17
Corridor,80,33.7,51.9,Yes,Day,ON,ON,ON,66.03
Corridor,89,26.95,51.77,No,Day,ON,OFF,ON,63.38
Meeting Hall,20,29.56,51.37,No,Day,ON,OFF,OFF,53.6
Floor,95,33.73,77.22,No,Night,OFF,ON,ON,66.93
Office,24,19.47,43.09,No,Day,ON,ON,OFF,46.85
Meeting Hall,95,28.16,65.92,No,Day,ON,ON,ON,81.06
Office,62,27.78,35.5,No,Day,ON,ON,ON,61.51
Floor,82,18.56,43.08,Yes,Night,OFF,ON,OFF,45.66
Corridor,65,20.66,59.92,No,Night,OFF,ON,OFF,35.07
Floor,34,27.39,59.88,No,Day,ON,ON,ON,76.34
Meeting Hall,79,26.46,57.68,Yes,Day,ON,OFF,ON,66.94
Corridor,79,23.85,36.17,No,Night,ON,ON,ON,53.27
Meeting Hall,32,29.86,67.73,No,Day,ON,ON,OFF,61.41
Corridor,49,24.12,65.56,No,Day,ON,OFF,ON,56.33
Office,23,31.07,64.05,No,Night,ON,ON,ON,49.72
Office,94,31.76,36.47,No,Night,OFF,OFF,ON,52.56
Office,22,28.96,41.04,No,Day,ON,ON,OFF,49.14
Floor,80,22.74,75.54,Yes,Day,ON,ON,OFF,73.32
Meeting Hall,96,31.65,54.13,Yes,Day,ON,ON,ON,75.53
Floor,36,22.28,50.9,Yes,Day,ON,ON,OFF,57.91
Office,99,23.15,73.63,Yes,Day,ON,ON,ON,58.64
Meeting Hall,62,28.35,44.74,No,Day,OFF,ON,ON,59.13
Office,55,29.71,71.3,No,Day,ON,ON,OFF,58.57
Floor,62,24.31,52.07,Yes,Day,OFF,ON,ON,65.42
Floor,18,28.05,61.08,No,Day,ON,ON,OFF,60.5
Floor,20,22.22,48.24,Yes,Day,ON,OFF,ON,57.14
Office,38,31.51,75.82,No,Day,ON,OFF,ON,54.28
Meeting Hall,82,34.87,35.31,Yes,Day,OFF,OFF,ON,54.67
Meeting Hall,71,29.87,40.86,No,Day,ON,OFF,ON,72.36
Office,25,23.43,40.13,Yes,Day,ON,ON,ON,50.11
Meeting Hall,50,23.93,43.01,No,Night,ON,ON,ON,64.44
Office,59,18.52,52.72,No,Day,OFF,OFF,ON,42.41
Meeting Hall,81,29.0,35.84,No,Night,ON,ON,OFF,63.55
Corridor,77,28.2,31.94,Yes,Day,ON,ON,ON,54.99
Corridor,81,34.23,58.3,Yes,Day,ON,ON,OFF,61.42
Floor,100,24.84,55.11,Yes,Day,ON,ON,ON,77.88
Corridor,91,33.86,47.03,No,Day,ON,ON,ON,67.94
Corridor,96,30.92,38.54,Yes,Night,ON,OFF,ON,53.18
Corridor,5,22.9,35.87,No,Night,OFF,OFF,ON,26.96
Office,6,18.28,74.45,No,Night,ON,ON,OFF,38.18
Corridor,59,30.35,51.72,No,Day,OFF,OFF,OFF,43.4
Corridor,60,26.44,77.62,No,Day,OFF,ON,ON,52.78
Floor,4,34.35,46.26,Yes,Day,ON,OFF,ON,64.08
Corridor,90,18.38,60.63,Yes,Day,ON,OFF,ON,53.58
Corridor,7,26.87,58.37,No,Day,OFF,ON,OFF,35.61
Meeting Hall,32,31.41,38.13,No,Night,ON,OFF,OFF,47.68
Floor,56,31.43,54.69,Yes,Night,ON,ON,ON,67.7
Floor,11,29.43,54.23,Yes,Day,OFF,ON,ON,54.83
Floor,100,24.7,55.32,No,Day,ON,OFF,ON,78.56
Floor,36,19.14,45.1,Yes,Day,OFF,OFF,OFF,46.83
Floor,14,23.13,42.15,No,Day,ON,OFF,OFF,58.7
Floor,16,29.07,50.52,No,Day,ON,OFF,OFF,60.74
Office,36,31.11,76.14,No,Night,ON,OFF,ON,46.37
Corridor,50,31.9,58.47,Yes,Day,OFF,OFF,OFF,40.05
Floor,28,31.16,53.43,Yes,Day,ON,OFF,ON,64.52
Corridor,2,23.5,39.78,No,Day,ON,ON,ON,47.75
Corridor,74,29.8,76.31,No,Day,OFF,ON,ON,57.09
Office,25,34.47,62.98,No,Night,OFF,ON,OFF,41.54
Floor,44,20.32,79.43,No,Day,OFF,ON,ON,63.27
Meeting Hall,5,30.43,38.44,No,Night,ON,OFF,ON,49.69
Office,98,24.97,49.52,Yes,Day,OFF,ON,OFF,54.75
Meeting Hall,87,21.82,46.63,Yes,Night,ON,ON,OFF,53.87
Corridor,97,23.44,46.61,No,Day,ON,OFF,ON,65.37
Corridor,53,20.83,31.64,Yes,Day,OFF,ON,OFF,36.29
Office,87,31.86,56.9,Yes,Night,ON,ON,OFF,58.02
Office,18,24.59,60.44,No,Night,ON,ON,ON,42.36
Meeting Hall,12,33.94,32.36,No,Night,ON,OFF,ON,49.6
Floor,56,34.43,73.99,No,Day,OFF,ON,OFF,63.28
Meeting Hall,72,34.42,40.07,No,Night,ON,OFF,OFF,55.03
Office,82,20.65,37.38,Yes,Night,ON,ON,ON,55.42
Meeting Hall,95,23.89,39.01,No,Day,ON,OFF,ON,70.81
Office,84,23.28,51.08,Yes,Night,ON,ON,OFF,44.19
Meeting Hall,95,33.69,34.12,No,Day,OFF,ON,OFF,58.45
Office,56,19.47,71.19,No,Day,ON,ON,ON,59.28
Office,45,28.01,64.0,Yes,Day,OFF,ON,ON,47.82
Office,11,26.25,53.61,No,Night,OFF,ON,OFF,25.1
Floor,28,34.6,55.03,Yes,Day,ON,ON,ON,69.57
Meeting Hall,96,34.38,50.3,No,Day,ON,ON,ON,88.2
Meeting Hall,64,25.21,65.78,No,Day,ON,OFF,ON,67.6
Meeting Hall,48,25.5,77.66,No,Day,OFF,ON,ON,55.38
Office,3,24.54,57.67,No,Day,ON,OFF,ON,48.12
Meeting Hall,76,31.42,58.17,Yes,Day,ON,OFF,ON,67.24
Meeting Hall,86,19.7,56.12,No,Night,ON,ON,ON,62.93
Office,27,19.97,75.51,No,Night,ON,ON,OFF,39.1
Corridor,49,29.98,61.79,Yes,Night,OFF,OFF,ON,32.16
Office,11,18.28,73.72,No,Night,OFF,OFF,ON,29.97
Meeting Hall,82,29.41,59.22,No,Day,ON,OFF,ON,72.0
Office,96,20.19,64.91,Yes,Day,OFF,OFF,ON,47.79
Corridor,17,31.37,62.78,No,Day,OFF,ON,ON,46.33
Office,97,30.57,52.04,Yes,Day,ON,ON,OFF,63.18
Meeting Hall,93,21.1,36.86,No,Night,ON,OFF,ON,58.94
Corridor,5,30.87,51.09,Yes,Day,OFF,OFF,ON,32.26
Floor,67,31.43,73.6,No,Night,OFF,OFF,OFF,56.72
Meeting Hall,75,33.73,62.79,No,Day,ON,OFF,ON,74.81
Corridor,22,30.32,77.18,No,Night,ON,ON,ON,45.43
Corridor,27,32.75,43.94,No,Day,OFF,OFF,OFF,33.02
Floor,74,28.84,53.59,No,Day,ON,OFF,OFF,69.88
Office,91,28.63,67.17,No,Night,OFF,ON,OFF,50.91
Office,39,29.48,36.62,Yes,Day,OFF,ON,ON,43.71
Meeting Hall,97,24.91,34.92,No,Night,OFF,ON,OFF,49.01
Floor,47,21.89,67.64,No,Day,OFF,OFF,OFF,56.55
Office,33,25.03,63.26,No,Day,ON,ON,ON,53.2
Floor,84,28.09,54.04,No,Night,OFF,ON,ON,65.24
Office,99,29.73,33.34,No,Day,ON,ON,ON,66.83
Corridor,91,25.76,61.38,No,Night,OFF,ON,ON,50.03
Office,61,23.61,63.42,No,Day,ON,ON,ON,61.68
Floor,57,22.2,45.03,Yes,Day,ON,OFF,ON,67.66
Corridor,33,21.11,34.49,No,Day,ON,OFF,ON,44.56
Corridor,56,26.1,55.21,No,Day,OFF,ON,ON,53.65
Corridor,28,30.01,54.32,No,Day,ON,OFF,ON,50.37
Floor,89,32.11,44.75,No,Day,ON,OFF,ON,84.12
Meeting Hall,76,23.87,58.19,Yes,Day,OFF,ON,ON,57.47
Meeting Hall,51,28.39,60.43,No,Day,OFF,ON,OFF,52.1
Meeting Hall,97,26.12,76.13,No,Day,ON,ON,ON,78.84
Floor,82,34.43,68.69,Yes,Day,ON,ON,ON,89.2
Corridor,7,33.0,70.46,No,Day,ON,OFF,ON,49.95
Meeting Hall,92,33.0,39.28,Yes,Day,OFF,OFF,OFF,53.02
Floor,15,27.85,52.91,No,Day,OFF,ON,ON,62.34
Meeting Hall,91,25.43,40.39,Yes,Day,OFF,OFF,OFF,45.19
Office,29,29.08,39.35,No,Day,ON,OFF,ON,60.96
Meeting Hall,86,20.71,55.27,No,Night,ON,OFF,ON,62.81
Meeting Hall,92,33.01,44.0,No,Night,OFF,ON,ON,59.36
Corridor,83,22.61,40.73,No,Day,ON,OFF,ON,55.63
Floor,80,32.06,66.28,No,Day,ON,OFF,ON,81.94
Corridor,25,23.07,31.7,Yes,Night,ON,OFF,OFF,23.72
Corridor,56,26.87,67.61,Yes,Day,OFF,ON,ON,49.5
Corridor,38,31.13,74.93,No,Night,OFF,OFF,ON,40.76
Corridor,32,24.69,65.24,Yes,Night,ON,ON,OFF,39.13
Corridor,77,24.09,39.66,No,Day,OFF,OFF,ON,46.1
Meeting Hall,30,33.09,66.8,No,Day,ON,OFF,ON,72.58
Corridor,79,19.17,55.1,No,Night,ON,ON,ON,50.48
Corridor,20,32.31,61.9,No,Night,ON,ON,ON,46.53
Floor,98,33.78,49.63,Yes,Day,ON,OFF,ON,76.98
Office,49,27.57,39.52,No,Day,ON,ON,ON,60.87
Meeting Hall,82,29.83,31.14,No,Day,OFF,ON,ON,63.06
Meeting Hall,5,32.64,67.06,No,Day,ON,OFF,OFF,53.53
Meeting Hall,59,25.4,51.33,No,Night,ON,OFF,OFF,56.95
Corridor,86,32.94,42.11,Yes,Night,ON,ON,ON,59.61
Corridor,89,24.33,61.15,No,Day,ON,ON,ON,63.56
Corridor,72,23.21,69.63,No,Night,ON,OFF,ON,50.1
Floor,12,34.71,56.44,No,Day,ON,OFF,ON,66.95
Office,57,18.53,68.07,Yes,Day,OFF,ON,OFF,41.52
Corridor,43,23.43,46.93,No,Day,OFF,ON,ON,41.31
Office,78,25.8,62.65,No,Day,OFF,ON,OFF,55.49
Floor,31,23.29,60.8,Yes,Day,ON,OFF,ON,63.93
Meeting Hall,58,22.8,38.67,No,Day,OFF,ON,ON,51.57
Corridor,80,24.3,66.92,No,Night,ON,ON,ON,55.72
Office,44,24.77,68.01,No,Night,ON,ON,OFF,40.21
Office,54,19.22,62.83,No,Day,ON,ON,OFF,52.49
Corridor,92,31.18,48.98,Yes,Day,ON,OFF,ON,59.04
Meeting Hall,48,20.86,57.31,No,Day,OFF,ON,ON,49.49
Meeting Hall,60,18.7,51.91,No,Night,ON,ON,OFF,56.8
Meeting Hall,39,28.04,30.15,No,Day,ON,ON,ON,70.92
Floor,81,29.37,30.57,No,Day,ON,ON,ON,81.75
Office,33,30.92,39.85,No,Day,OFF,OFF,ON,44.13
Office,88,19.49,75.65,Yes,Day,OFF,ON,ON,52.07
Office,11,20.92,61.57,No,Day,ON,OFF,ON,46.26
Floor,14,21.1,49.49,No,Night,OFF,ON,ON,47.46
Office,87,28.09,60.35,No,Night,OFF,ON,ON,56.77
Floor,8,33.13,33.19,No,Day,ON,ON,ON,70.67
Meeting Hall,19,30.01,35.22,No,Day,ON,OFF,ON,58.34
Corridor,88,23.35,34.05,No,Day,ON,ON,ON,64.97
Office,87,32.5,70.85,Yes,Night,ON,OFF,OFF,51.86
Office,48,29.39,79.99,No,Day,OFF,ON,OFF,47.65
Meeting Hall,89,29.7,41.18,No,Day,ON,ON,ON,74.17
Corridor,13,34.28,54.13,No,Day,ON,ON,ON,55.22
Floor,4,34.16,36.63,No,Day,OFF,OFF,ON,57.81
Corridor,47,24.56,74.09,No,Day,ON,ON,ON,55.36
Meeting Hall,56,28.81,37.79,No,Day,ON,OFF,OFF,62.16
Meeting Hall,92,21.43,56.25,No,Day,ON,OFF,ON,71.28
Corridor,59,25.0,59.07,No,Day,ON,ON,ON,61.6
Floor,71,22.65,54.03,No,Day,ON,ON,ON,77.49
Floor,80,24.25,33.05,No,Day,OFF,ON,ON,67.2
Office,42,29.48,64.27,No,Day,ON,ON,ON,62.5
Floor,85,21.57,74.29,No,Day,OFF,ON,OFF,67.56
Corridor,81,21.07,34.5,No,Day,ON,OFF,OFF,56.25
Meeting Hall,90,24.45,66.4,No,Night,ON,OFF,ON,60.83
Office,63,19.67,71.06,No,Day,OFF,OFF,ON,47.42
Office,1,31.84,38.16,Yes,Day,ON,OFF,ON,46.98
Meeting Hall,0,34.29,79.7,Yes,Day,OFF,ON,ON,51.24
Floor,63,31.62,44.9,No,Day,OFF,ON,ON,67.26
Meeting Hall,71,27.03,45.49,No,Day,ON,ON,OFF,68.18
Floor,84,29.46,58.37,No,Night,ON,ON,ON,73.15
Meeting Hall,23,31.69,70.95,No,Day,OFF,ON,ON,52.02
Corridor,1,19.16,52.93,Yes,Day,OFF,ON,ON,34.57
Floor,58,25.11,57.29,No,Night,ON,OFF,ON,63.38
Corridor,91,20.44,60.85,No,Night,ON,OFF,OFF,49.53
Office,33,19.54,69.63,No,Night,ON,ON,ON,48.53
Meeting Hall,55,30.9,62.34,No,Night,ON,OFF,OFF,57.78
Office,75,32.59,38.46,Yes,Night,OFF,OFF,ON,41.85
Office,4,19.42,60.01,Yes,Day,ON,ON,ON,43.26
Office,54,21.04,40.64,No,Day,ON,ON,ON,59.89
Office,35,21.75,51.8,No,Day,ON,OFF,ON,55.37
Meeting Hall,71,32.57,73.29,No,Night,ON,OFF,ON,68.55
Office,93,33.53,36.19,Yes,Night,ON,OFF,ON,55.19
Meeting Hall,54,31.0,48.1,Yes,Day,ON,ON,ON,72.74
Meeting Hall,9,31.54,58.08,No,Day,ON,ON,ON,59.1
Corridor,84,23.83,73.54,No,Night,ON,ON,ON,56.69
Floor,45,24.94,68.95,No,Night,ON,OFF,OFF,61.25
Floor,51,22.77,51.2,Yes,Day,ON,ON,OFF,65.36
Meeting Hall,61,34.29,54.97,No,Night,OFF,ON,ON,61.78
Corridor,97,30.37,72.31,Yes,Day,OFF,ON,OFF,49.91
Meeting Hall,97,23.8,73.85,Yes,Day,ON,ON,OFF,69.65
Meeting Hall,3,20.31,56.43,No,Day,ON,ON,ON,52.41
Meeting Hall,55,21.31,39.96,No,Day,OFF,OFF,ON,48.89
Corridor,10,21.47,54.91,Yes,Day,ON,ON,ON,41.92
Floor,85,28.45,76.34,No,Night,OFF,ON,ON,64.67
Corridor,49,33.35,60.53,No,Night,OFF,ON,ON,41.27
Office,60,32.77,68.66,No,Night,ON,ON,ON,59.23
Corridor,22,19.19,30.94,No,Day,ON,ON,ON,47.93
Corridor,97,30.05,61.72,Yes,Day,ON,ON,OFF,59.72
Corridor,29,20.85,59.92,Yes,Day,ON,OFF,ON,45.43
Corridor,88,23.28,53.6,No,Day,OFF,ON,OFF,47.46
Floor,87,27.24,63.95,No,Day,OFF,ON,OFF,63.96
Office,24,32.3,73.17,No,Day,ON,ON,OFF,52.42
Floor,29,22.02,76.46,Yes,Day,ON,ON,ON,68.58
Floor,38,32.86,42.84,No,Night,ON,ON,ON,69.81
Corridor,79,30.49,55.24,Yes,Day,ON,OFF,ON,53.82
Meeting Hall,73,29.46,45.07,No,Night,ON,OFF,OFF,53.25
Meeting Hall,94,20.26,50.93,No,Day,OFF,OFF,OFF,52.13
Floor,10,26.06,54.94,No,Night,ON,ON,ON,62.95
Floor,72,22.68,69.26,No,Day,ON,ON,ON,78.07
Corridor,35,28.0,75.8,No,Day,ON,OFF,OFF,48.37
Floor,82,29.45,59.37,No,Day,ON,ON,OFF,80.86
Corridor,51,19.11,79.62,No,Night,ON,ON,OFF,44.43
Meeting Hall,4,28.95,58.35,Yes,Day,ON,OFF,ON,53.42
Meeting Hall,75,26.47,70.32,No,Day,ON,ON,ON,68.21
Office,73,32.26,36.94,Yes,Night,OFF,OFF,ON,39.43
Meeting Hall,13,31.49,30.39,No,Day,ON,ON,OFF,56.9
Floor,19,25.02,31.35,No,Day,ON,ON,ON,65.4
Meeting Hall,19,34.6,74.6,No,Day,OFF,OFF,ON,52.47
Corridor,43,27.98,33.74,No,Day,OFF,ON,ON,50.05
Meeting Hall,99,34.38,60.64,Yes,Day,ON,ON,OFF,68.8
Office,24,30.23,58.81,No,Day,ON,ON,ON,58.64
Meeting Hall,40,24.93,69.03,No,Day,OFF,ON,ON,59.88
Corridor,68,21.97,45.67,No,Day,ON,ON,OFF,47.09
Corridor,90,25.91,47.66,No,Night,ON,ON,OFF,50.0
Floor,1,33.91,47.67,No,Day,ON,OFF,ON,63.07
Meeting Hall,11,20.21,38.42,No,Day,ON,OFF,OFF,47.49
Corridor,27,25.83,40.39,Yes,Day,ON,OFF,ON,43.45
Office,43,23.9,39.88,Yes,Day,ON,OFF,OFF,45.19
Floor,12,32.74,37.29,No,Day,OFF,ON,OFF,51.21
Office,84,31.67,68.55,No,Day,OFF,ON,ON,59.67
Meeting Hall,42,27.39,60.49,No,Day,OFF,ON,OFF,49.65
Meeting Hall,54,25.06,58.46,No,Night,ON,OFF,ON,57.17
Meeting Hall,7,29.63,63.83,No,Day,ON,ON,OFF,55.92
Floor,63,34.2,47.24,No,Day,OFF,ON,ON,70.05
Corridor,11,19.72,66.51,Yes,Day,ON,OFF,ON,39.59
Floor,40,33.28,43.68,Yes,Day,ON,ON,OFF,67.29
Office,43,23.0,70.88,No,Night,ON,ON,OFF,39.25
Floor,10,18.07,60.77,No,Day,ON,ON,ON,64.73
Office,18,30.6,71.08,No,Day,ON,ON,ON,57.69
Floor,59,31.4,32.73,No,Day,ON,ON,ON,85.92
Corridor,71,23.18,72.16,Yes,Day,OFF,ON,OFF,42.0
Office,26,31.23,35.07,No,Day,ON,ON,ON,57.01
Meeting Hall,70,31.57,63.43,Yes,Day,OFF,ON,ON,64.98
Meeting Hall,84,29.48,41.4,No,Day,OFF,ON,OFF,57.87
Floor,26,18.66,32.33,No,Day,ON,OFF,OFF,53.64
Meeting Hall,13,29.35,42.97,No,Day,OFF,ON,ON,50.42
Office,95,33.85,50.17,No,Day,OFF,OFF,OFF,55.04
Meeting Hall,92,28.55,37.2,Yes,Day,ON,OFF,ON,74.47
Corridor,23,24.24,34.98,No,Day,ON,ON,ON,51.3
Corridor,63,27.58,79.69,No,Night,ON,ON,OFF,48.5
Floor,91,34.88,33.97,No,Day,ON,ON,OFF,79.77
Office,23,26.03,39.53,No,Night,ON,OFF,ON,38.16
Corridor,1,32.31,42.64,No,Day,ON,ON,ON,45.54
Corridor,51,20.36,45.86,No,Night,ON,ON,OFF,41.61
Office,94,18.96,36.56,Yes,Day,ON,ON,ON,58.82
Meeting Hall,11,24.63,71.99,No,Day,ON,ON,ON,60.13
Meeting Hall,64,20.34,76.23,Yes,Night,ON,ON,ON,56.0
Floor,59,23.62,57.45,No,Night,OFF,OFF,ON,52.99
Meeting Hall,57,30.16,58.35,No,Day,ON,ON,ON,67.51
Office,84,25.57,79.69,No,Day,OFF,ON,ON,56.39
Corridor,92,23.46,74.19,No,Day,ON,OFF,ON,68.11
Meeting Hall,93,33.16,50.37,No,Night,ON,OFF,ON,67.55
Floor,41,18.16,67.94,Yes,Day,ON,ON,ON,65.78
Meeting Hall,0,31.84,43.26,No,Day,ON,ON,OFF,53.78
Office,21,28.56,32.59,No,Night,OFF,ON,OFF,34.74
Floor,71,18.79,31.11,No,Night,ON,ON,ON,69.08
Meeting Hall,12,18.58,56.95,Yes,Day,ON,ON,OFF,45.99
Floor,77,20.92,54.99,No,Day,ON,ON,OFF,71.96
Office,64,34.62,37.54,No,Night,ON,ON,ON,58.81
Corridor,95,19.46,72.66,No,Day,OFF,OFF,ON,44.89
Office,37,30.56,59.15,No,Night,ON,ON,ON,51.86
Office,63,24.83,49.08,No,Day,OFF,ON,OFF,51.76
Office,75,22.02,55.29,No,Day,ON,OFF,ON,64.06
Office,51,27.78,34.87,No,Day,ON,OFF,OFF,47.68
Corridor,79,24.26,74.99,Yes,Day,ON,ON,ON,56.73
Corridor,87,23.27,44.53,Yes,Night,ON,ON,OFF,51.88
Floor,83,22.07,38.73,No,Day,OFF,OFF,ON,62.15
Meeting Hall,31,25.78,51.3,Yes,Day,ON,ON,ON,55.06
Corridor,26,20.88,44.06,No,Day,ON,OFF,OFF,37.42
Corridor,97,32.48,45.38,No,Day,OFF,OFF,ON,55.35
Meeting Hall,60,28.06,71.22,Yes,Day,ON,ON,ON,69.14
Corridor,85,19.07,57.35,No,Day,ON,OFF,ON,54.25
Office,61,25.77,76.59,No,Day,ON,OFF,ON,62.31
Office,2,28.7,77.52,No,Night,ON,OFF,ON,40.62
Meeting Hall,80,32.65,79.58,No,Night,ON,ON,ON,70.66
Floor,77,18.4,36.58,No,Day,ON,OFF,OFF,70.85
Floor,90,25.76,74.84,No,Day,OFF,ON,OFF,74.05
Meeting Hall,83,30.0,44.73,No,Day,ON,OFF,ON,73.85
Meeting Hall,94,21.33,61.46,No,Day,OFF,ON,ON,65.4
Office,30,21.76,73.89,Yes,Night,ON,ON,OFF,33.75
Floor,92,26.32,34.64,Yes,Day,ON,ON,OFF,78.03
Corridor,63,33.04,37.59,No,Day,OFF,ON,ON,53.26
Office,41,24.77,66.66,Yes,Day,OFF,ON,ON,45.3
Meeting Hall,57,26.24,47.34,Yes,Day,ON,ON,OFF,58.64
Floor,42,28.81,62.75,No,Day,ON,ON,ON,75.56
Corridor,31,23.28,35.7,Yes,Day,OFF,ON,ON,30.32
Corridor,29,32.74,78.62,No,Day,OFF,OFF,OFF,35.77
Office,90,34.35,55.06,No,Night,OFF,OFF,ON,50.93
Floor,82,29.06,73.53,No,Night,ON,ON,ON,75.16
Floor,60,28.85,63.75,No,Night,ON,ON,OFF,65.66
Meeting Hall,27,29.45,77.59,Yes,Night,ON,ON,OFF,45.7
Floor,44,21.3,58.53,No,Day,OFF,ON,OFF,55.88
Floor,9,30.45,45.32,No,Night,ON,OFF,ON,57.44
Office,15,23.9,60.68,No,Day,ON,OFF,ON,49.19
Floor,30,34.89,79.84,No,Day,OFF,ON,ON,72.96
Corridor,9,30.79,70.77,No,Night,ON,OFF,OFF,37.52
Office,73,27.92,52.75,No,Day,OFF,OFF,ON,50.96
Office,91,33.51,70.83,Yes,Night,ON,ON,ON,66.81
Meeting Hall,11,34.49,65.14,No,Day,ON,ON,ON,62.35
Floor,96,31.91,76.94,No,Night,ON,ON,ON,83.78
Meeting Hall,27,30.86,48.24,Yes,Day,ON,ON,OFF,57.79
Corridor,17,19.03,32.02,No,Day,ON,ON,ON,40.78
Office,51,30.0,34.32,Yes,Day,ON,ON,OFF,51.89
Office,27,23.71,68.37,No,Night,ON,ON,ON,47.42
Office,27,33.81,64.56,No,Day,OFF,ON,ON,52.26
Corridor,63,28.4,66.67,Yes,Day,ON,ON,OFF,51.49
Corridor,13,24.3,63.39,No,Day,ON,ON,OFF,42.39
Meeting Hall,7,23.76,52.86,Yes,Day,ON,ON,OFF,43.8
Meeting Hall,93,27.43,33.4,No,Day,ON,ON,OFF,72.5
Meeting Hall,99,26.36,71.78,Yes,Day,OFF,ON,ON,62.82
Floor,2,24.64,39.04,No,Night,ON,OFF,ON,50.15
Office,73,21.54,79.49,No,Day,ON,OFF,ON,58.97
Office,8,31.54,40.27,No,Day,OFF,ON,OFF,38.49
Meeting Hall,46,25.37,34.19,No,Day,ON,ON,ON,64.57
Office,62,19.68,48.78,No,Day,ON,OFF,ON,51.24
Meeting Hall,39,19.45,46.27,No,Day,OFF,OFF,OFF,41.76
Floor,76,22.05,78.83,No,Night,OFF,ON,ON,58.99
Floor,85,27.39,49.73,No,Day,ON,OFF,ON,76.49
Corridor,23,20.52,32.33,No,Day,ON,ON,ON,45.83
Floor,70,21.66,79.35,Yes,Day,OFF,ON,OFF,63.04
Meeting Hall,12,26.53,69.32,No,Day,ON,OFF,OFF,51.97
Floor,5,21.7,79.9,Yes,Day,OFF,ON,ON,51.79
Corridor,73,32.59,45.88,No,Day,OFF,OFF,ON,52.08
Office,50,28.03,35.89,No,Night,OFF,ON,ON,46.04
Meeting Hall,59,19.46,49.88,No,Day,ON,ON,ON,59.46
Office,74,20.38,37.0,Yes,Day,ON,ON,ON,57.07
Corridor,28,21.32,37.34,Yes,Day,ON,OFF,ON,40.6
Corridor,15,28.71,75.13,No,Day,ON,ON,OFF,45.05
Corridor,83,19.8,79.7,No,Night,OFF,OFF,ON,38.86
Office,63,18.74,79.72,No,Day,ON,OFF,OFF,44.23
Office,84,30.38,51.92,No,Night,ON,ON,ON,60.94
Office,54,26.13,41.96,No,Day,OFF,ON,ON,51.11
Office,28,32.43,38.6,No,Day,ON,ON,ON,58.58
Corridor,77,31.48,49.11,No,Day,ON,OFF,OFF,53.32
Corridor,54,22.65,59.95,No,Day,ON,OFF,OFF,47.68
Meeting Hall,59,21.27,67.18,Yes,Day,ON,ON,ON,64.75
Meeting Hall,40,26.78,55.82,No,Day,OFF,ON,ON,54.79
Office,79,19.36,72.14,Yes,Day,OFF,ON,OFF,44.21
Floor,8,28.76,75.98,No,Day,ON,ON,OFF,64.34
Floor,5,18.21,74.28,Yes,Day,ON,ON,OFF,51.97
Corridor,28,31.65,48.46,Yes,Day,OFF,OFF,ON,38.81
Corridor,17,33.14,77.53,No,Night,OFF,OFF,OFF,24.92
Corridor,23,34.94,76.15,Yes,Day,ON,OFF,ON,45.9
Meeting Hall,50,23.85,50.58,Yes,Night,OFF,ON,ON,44.87
Meeting Hall,16,27.55,51.07,No,Day,ON,ON,ON,64.53
Corridor,99,32.67,33.9,Yes,Day,ON,ON,ON,65.56
Corridor,20,25.86,76.85,Yes,Day,OFF,ON,ON,38.04
Corridor,82,23.6,34.42,No,Day,ON,ON,ON,57.33
Floor,61,18.83,54.56,No,Day,ON,ON,ON,77.08
Meeting Hall,86,24.7,66.07,No,Day,ON,OFF,OFF,67.08
Floor,90,19.34,73.98,No,Day,ON,ON,OFF,70.91
Floor,74,24.17,58.55,No,Day,ON,OFF,ON,78.97
Corridor,89,23.83,64.13,Yes,Night,ON,ON,ON,51.7
Corridor,53,29.0,65.51,No,Day,ON,ON,ON,60.48
Office,10,24.22,30.8,No,Day,ON,ON,ON,55.44
Office,42,24.53,77.12,No,Day,OFF,ON,ON,45.55
Floor,85,22.87,48.0,No,Night,ON,OFF,ON,69.67
Meeting Hall,82,28.34,38.88,Yes,Day,OFF,ON,ON,57.97
Corridor,7,24.62,53.67,No,Day,ON,OFF,OFF,32.92
Corridor,22,34.13,66.67,No,Night,OFF,ON,OFF,31.96
Floor,52,33.16,71.37,No,Night,OFF,ON,OFF,53.43
Office,86,22.03,65.98,Yes,Day,ON,ON,ON,62.38
Meeting Hall,39,24.87,50.01,Yes,Day,ON,OFF,OFF,54.31
Office,8,28.79,64.08,Yes,Night,OFF,ON,ON,32.85
Office,23,18.28,51.59,No,Night,ON,OFF,ON,36.45
Office,75,21.87,79.34,Yes,Day,ON,ON,OFF,51.13
Office,75,22.85,79.82,Yes,Day,ON,ON,OFF,56.87
Corridor,95,24.84,42.49,No,Day,ON,OFF,OFF,59.06
Corridor,1,33.12,54.17,Yes,Day,OFF,ON,ON,38.96
Office,69,19.64,58.83,No,Day,OFF,ON,OFF,38.01
Meeting Hall,3,19.12,61.81,No,Day,ON,OFF,OFF,41.82
Floor,60,29.3,51.7,No,Night,ON,ON,ON,73.19
Meeting Hall,76,24.2,56.21,No,Night,ON,ON,ON,72.17
Meeting Hall,63,21.02,57.71,No,Day,ON,ON,ON,61.03
Meeting Hall,35,29.93,49.4,No,Day,OFF,ON,ON,58.88
Office,40,22.13,46.02,Yes,Day,OFF,ON,OFF,34.0
Corridor,37,27.62,61.73,Yes,Day,ON,ON,ON,50.98
Meeting Hall,81,24.95,52.1,Yes,Day,ON,OFF,OFF,58.79
Office,14,24.14,78.61,No,Day,ON,ON,OFF,50.56
Meeting Hall,47,30.26,48.78,No,Day,OFF,OFF,ON,55.77
Meeting Hall,96,28.43,39.79,No,Day,ON,ON,ON,75.82
Office,29,26.74,51.33,No,Night,ON,ON,ON,48.19
Corridor,99,20.18,62.85,Yes,Day,OFF,ON,ON,51.18
Corridor,62,27.96,52.09,No,Day,OFF,OFF,ON,46.97
Floor,24,29.78,44.28,No,Night,OFF,OFF,ON,48.0
Office,3,31.85,54.76,Yes,Day,ON,ON,OFF,46.9
Floor,17,23.09,52.35,No,Day,ON,ON,OFF,66.82
Floor,44,22.49,77.21,Yes,Day,ON,OFF,OFF,61.24
Floor,96,30.73,30.94,No,Night,OFF,OFF,ON,65.71
Corridor,83,25.95,49.75,No,Day,OFF,OFF,OFF,47.66
Office,84,24.9,47.05,Yes,Day,OFF,ON,ON,53.51
Floor,64,20.73,41.17,No,Day,ON,ON,ON,73.36
Office,97,25.38,57.31,No,Day,OFF,OFF,OFF,55.79
Office,72,30.34,60.7,No,Day,ON,ON,OFF,61.64
Corridor,64,25.66,30.51,No,Day,ON,ON,ON,59.59
Floor,26,32.84,63.81,Yes,Night,ON,ON,ON,66.4
Floor,78,18.07,49.13,No,Night,OFF,ON,ON,61.77
Office,87,21.06,76.15,No,Day,ON,OFF,ON,60.1
Meeting Hall,59,28.45,67.18,No,Day,OFF,OFF,ON,58.86
Corridor,58,29.42,55.69,Yes,Day,OFF,ON,ON,47.83
Corridor,24,22.69,77.58,No,Night,ON,ON,OFF,40.84
Corridor,33,34.01,64.37,No,Day,OFF,OFF,OFF,40.25
Corridor,49,23.62,70.4,Yes,Day,ON,ON,OFF,45.59
Floor,54,24.99,77.82,No,Night,ON,ON,ON,72.68
Floor,9,34.6,74.52,Yes,Night,ON,ON,ON,60.22
Meeting Hall,93,26.15,33.53,No,Day,OFF,ON,ON,65.43
Corridor,57,28.42,40.51,Yes,Night,ON,ON,OFF,42.84
Corridor,88,27.18,61.48,No,Night,OFF,ON,ON,47.36
Office,2,21.02,38.05,No,Day,OFF,ON,ON,43.81
Floor,85,34.86,53.24,No,Day,ON,OFF,ON,80.76
Corridor,87,19.0,54.01,No,Night,ON,OFF,ON,44.6
Meeting Hall,55,34.72,53.15,No,Day,OFF,OFF,ON,61.74
Meeting Hall,26,25.96,71.13,No,Day,ON,ON,OFF,56.46
Floor,89,21.22,54.47,Yes,Day,OFF,ON,ON,71.2
Meeting Hall,15,20.84,73.44,Yes,Night,OFF,OFF,ON,33.34
Meeting Hall,37,29.14,68.68,No,Night,ON,OFF,ON,56.23
Floor,52,30.08,62.12,Yes,Day,OFF,ON,OFF,66.61
Corridor,67,33.28,58.9,No,Night,ON,ON,ON,57.54
Corridor,22,22.02,41.61,No,Night,OFF,ON,OFF,26.68
Meeting Hall,82,25.36,68.4,Yes,Night,ON,ON,ON,66.56
Meeting Hall,55,34.51,70.22,No,Day,OFF,ON,ON,64.17
Corridor,78,25.28,54.47,No,Day,ON,OFF,ON,58.23
Floor,94,25.81,41.02,No,Day,OFF,ON,ON,72.59
Meeting Hall,87,22.91,68.01,No,Day,ON,ON,OFF,65.57
Office,74,32.81,70.01,No,Day,ON,OFF,OFF,58.26
Floor,52,24.22,58.36,Yes,Night,ON,ON,OFF,60.67
Meeting Hall,73,28.8,64.86,No,Day,OFF,OFF,ON,63.1
Meeting Hall,71,21.1,68.68,No,Night,ON,ON,ON,61.17
Office,66,28.47,44.58,No,Day,OFF,OFF,OFF,48.06
Office,18,33.88,44.14,Yes,Day,OFF,ON,ON,45.98
Corridor,3,31.21,65.4,Yes,Day,OFF,OFF,OFF,26.32
Floor,28,19.15,55.62,No,Day,ON,ON,OFF,63.84
Floor,44,28.78,55.62,No,Day,OFF,ON,ON,69.89
Corridor,20,27.5,77.94,No,Night,ON,ON,ON,47.36
Floor,53,23.76,69.97,No,Day,OFF,ON,OFF,59.88
Floor,72,32.33,42.8,No,Day,OFF,ON,ON,70.05
Floor,51,31.46,50.32,No,Day,ON,OFF,ON,73.33
Floor,17,29.03,71.5,Yes,Day,ON,ON,ON,67.3
Floor,82,30.65,33.66,Yes,Day,ON,OFF,ON,71.44
Office,16,21.28,46.05,Yes,Day,ON,ON,ON,44.06
Floor,43,33.65,46.99,No,Day,OFF,OFF,ON,65.85
Office,23,29.36,49.51,No,Night,ON,ON,OFF,42.17
Floor,5,25.95,42.96,No,Day,OFF,OFF,OFF,40.51
Corridor,94,21.28,62.09,No,Night,ON,ON,ON,56.15
Meeting Hall,26,29.61,49.75,No,Day,OFF,ON,OFF,47.14
Office,46,19.64,57.11,No,Night,OFF,ON,ON,40.23
Floor,97,23.44,43.63,No,Day,OFF,OFF,ON,70.29
Corridor,45,27.75,73.07,Yes,Day,ON,OFF,OFF,46.22
Meeting Hall,90,28.98,40.29,Yes,Day,ON,OFF,ON,67.59
Office,90,18.29,73.87,No,Night,ON,ON,ON,58.15
Meeting Hall,34,18.15,38.95,No,Day,ON,ON,ON,56.09
Corridor,56,19.89,48.51,No,Day,ON,OFF,OFF,44.0
Office,11,31.06,68.96,No,Day,OFF,ON,OFF,37.55
Meeting Hall,28,27.64,54.63,No,Day,ON,ON,OFF,59.78
Floor,56,28.34,41.86,Yes,Day,ON,OFF,ON,76.15
Office,69,28.26,63.17,Yes,Day,ON,ON,OFF,57.25
Meeting Hall,54,18.63,36.38,Yes,Day,ON,OFF,ON,59.38
Corridor,36,20.93,40.76,No,Day,ON,ON,ON,53.89
Corridor,70,30.37,42.84,Yes,Day,OFF,OFF,ON,40.88
Office,69,28.98,59.22,No,Day,ON,OFF,ON,62.3
Meeting Hall,52,25.57,57.61,No,Day,OFF,OFF,ON,50.63
Office,82,18.35,55.98,No,Night,ON,ON,ON,51.79
Office,13,25.09,34.87,Yes,Day,OFF,ON,ON,40.87
Meeting Hall,20,22.22,69.01,No,Night,ON,OFF,OFF,48.0
Meeting Hall,77,29.85,36.59,No,Day,OFF,ON,OFF,48.08
Floor,13,32.02,76.94,No,Night,ON,OFF,OFF,53.57
Meeting Hall,52,26.56,33.26,No,Day,ON,ON,OFF,61.84
Corridor,95,24.86,74.0,Yes,Day,ON,ON,ON,61.99
Office,89,22.64,44.89,No,Day,OFF,ON,ON,56.91
Office,66,19.57,64.99,No,Night,OFF,ON,OFF,38.66
Corridor,78,24.32,46.66,No,Day,ON,OFF,OFF,53.16
Meeting Hall,84,29.53,66.0,No,Day,ON,OFF,ON,75.32
Corridor,93,29.32,54.06,No,Day,ON,ON,ON,69.65
Corridor,47,25.02,56.34,Yes,Day,ON,OFF,ON,47.78
Floor,77,34.42,65.82,No,Day,ON,OFF,ON,84.8
Corridor,55,33.98,36.68,No,Day,OFF,OFF,ON,42.36
Office,38,32.89,43.32,No,Day,OFF,ON,OFF,48.16
Corridor,100,25.41,72.04,No,Day,OFF,ON,OFF,51.86
Office,40,30.69,69.49,No,Night,OFF,OFF,ON,38.33
Office,47,33.79,79.51,No,Day,ON,ON,ON,61.7
Office,27,30.54,31.15,Yes,Day,ON,OFF,OFF,46.46
Meeting Hall,1,23.37,37.11,No,Night,ON,OFF,ON,43.9
Floor,21,19.16,46.87,No,Day,ON,OFF,ON,58.65
Office,70,34.29,64.67,No,Day,ON,OFF,ON,62.39
Office,95,34.87,45.78,No,Night,OFF,OFF,ON,51.29
Meeting Hall,60,29.79,47.3,No,Day,OFF,ON,ON,65.05
Office,79,23.36,41.37,Yes,Day,ON,ON,OFF,56.99
Corridor,35,32.71,75.48,No,Night,ON,ON,ON,53.2
Corridor,65,34.21,57.38,No,Night,OFF,ON,ON,47.38
Floor,80,26.61,37.98,No,Day,OFF,ON,ON,66.63
Office,48,23.3,59.11,No,Day,ON,ON,ON,67.48
Meeting Hall,2,24.91,37.98,No,Day,OFF,ON,OFF,39.17
Corridor,22,19.26,43.59,Yes,Day,OFF,ON,ON,32.44
Meeting Hall,58,27.62,64.81,No,Day,ON,OFF,ON,66.77
Meeting Hall,100,24.44,67.91,No,Day,ON,OFF,OFF,72.58
Corridor,27,33.04,51.65,Yes,Night,OFF,OFF,OFF,25.73
Meeting Hall,71,22.68,38.36,Yes,Night,OFF,ON,OFF,41.58
Corridor,32,18.14,40.58,No,Day,ON,ON,OFF,37.83
Meeting Hall,67,30.53,56.98,Yes,Day,OFF,ON,OFF,52.62
Corridor,70,18.13,59.45,No,Day,OFF,ON,ON,48.1
Office,10,27.28,73.43,Yes,Day,OFF,ON,ON,38.01
Floor,7,21.08,43.41,No,Day,ON,ON,OFF,59.42
Corridor,19,28.38,60.6,No,Night,OFF,ON,ON,33.84
Corridor,61,21.36,30.13,No,Day,ON,OFF,ON,50.14
Floor,42,26.53,53.56,No,Night,ON,OFF,OFF,57.25
Corridor,91,23.7,49.91,No,Day,OFF,ON,ON,52.5
Corridor,74,21.1,36.01,No,Day,ON,ON,OFF,52.48
Meeting Hall,85,28.31,74.56,No,Day,ON,ON,ON,77.57
Floor,99,19.4,35.4,No,Day,OFF,ON,ON,69.44
Office,69,34.0,43.27,No,Night,ON,OFF,ON,58.46
Corridor,6,31.23,66.7,Yes,Night,ON,OFF,OFF,27.94
Floor,9,33.57,39.04,Yes,Day,ON,ON,OFF,57.97
Meeting Hall,39,18.72,33.84,No,Day,ON,ON,ON,59.05
Office,3,18.04,78.47,No,Day,ON,ON,ON,49.31
Floor,72,24.08,44.68,Yes,Night,OFF,ON,ON,56.85
Office,18,28.48,33.03,Yes,Night,OFF,OFF,ON,26.96
Office,96,22.15,37.05,Yes,Day,OFF,OFF,ON,47.99
Office,37,27.34,41.12,No,Day,ON,ON,ON,57.52
Corridor,21,28.3,77.92,No,Day,OFF,ON,OFF,41.75
Corridor,0,20.58,30.8,Yes,Day,ON,OFF,OFF,31.81
Meeting Hall,52,31.07,69.64,No,Day,OFF,ON,ON,57.59
Meeting Hall,20,33.92,69.05,No,Day,ON,OFF,OFF,59.46
Floor,6,28.88,54.98,No,Night,ON,ON,ON,57.75
Meeting Hall,6,34.11,76.65,Yes,Day,ON,ON,ON,62.85
Office,85,22.18,30.67,No,Day,ON,OFF,OFF,55.88
Office,76,18.62,54.76,No,Night,OFF,ON,ON,43.37
Corridor,22,22.21,42.67,No,Day,OFF,ON,ON,41.54
Office,59,29.02,68.1,Yes,Day,OFF,ON,ON,50.65
Floor,85,28.16,38.66,No,Day,OFF,ON,OFF,66.91
Office,89,22.55,73.75,No,Day,ON,OFF,OFF,55.59
Office,17,24.94,50.27,No,Day,ON,ON,ON,53.48
Floor,70,24.25,36.79,Yes,Day,OFF,OFF,OFF,48.96
Meeting Hall,65,34.16,31.74,No,Night,ON,ON,ON,60.3
Meeting Hall,52,23.34,64.47,Yes,Day,ON,ON,OFF,58.86
Floor,18,21.28,76.42,No,Night,OFF,OFF,OFF,41.26
Corridor,63,27.62,78.49,No,Day,ON,OFF,ON,57.47
Office,13,20.12,73.72,No,Night,ON,ON,OFF,39.54
Floor,24,26.63,49.48,No,Day,ON,ON,ON,70.45
Office,32,29.68,75.29,No,Day,ON,ON,OFF,55.58
Corridor,47,34.04,62.18,No,Day,ON,OFF,OFF,53.8
Office,38,33.17,33.17,No,Day,ON,ON,ON,54.76
Floor,83,32.3,38.54,No,Day,ON,ON,ON,76.32
Office,4,24.7,49.25,No,Night,ON,ON,ON,43.82
Meeting Hall,20,33.2,45.31,No,Day,ON,ON,ON,65.26
Corridor,58,30.18,46.8,No,Day,OFF,OFF,ON,46.63
Corridor,76,25.51,66.75,No,Day,ON,ON,ON,60.73
Corridor,13,27.59,32.94,No,Night,ON,ON,ON,40.21
Floor,62,25.41,60.29,No,Day,ON,ON,OFF,71.52
Corridor,53,21.35,46.83,No,Night,ON,ON,OFF,41.18
Meeting Hall,79,25.68,74.12,No,Night,ON,ON,ON,69.62
Floor,44,31.73,32.86,No,Day,ON,ON,ON,76.82
Meeting Hall,49,22.53,78.58,No,Day,OFF,ON,ON,56.86
Office,40,28.89,34.05,Yes,Night,ON,OFF,OFF,41.15
Office,91,27.41,51.72,Yes,Day,OFF,OFF,ON,53.28
Office,0,33.64,72.85,No,Day,ON,ON,OFF,49.75
Office,1,30.68,46.09,No,Night,ON,ON,OFF,36.97
Meeting Hall,71,24.14,72.5,No,Night,ON,ON,OFF,61.48
Floor,12,27.55,78.16,No,Night,OFF,ON,ON,54.86
Floor,18,33.49,36.14,Yes,Day,ON,OFF,ON,62.82
Corridor,50,21.85,53.86,No,Day,ON,OFF,OFF,46.41
Meeting Hall,1,26.07,41.54,Yes,Day,ON,OFF,ON,45.7
Office,94,21.77,68.35,No,Day,OFF,ON,ON,51.66
Meeting Hall,9,25.11,35.4,No,Day,OFF,OFF,ON,46.27
Corridor,68,18.99,68.74,Yes,Day,OFF,ON,ON,43.27
Corridor,86,32.89,63.77,No,Day,ON,OFF,OFF,55.63
Meeting Hall,29,34.63,61.57,No,Night,ON,ON,ON,61.96
Meeting Hall,95,27.65,51.72,No,Night,OFF,ON,OFF,52.36
Meeting Hall,64,27.42,55.08,Yes,Night,ON,ON,OFF,53.64
Floor,43,34.25,35.02,No,Day,ON,ON,ON,70.81
Office,41,24.69,43.49,Yes,Day,OFF,OFF,OFF,33.47
Meeting Hall,2,28.56,75.67,No,Night,ON,OFF,OFF,46.16
Meeting Hall,29,32.23,52.1,No,Day,OFF,OFF,OFF,45.12
Meeting Hall,36,26.6,50.14,No,Day,ON,OFF,OFF,56.35
Corridor,27,21.77,32.37,Yes,Day,ON,ON,ON,48.52
Corridor,50,31.82,74.22,No,Day,ON,ON,ON,62.32
Floor,84,22.61,67.67,No,Day,OFF,ON,ON,73.37
Office,12,32.34,34.58,Yes,Night,ON,OFF,ON,37.95
Floor,39,34.06,37.51,No,Night,ON,ON,ON,70.39
Office,25,27.28,36.18,No,Day,OFF,ON,ON,43.61
Corridor,29,18.84,62.66,Yes,Day,ON,ON,ON,44.85
Corridor,23,34.25,37.95,Yes,Night,ON,OFF,ON,39.44
Corridor,37,32.13,79.75,No,Day,OFF,OFF,ON,48.74
Floor,68,20.0,58.68,Yes,Day,OFF,ON,ON,64.62
Meeting Hall,15,28.7,73.51,Yes,Night,ON,OFF,OFF,36.26
Meeting Hall,54,23.37,66.5,No,Night,ON,ON,ON,64.08
Corridor,48,23.62,31.22,No,Night,OFF,ON,OFF,36.17
Meeting Hall,79,27.87,51.06,No,Day,ON,OFF,OFF,64.13
Meeting Hall,51,30.1,48.08,No,Day,OFF,ON,ON,60.18
Floor,48,18.19,77.61,No,Night,ON,ON,OFF,61.31
Office,63,20.6,46.92,Yes,Day,OFF,OFF,ON,47.08
Corridor,47,33.35,64.37,No,Night,ON,OFF,ON,46.75
Corridor,73,26.41,59.47,No,Day,ON,OFF,ON,58.99
Floor,81,26.36,66.83,No,Night,ON,ON,OFF,67.98
Floor,37,32.29,33.06,No,Day,ON,ON,ON,79.52
Meeting Hall,16,20.2,76.54,No,Day,ON,ON,ON,60.48
Corridor,40,30.13,79.65,Yes,Day,ON,OFF,OFF,42.55
Office,53,26.61,57.72,Yes,Day,OFF,ON,OFF,44.49
Floor,39,30.61,38.22,No,Day,ON,ON,OFF,68.43
Office,30,29.55,73.47,No,Day,ON,ON,OFF,55.73
Office,89,29.33,62.37,No,Night,OFF,OFF,OFF,36.26
Corridor,25,32.55,61.2,No,Day,OFF,ON,ON,46.92
Corridor,75,27.36,74.25,No,Day,ON,ON,ON,62.51
Floor,17,24.93,66.57,No,Day,ON,ON,OFF,70.28
Corridor,97,21.37,75.99,Yes,Night,ON,ON,ON,49.18
Corridor,34,23.85,77.88,Yes,Day,OFF,ON,ON,41.12
Corridor,74,32.79,47.24,No,Day,OFF,ON,ON,55.17
Office,55,23.74,39.9,No,Night,ON,OFF,ON,46.69
Floor,29,34.75,49.27,No,Day,ON,ON,ON,74.35
Meeting Hall,44,28.34,78.38,No,Day,ON,ON,OFF,62.32
Office,74,31.85,39.57,Yes,Day,ON,ON,OFF,52.91
Corridor,51,26.39,59.56,No,Night,ON,OFF,ON,46.8
Office,67,29.13,34.21,No,Day,OFF,ON,OFF,47.19
Corridor,54,34.82,71.62,Yes,Night,ON,OFF,ON,49.49
Corridor,99,26.5,63.41,No,Night,OFF,OFF,ON,47.78
Office,9,22.48,56.11,No,Day,OFF,ON,ON,41.67
Floor,53,29.05,61.5,Yes,Night,OFF,ON,ON,52.56
Corridor,33,33.63,35.85,No,Day,ON,OFF,OFF,46.75
Floor,62,18.29,73.07,No,Day,ON,OFF,ON,70.66
Meeting Hall,30,34.87,47.01,No,Day,ON,OFF,ON,63.61
Corridor,63,27.26,38.46,No,Night,OFF,OFF,ON,37.79
Floor,95,31.59,30.74,No,Day,ON,ON,OFF,75.4
Floor,49,20.01,33.04,Yes,Day,ON,OFF,OFF,55.39
Meeting Hall,27,22.96,63.58,No,Day,ON,ON,ON,63.25
Floor,36,34.61,65.92,No,Day,ON,ON,OFF,65.95
Floor,95,22.89,37.44,No,Day,OFF,OFF,ON,67.07
Meeting Hall,31,25.01,60.29,No,Day,ON,ON,OFF,61.3
Corridor,80,22.77,54.15,No,Day,ON,ON,ON,62.44
Floor,97,25.96,76.86,No,Day,ON,ON,ON,86.62
Floor,34,20.7,63.26,No,Day,ON,ON,OFF,63.06
Floor,56,26.65,56.02,No,Day,OFF,OFF,OFF,56.92
Office,60,23.07,44.19,No,Night,ON,ON,ON,50.23
Meeting Hall,84,31.86,53.09,No,Night,ON,OFF,ON,63.53
Office,31,24.63,42.36,No,Day,OFF,ON,ON,42.36
Meeting Hall,97,31.48,63.92,No,Day,OFF,ON,OFF,67.28
Corridor,97,28.91,59.7,No,Night,ON,ON,ON,57.45
Corridor,7,33.56,44.81,No,Night,ON,ON,OFF,39.41
Floor,79,31.78,30.6,No,Day,ON,ON,OFF,77.92
Meeting Hall,34,33.32,79.14,No,Day,ON,OFF,ON,61.61
Corridor,22,26.94,32.65,No,Day,ON,ON,OFF,45.93
Meeting Hall,85,33.53,57.35,No,Day,ON,ON,ON,75.41
Corridor,94,20.63,72.6,Yes,Day,OFF,ON,OFF,44.64
Office,92,19.44,61.05,No,Night,ON,ON,OFF,55.06
Corridor,37,26.94,59.35,Yes,Day,OFF,ON,ON,37.55
Office,18,32.04,65.75,Yes,Day,OFF,OFF,ON,42.63
Corridor,53,21.61,45.41,Yes,Night,OFF,ON,OFF,28.63
Floor,44,34.47,49.48,No,Night,ON,ON,ON,71.87
Office,35,21.15,34.23,No,Night,OFF,ON,ON,38.21
Corridor,48,30.05,30.23,No,Night,OFF,ON,ON,37.25
Floor,59,33.56,43.23,No,Day,ON,ON,ON,79.49
Office,55,34.41,70.71,No,Night,ON,OFF,ON,50.95
Floor,72,29.24,60.58,No,Night,ON,OFF,ON,69.56
Meeting Hall,63,27.76,36.97,No,Day,ON,ON,ON,66.5
Meeting Hall,61,19.54,51.32,No,Day,ON,OFF,OFF,55.74
Office,98,18.34,30.98,Yes,Day,ON,ON,ON,59.8
Corridor,58,34.76,70.11,Yes,Night,OFF,OFF,ON,38.37
Office,0,22.66,53.05,No,Day,ON,OFF,ON,45.2
Floor,96,19.23,43.84,No,Day,OFF,ON,ON,71.73
Corridor,80,27.15,68.41,Yes,Day,ON,ON,ON,63.05
Meeting Hall,89,23.31,78.52,Yes,Day,OFF,ON,ON,57.84
Corridor,76,24.08,50.16,No,Day,ON,ON,ON,57.44
Meeting Hall,4,24.01,68.27,No,Day,ON,ON,ON,56.62
Corridor,18,22.23,46.06,No,Night,OFF,OFF,OFF,27.72
Corridor,57,34.45,67.9,No,Day,ON,ON,OFF,59.45
Corridor,56,22.51,78.26,No,Day,ON,ON,ON,61.93
Floor,41,27.47,62.52,No,Day,OFF,OFF,OFF,50.68
Floor,72,22.06,41.95,No,Day,ON,OFF,ON,67.52
Office,5,30.95,64.51,Yes,Day,OFF,ON,OFF,38.62
Office,84,21.89,72.23,No,Day,ON,OFF,ON,66.2
Meeting Hall,21,28.45,50.19,Yes,Day,ON,OFF,ON,57.92
Floor,52,32.18,61.1,Yes,Day,ON,ON,OFF,69.99
Meeting Hall,56,22.62,42.63,No,Day,OFF,ON,ON,55.49
Office,50,31.66,52.73,No,Day,ON,OFF,ON,60.31
Meeting Hall,4,19.57,38.29,No,Day,OFF,OFF,ON,39.68
Office,21,19.98,71.78,Yes,Day,OFF,ON,OFF,33.8
Floor,6,24.81,34.84,No,Day,ON,ON,OFF,60.15
Corridor,63,24.92,32.79,No,Night,ON,OFF,ON,49.57
Floor,56,26.78,56.72,No,Night,OFF,OFF,ON,52.67
Meeting Hall,25,18.4,59.12,Yes,Day,ON,OFF,OFF,47.42
Meeting Hall,24,19.99,75.91,No,Day,ON,OFF,ON,53.06
Floor,68,18.17,40.16,No,Day,ON,OFF,ON,76.27
Floor,31,34.23,68.9,Yes,Day,OFF,OFF,ON,57.55
Office,7,23.33,62.2,No,Night,OFF,OFF,ON,27.17
Meeting Hall,8,29.7,67.08,No,Night,ON,OFF,ON,53.27
Meeting Hall,53,28.34,37.87,Yes,Night,ON,ON,ON,58.73
Floor,91,30.32,52.32,Yes,Night,OFF,OFF,ON,55.75
Corridor,19,33.01,47.8,Yes,Night,ON,ON,OFF,36.15
Meeting Hall,67,21.96,64.98,No,Day,OFF,ON,ON,58.65
Corridor,66,25.24,59.68,Yes,Day,ON,ON,OFF,47.39
Floor,43,23.58,78.38,No,Night,OFF,ON,ON,56.02
Floor,40,19.4,36.94,No,Day,OFF,ON,OFF,48.29
Office,41,18.54,53.68,No,Day,ON,OFF,ON,51.99
Meeting Hall,10,31.0,64.69,Yes,Day,ON,OFF,ON,53.31
Corridor,92,20.2,48.44,Yes,Night,ON,OFF,OFF,38.89
Office,42,18.26,76.16,No,Day,ON,OFF,ON,48.17
Meeting Hall,85,25.45,72.63,No,Day,ON,ON,ON,75.15
Office,7,23.48,73.65,No,Night,OFF,ON,ON,34.4
Floor,45,19.12,60.45,Yes,Night,ON,ON,ON,60.41
Meeting Hall,33,18.88,53.58,No,Night,ON,ON,ON,50.19
Office,94,33.52,48.4,No,Day,OFF,OFF,ON,54.9
Office,67,33.97,35.98,Yes,Day,ON,ON,ON,63.99
Corridor,14,26.2,77.41,No,Night,ON,ON,OFF,40.8
Office,17,32.42,43.18,No,Day,OFF,ON,OFF,46.77
Meeting Hall,10,31.6,70.1,Yes,Day,OFF,ON,ON,52.21
Meeting Hall,90,27.85,30.59,No,Day,ON,ON,ON,79.8
Corridor,18,30.76,49.07,No,Day,ON,OFF,OFF,40.01
Meeting Hall,72,33.82,58.56,Yes,Day,ON,ON,OFF,67.32
Floor,24,27.63,45.72,No,Day,OFF,ON,OFF,53.97
Meeting Hall,21,26.7,39.69,No,Day,OFF,ON,ON,54.08
Meeting Hall,86,18.06,33.57,No,Night,OFF,OFF,OFF,41.21
Office,61,27.22,79.46,Yes,Day,ON,ON,OFF,60.26
Office,36,31.9,74.32,No,Day,ON,ON,ON,61.28
Meeting Hall,9,30.96,45.62,No,Day,OFF,ON,ON,54.11
Corridor,80,28.98,30.79,No,Day,ON,OFF,ON,56.07
Office,51,18.42,57.03,Yes,Night,ON,OFF,ON,43.02
Corridor,76,33.73,46.07,No,Day,ON,ON,OFF,56.18
Meeting Hall,67,25.29,35.79,No,Night,OFF,OFF,ON,49.6
Meeting Hall,95,27.72,69.52,No,Day,ON,ON,OFF,70.71
Floor,27,24.76,46.91,No,Day,ON,ON,OFF,67.74
Office,29,23.93,78.64,Yes,Day,ON,ON,ON,58.34
Meeting Hall,45,26.68,65.31,Yes,Day,ON,ON,OFF,54.56
Floor,39,26.41,71.99,No,Day,OFF,OFF,ON,59.84
Office,20,24.06,61.09,Yes,Day,ON,OFF,ON,44.37
Meeting Hall,14,31.67,58.09,No,Day,ON,ON,OFF,57.76
Meeting Hall,2,18.86,51.4,Yes,Night,ON,ON,ON,38.68
Office,80,19.99,34.16,No,Night,ON,ON,ON,50.62
Office,78,19.4,66.87,No,Day,ON,ON,OFF,59.78
Office,96,27.6,46.99,No,Day,ON,OFF,OFF,56.59
Meeting Hall,68,25.01,39.83,No,Day,OFF,OFF,ON,54.0
Meeting Hall,7,25.68,35.72,Yes,Night,ON,OFF,OFF,34.36
Floor,8,27.8,33.92,No,Day,ON,ON,ON,64.25
Corridor,89,23.51,53.77,Yes,Day,ON,OFF,OFF,47.27
Office,1,21.11,71.85,No,Day,ON,ON,OFF,40.77
Meeting Hall,36,23.22,36.44,No,Day,ON,OFF,ON,57.17
Meeting Hall,99,34.9,55.74,No,Day,OFF,ON,ON,74.2
Office,11,34.2,48.96,No,Day,ON,ON,ON,58.24
Corridor,18,34.26,57.0,No,Night,ON,ON,ON,43.52
Office,26,18.47,32.9,No,Night,ON,ON,ON,47.64
Corridor,23,19.52,56.76,No,Day,ON,OFF,ON,44.75
Meeting Hall,65,18.78,57.5,No,Day,ON,OFF,OFF,60.43
Corridor,15,31.86,73.5,Yes,Day,OFF,OFF,ON,34.31
Floor,1,34.85,39.98,No,Night,ON,ON,OFF,63.41
Meeting Hall,20,27.23,70.74,No,Night,ON,ON,ON,54.89
Floor,9,29.91,67.57,Yes,Day,OFF,OFF,ON,50.1
Office,57,23.99,75.72,Yes,Day,ON,OFF,OFF,48.54
Office,16,31.01,75.65,Yes,Day,ON,ON,OFF,51.09
Office,75,29.15,68.31,No,Day,ON,OFF,ON,64.97
Corridor,6,31.62,76.26,Yes,Day,ON,OFF,ON,42.63
Meeting Hall,72,26.5,42.95,Yes,Night,ON,OFF,ON,52.03
Office,45,21.3,37.78,Yes,Day,ON,ON,ON,50.71
Office,49,26.09,44.02,No,Day,ON,OFF,OFF,48.19
Meeting Hall,9,23.31,71.99,No,Night,OFF,ON,OFF,39.26
Office,15,29.8,45.68,No,Day,OFF,OFF,ON,38.75
Floor,0,20.33,70.93,No,Night,OFF,ON,ON,52.55
Meeting Hall,8,23.64,48.6,No,Day,OFF,OFF,ON,43.28
Meeting Hall,12,18.11,69.98,Yes,Night,ON,OFF,OFF,36.29
Meeting Hall,60,31.86,72.36,Yes,Day,ON,ON,ON,70.19
Floor,47,24.91,63.89,No,Day,ON,OFF,OFF,65.64
Meeting Hall,15,31.2,78.98,Yes,Day,OFF,ON,OFF,37.56
Floor,97,19.66,66.52,No,Day,ON,ON,ON,81.7
Meeting Hall,40,21.29,42.26,No,Day,ON,ON,OFF,56.32
Corridor,29,32.46,79.22,No,Night,OFF,ON,ON,44.66
Office,76,28.12,64.19,No,Night,OFF,OFF,ON,50.24
Corridor,71,18.1,51.79,No,Day,OFF,ON,ON,47.33
Office,54,33.39,54.6,Yes,Day,ON,OFF,OFF,51.75
Floor,10,34.72,68.31,Yes,Night,ON,ON,ON,62.43
Corridor,51,29.24,67.66,No,Night,ON,OFF,OFF,44.06
Meeting Hall,94,30.37,72.06,No,Day,ON,ON,ON,82.79
Office,74,20.27,42.04,Yes,Night,ON,ON,ON,50.41
Office,47,31.03,77.4,No,Day,ON,OFF,OFF,53.26
Corridor,6,19.68,43.08,No,Day,ON,ON,OFF,39.47
Floor,53,33.13,54.02,No,Day,ON,OFF,ON,77.3
Corridor,0,26.58,40.57,No,Night,OFF,ON,ON,28.06
Floor,86,20.4,51.71,No,Day,OFF,ON,ON,69.75
Floor,31,19.51,62.49,Yes,Day,ON,OFF,ON,59.49
Office,61,25.48,54.59,No,Day,ON,OFF,OFF,53.49
Corridor,14,18.09,42.43,Yes,Day,ON,ON,ON,40.19
Corridor,81,34.34,49.35,No,Day,ON,OFF,OFF,60.33
Floor,91,20.9,59.72,No,Day,OFF,ON,ON,68.3
Corridor,60,25.13,74.89,No,Day,OFF,ON,ON,49.18
Meeting Hall,77,28.31,51.19,No,Day,OFF,ON,ON,60.58
Meeting Hall,76,29.47,58.74,No,Night,ON,OFF,ON,63.31
Corridor,55,27.6,75.54,No,Day,OFF,ON,ON,52.63
Corridor,33,21.04,72.05,No,Night,ON,ON,OFF,38.86
Floor,19,26.02,39.27,No,Day,ON,OFF,ON,62.2
Meeting Hall,23,23.48,48.09,No,Day,ON,ON,OFF,48.88
Meeting Hall,27,19.52,69.44,Yes,Day,OFF,ON,ON,40.22
Office,10,24.59,66.55,No,Day,ON,ON,ON,50.58
Floor,91,28.35,68.36,No,Day,ON,ON,ON,86.93
Office,85,19.73,37.97,Yes,Night,ON,ON,OFF,41.81
Meeting Hall,29,20.8,53.0,Yes,Night,ON,ON,ON,49.08
Floor,37,19.47,64.76,No,Day,ON,ON,ON,66.58
Corridor,80,18.02,50.29,Yes,Day,ON,ON,ON,54.88
Floor,85,33.92,58.22,No,Night,ON,OFF,ON,76.79
Corridor,0,32.25,67.98,No,Day,OFF,OFF,ON,32.9
Corridor,83,21.94,55.18,No,Day,ON,OFF,ON,55.8
Floor,68,27.82,60.51,Yes,Night,ON,ON,OFF,62.06
Corridor,32,31.63,47.16,No,Night,ON,ON,ON,52.85
Office,64,24.23,48.25,No,Day,OFF,OFF,ON,49.49
Meeting Hall,43,30.56,39.38,No,Day,ON,OFF,ON,65.04
Corridor,63,32.77,79.59,No,Day,OFF,ON,ON,56.11
Office,8,26.48,60.35,No,Night,ON,ON,ON,47.2
Corridor,31,33.1,39.72,No,Night,ON,OFF,OFF,34.82
Meeting Hall,53,21.57,38.22,No,Day,OFF,ON,ON,47.14
Office,25,33.32,41.43,No,Night,ON,ON,OFF,41.37
Meeting Hall,61,31.69,65.89,No,Night,ON,ON,ON,64.41
Meeting Hall,41,32.28,54.94,No,Day,ON,OFF,ON,66.24
Office,47,18.08,56.78,No,Night,ON,OFF,OFF,39.33
Office,5,29.28,64.8,Yes,Day,ON,OFF,OFF,36.75
Office,29,24.81,66.45,No,Day,OFF,OFF,ON,43.0
Floor,22,28.28,67.33,No,Day,OFF,ON,ON,54.95
Office,88,19.42,33.99,No,Night,ON,OFF,ON,54.01
Office,24,22.02,71.62,No,Day,ON,ON,ON,52.5
Office,12,23.97,38.72,Yes,Day,OFF,ON,OFF,37.43
Office,24,30.21,61.74,No,Night,ON,OFF,ON,43.95
Corridor,16,27.4,41.27,Yes,Day,ON,ON,ON,41.98
Floor,26,18.25,71.31,No,Night,OFF,ON,ON,54.48
Meeting Hall,10,23.69,68.26,No,Day,OFF,OFF,ON,40.95
Office,5,33.98,38.76,No,Day,OFF,OFF,ON,40.65
Corridor,78,21.06,57.51,No,Day,OFF,ON,ON,50.61
Corridor,36,22.03,66.08,No,Night,OFF,ON,ON,38.51
Corridor,95,23.23,38.46,No,Day,ON,ON,ON,62.18
Meeting Hall,87,22.56,37.32,Yes,Day,OFF,OFF,ON,53.66
Office,74,20.07,48.79,Yes,Night,ON,ON,OFF,46.99
Floor,92,23.32,75.93,No,Day,ON,OFF,OFF,68.97
Floor,71,27.17,33.39,No,Night,ON,ON,ON,74.08
Corridor,36,29.48,47.94,No,Night,OFF,ON,OFF,35.23
Meeting Hall,73,28.93,70.32,No,Day,ON,ON,OFF,69.94
Meeting Hall,58,20.77,47.21,No,Day,OFF,ON,ON,56.93
Meeting Hall,9,28.45,32.75,No,Day,ON,OFF,OFF,47.29
Floor,0,24.09,61.63,No,Day,ON,OFF,ON,58.83
Corridor,51,31.97,77.89,Yes,Night,OFF,ON,ON,41.27
Office,86,24.16,58.98,Yes,Night,OFF,ON,ON,45.8
Floor,17,34.6,70.72,No,Day,OFF,OFF,ON,58.33
Corridor,86,28.45,30.71,Yes,Day,ON,ON,ON,63.35
Corridor,4,25.29,63.03,Yes,Day,OFF,OFF,OFF,26.62
Office,94,26.55,37.55,Yes,Day,OFF,ON,ON,57.77
Office,83,20.99,64.93,No,Day,ON,ON,OFF,66.08
Office,92,29.56,58.51,No,Day,ON,ON,OFF,70.27
Meeting Hall,47,34.37,41.08,No,Day,ON,ON,OFF,63.13
Office,32,26.75,59.25,No,Day,OFF,ON,ON,47.1
Corridor,56,34.87,63.81,No,Night,ON,OFF,OFF,44.19
Office,95,20.56,75.11,No,Day,ON,ON,ON,71.84
Corridor,24,28.84,74.44,Yes,Night,OFF,ON,ON,32.87
Floor,43,29.52,76.82,Yes,Day,ON,ON,ON,72.45
Meeting Hall,90,23.3,72.06,No,Night,OFF,OFF,OFF,48.21
Floor,86,23.98,57.04,No,Day,ON,OFF,ON,77.77
Floor,65,34.07,72.46,No,Night,ON,OFF,OFF,62.88
Corridor,67,28.4,66.11,No,Night,ON,ON,OFF,54.4
Floor,24,31.29,66.9,No,Day,OFF,OFF,ON,65.31
Corridor,44,30.34,37.73,Yes,Day,OFF,OFF,ON,38.02
Office,22,28.39,38.98,Yes,Night,OFF,ON,ON,38.77
Office,99,18.81,39.01,Yes,Night,OFF,ON,ON,43.75
Corridor,40,29.27,40.46,Yes,Night,ON,OFF,ON,45.81
Office,86,23.86,50.9,No,Night,ON,ON,ON,63.12
Meeting Hall,32,25.97,45.77,Yes,Day,ON,ON,ON,56.95
Floor,27,32.47,32.45,Yes,Day,ON,ON,OFF,64.11
Meeting Hall,7,34.47,66.2,No,Day,OFF,ON,ON,56.48
Floor,96,29.8,50.16,No,Night,ON,ON,OFF,78.66
Office,28,21.94,33.9,Yes,Day,OFF,OFF,ON,40.93
Meeting Hall,55,23.4,69.45,Yes,Day,OFF,OFF,OFF,48.45
Office,14,20.35,30.98,No,Night,ON,ON,ON,42.42
Floor,14,27.87,57.99,No,Night,OFF,ON,OFF,47.42
Corridor,36,33.81,67.86,No,Day,ON,OFF,ON,55.59
Corridor,18,31.79,48.63,No,Day,OFF,OFF,ON,37.0
Meeting Hall,58,27.24,58.7,No,Day,ON,ON,ON,71.22
Office,50,34.0,32.53,No,Day,ON,OFF,ON,58.41
Office,84,33.24,41.85,No,Night,ON,OFF,ON,58.22
Meeting Hall,34,24.14,63.18,No,Day,OFF,ON,OFF,44.61
Corridor,89,27.35,69.52,Yes,Night,OFF,ON,ON,45.2
Floor,91,23.03,35.72,No,Night,ON,ON,OFF,65.19
Meeting Hall,85,18.15,78.31,No,Day,OFF,OFF,OFF,57.06
Floor,35,25.67,49.73,Yes,Day,ON,ON,OFF,61.99
Corridor,52,30.75,76.23,No,Day,OFF,ON,ON,53.58
Office,79,28.78,56.98,No,Day,ON,ON,ON,63.48
Corridor,11,33.76,62.2,No,Day,ON,OFF,ON,49.87
Meeting Hall,27,29.66,38.8,No,Night,OFF,ON,ON,41.79
Office,70,20.4,74.24,No,Day,ON,OFF,ON,63.05
Meeting Hall,32,22.54,34.37,No,Night,ON,OFF,ON,50.23
Meeting Hall,87,20.13,79.37,Yes,Day,ON,OFF,ON,67.25
Corridor,74,31.51,49.6,No,Day,ON,OFF,ON,59.2
Meeting Hall,78,34.16,38.22,No,Night,ON,ON,ON,71.0
Corridor,82,21.85,60.29,No,Day,OFF,OFF,ON,53.64
Office,54,31.01,73.29,No,Day,ON,OFF,ON,62.14
Corridor,78,25.43,49.85,No,Day,ON,OFF,ON,57.93
Office,72,24.04,30.43,No,Day,ON,OFF,OFF,51.78
Corridor,76,34.78,73.61,Yes,Night,OFF,OFF,OFF,32.21
Floor,49,23.88,59.07,No,Day,OFF,ON,OFF,58.7
Floor,28,29.24,34.64,No,Day,OFF,ON,OFF,56.36
Meeting Hall,57,30.12,75.3,No,Day,ON,ON,ON,74.35
Corridor,25,31.14,68.66,Yes,Night,ON,ON,ON,46.93
Corridor,22,32.65,56.63,Yes,Day,OFF,OFF,OFF,30.51
Office,16,27.63,52.34,No,Day,OFF,ON,OFF,41.01
Meeting Hall,4,28.27,65.3,No,Day,ON,ON,OFF,58.59
Corridor,58,30.09,48.11,No,Day,ON,OFF,OFF,56.07
Meeting Hall,15,20.53,62.74,No,Day,ON,OFF,ON,52.93
Floor,93,21.4,37.55,No,Day,ON,OFF,OFF,71.4
Corridor,20,30.99,37.12,No,Day,OFF,OFF,ON,41.74
Corridor,4,20.29,45.55,Yes,Day,ON,ON,ON,37.74
Meeting Hall,57,29.7,74.29,No,Day,ON,OFF,ON,68.24
Corridor,25,18.55,72.52,Yes,Night,ON,ON,ON,37.69
Meeting Hall,42,23.74,54.61,No,Night,ON,OFF,ON,56.16
Corridor,93,29.26,59.27,No,Day,ON,ON,ON,66.95
Office,58,30.01,61.38,No,Day,ON,OFF,ON,60.21
Meeting Hall,85,28.71,48.66,No,Day,OFF,OFF,ON,59.58
Corridor,57,25.51,65.07,No,Night,ON,ON,ON,44.91
Floor,1,22.33,60.41,No,Day,ON,OFF,OFF,52.45
Corridor,43,28.43,47.72,Yes,Night,ON,OFF,OFF,39.71
Floor,75,21.14,44.19,No,Day,ON,OFF,ON,69.0
Floor,90,19.02,79.04,Yes,Day,ON,ON,ON,78.21
Office,25,18.33,44.21,No,Night,ON,ON,ON,44.66
Meeting Hall,43,22.55,38.7,Yes,Night,OFF,ON,ON,40.85
Corridor,88,18.51,71.73,Yes,Night,ON,ON,ON,54.12
Office,18,22.24,70.54,No,Day,OFF,ON,ON,42.47
Corridor,48,22.92,41.94,No,Day,ON,OFF,OFF,44.55
Floor,90,23.86,72.43,No,Day,ON,ON,ON,87.85
Meeting Hall,80,30.13,75.58,Yes,Day,OFF,OFF,ON,52.31
Corridor,56,25.5,46.59,No,Day,ON,ON,ON,52.6
Corridor,5,34.75,46.43,Yes,Day,ON,ON,OFF,47.46
Floor,22,34.11,36.55,No,Day,ON,ON,ON,76.71
Corridor,81,34.69,60.54,No,Day,ON,OFF,OFF,61.63
Corridor,42,25.01,64.7,No,Night,ON,OFF,OFF,47.74
Floor,43,18.75,33.67,No,Night,ON,ON,OFF,59.16
Office,65,32.63,40.45,No,Day,OFF,ON,OFF,51.06
Floor,44,25.39,43.52,No,Day,OFF,ON,ON,59.58
Office,18,28.9,52.3,No,Day,ON,OFF,ON,52.05
Meeting Hall,3,32.34,71.18,No,Night,ON,OFF,OFF,43.04
Office,96,28.32,41.21,No,Day,ON,OFF,ON,65.95
Office,97,30.53,70.38,Yes,Night,ON,ON,ON,53.94
Meeting Hall,95,22.23,74.49,No,Night,OFF,ON,ON,53.87
Office,56,21.32,40.03,No,Day,ON,ON,OFF,51.87
Floor,81,27.44,79.64,No,Day,ON,ON,ON,84.67
Office,8,28.85,55.84,Yes,Night,OFF,ON,ON,30.6
Meeting Hall,100,32.82,57.59,Yes,Day,OFF,ON,OFF,60.92
Floor,47,31.96,60.8,No,Day,OFF,ON,ON,66.18
Meeting Hall,35,34.81,70.14,No,Night,OFF,ON,ON,49.88
Meeting Hall,66,34.43,62.66,Yes,Day,OFF,ON,ON,63.71
Corridor,17,28.6,66.74,No,Night,ON,ON,ON,43.25
Corridor,39,26.56,51.99,No,Night,ON,OFF,ON,41.17
Meeting Hall,88,30.93,59.5,No,Night,ON,OFF,ON,73.87
Meeting Hall,65,22.44,42.35,Yes,Day,ON,ON,OFF,59.33
Meeting Hall,64,23.99,48.16,Yes,Day,OFF,OFF,OFF,45.87
Corridor,87,31.04,61.58,No,Day,ON,OFF,ON,62.23
Corridor,23,34.15,32.05,Yes,Night,ON,ON,OFF,40.54
Office,52,33.22,58.93,Yes,Night,ON,ON,ON,53.94
Office,41,19.24,57.54,No,Day,ON,OFF,ON,48.18
Meeting Hall,52,21.94,39.33,No,Day,OFF,OFF,OFF,50.41
Floor,61,22.65,76.67,Yes,Day,ON,ON,ON,68.76
Floor,61,24.51,34.18,Yes,Night,ON,ON,OFF,60.82
Corridor,67,19.2,32.58,Yes,Night,ON,OFF,ON,36.98
Corridor,34,21.93,73.06,Yes,Night,OFF,ON,ON,34.08
Corridor,98,30.17,72.02,No,Night,OFF,OFF,ON,53.95
Meeting Hall,56,22.16,49.81,No,Night,ON,ON,ON,55.48
Floor,60,34.02,78.77,No,Night,OFF,OFF,ON,66.26
Office,11,25.19,78.77,No,Day,OFF,ON,ON,42.57
Meeting Hall,48,19.69,36.25,No,Day,OFF,ON,ON,53.55
Office,86,32.33,53.97,Yes,Night,OFF,OFF,OFF,33.13
Office,21,33.56,32.67,No,Day,OFF,ON,OFF,43.39
Meeting Hall,89,33.78,47.89,No,Day,ON,ON,ON,76.29
Office,67,26.4,33.58,No,Day,OFF,OFF,ON,48.25
Floor,70,33.65,38.04,Yes,Day,OFF,ON,ON,71.55
Office,22,30.06,74.63,No,Day,OFF,ON,OFF,40.85
Floor,94,21.33,72.22,No,Day,OFF,ON,ON,68.89
Floor,6,27.06,72.9,No,Day,ON,OFF,ON,68.49
Floor,21,25.36,31.63,Yes,Day,ON,OFF,OFF,53.4
Corridor,39,25.67,58.46,No,Day,ON,OFF,ON,50.54
Office,18,25.03,68.7,No,Night,OFF,ON,ON,39.56
Meeting Hall,52,20.98,64.58,No,Day,ON,ON,ON,68.43
Meeting Hall,29,24.63,55.03,No,Day,ON,ON,OFF,63.07
Office,25,26.7,36.09,Yes,Day,ON,OFF,ON,45.57
Corridor,40,22.86,68.7,Yes,Day,ON,OFF,OFF,37.92
Corridor,21,21.01,74.49,No,Day,OFF,OFF,ON,37.33
Floor,60,21.37,43.42,No,Night,OFF,OFF,OFF,49.85
Office,72,21.28,56.98,No,Night,OFF,ON,ON,45.93
Office,45,25.59,54.52,No,Day,ON,ON,ON,59.75
Meeting Hall,57,21.55,66.66,No,Day,OFF,OFF,OFF,48.26
Office,28,30.19,76.3,Yes,Day,ON,ON,ON,54.92
Corridor,95,23.71,52.66,No,Night,ON,ON,ON,56.46
Office,52,33.97,53.12,No,Night,OFF,OFF,OFF,35.51
Meeting Hall,17,19.07,41.3,No,Day,OFF,ON,ON,44.44
Floor,30,23.27,38.96,No,Day,OFF,ON,OFF,54.68
Meeting Hall,31,30.55,31.93,No,Night,ON,ON,ON,53.4
Meeting Hall,8,29.64,70.88,Yes,Night,ON,OFF,OFF,43.57
Floor,93,25.15,50.12,No,Day,ON,ON,ON,87.32
Meeting Hall,36,32.79,33.66,Yes,Night,ON,OFF,OFF,47.82
Meeting Hall,95,19.21,57.56,No,Day,ON,ON,ON,68.6
Office,7,26.65,46.77,Yes,Day,ON,OFF,ON,41.01
Office,23,21.41,78.57,No,Night,ON,ON,ON,43.75
Floor,67,24.36,52.39,No,Day,ON,OFF,ON,70.05
Office,51,29.88,35.14,No,Night,OFF,ON,ON,43.85
Office,45,19.68,61.91,Yes,Day,OFF,OFF,ON,43.21
Meeting Hall,16,18.74,69.67,No,Day,OFF,OFF,OFF,41.03
Corridor,20,25.15,59.07,No,Day,ON,ON,ON,54.18
Office,47,22.61,68.74,No,Day,ON,ON,OFF,45.98
Corridor,8,30.25,44.99,Yes,Day,ON,ON,OFF,46.25
Office,68,19.11,56.56,No,Night,ON,OFF,ON,54.54
Office,4,34.43,71.35,No,Day,ON,ON,ON,53.01
Floor,93,28.55,33.76,Yes,Night,ON,ON,OFF,61.97
Floor,5,26.52,42.97,No,Day,OFF,OFF,ON,52.8
Floor,71,25.01,61.34,No,Night,ON,OFF,OFF,69.02
Corridor,47,30.73,55.3,No,Day,OFF,ON,ON,50.83
Meeting Hall,45,24.06,68.48,No,Day,OFF,ON,ON,55.49
Office,96,31.21,38.91,No,Day,ON,ON,ON,71.84
Office,78,30.08,72.37,No,Day,ON,ON,OFF,65.65
Office,100,27.37,60.93,No,Day,OFF,ON,OFF,53.38
Corridor,72,33.11,40.17,No,Day,ON,OFF,ON,62.54
Floor,62,23.88,32.83,No,Night,ON,ON,OFF,67.18
Meeting Hall,2,18.98,79.1,No,Night,OFF,ON,ON,35.63
Corridor,30,24.4,52.2,Yes,Night,OFF,ON,OFF,26.99
Floor,6,32.88,43.38,No,Day,OFF,OFF,OFF,53.49
Corridor,15,19.31,39.01,No,Night,ON,ON,OFF,28.26
Meeting Hall,91,30.97,42.21,Yes,Night,ON,OFF,ON,62.17
Floor,98,32.03,54.49,Yes,Day,ON,ON,ON,81.74
Corridor,14,25.28,72.65,No,Day,ON,ON,ON,48.2
Meeting Hall,6,21.31,40.42,No,Day,ON,OFF,ON,56.59
Office,98,24.04,48.41,No,Day,ON,ON,ON,71.86
Meeting Hall,94,24.77,69.86,No,Day,OFF,OFF,OFF,60.41
Office,37,33.85,63.22,Yes,Day,OFF,OFF,ON,47.55
Corridor,7,22.84,31.44,No,Night,OFF,ON,ON,30.21
Floor,55,34.53,42.52,No,Day,OFF,OFF,ON,68.12
Floor,79,19.85,36.37,No,Day,ON,OFF,ON,77.21
Corridor,97,34.56,32.06,Yes,Night,ON,OFF,OFF,48.95
Floor,0,21.8,77.36,No,Night,OFF,ON,OFF,44.07
Floor,18,20.85,61.05,Yes,Night,OFF,ON,OFF,46.47
Office,77,20.04,57.09,No,Day,ON,ON,OFF,59.83
Corridor,18,23.38,73.0,No,Day,ON,OFF,OFF,40.08
Meeting Hall,86,28.48,59.57,No,Day,OFF,ON,ON,65.64
Office,3,29.33,58.88,Yes,Day,ON,ON,ON,47.24
Corridor,63,24.29,40.09,No,Day,ON,ON,OFF,48.49
Office,97,21.92,61.02,No,Day,ON,OFF,ON,55.29
Meeting Hall,1,34.92,63.4,No,Night,OFF,ON,OFF,36.68
Meeting Hall,75,22.6,74.07,No,Day,ON,ON,OFF,64.8
Corridor,22,24.43,51.27,No,Day,OFF,OFF,ON,38.13
Meeting Hall,55,26.18,40.2,No,Day,ON,ON,ON,69.65
Office,81,30.57,58.46,No,Night,ON,ON,ON,61.95
Meeting Hall,95,20.59,78.63,No,Day,OFF,ON,OFF,58.06
Office,50,22.52,33.77,Yes,Day,ON,ON,OFF,52.35
Office,80,34.95,30.17,No,Day,ON,ON,ON,67.25
Meeting Hall,30,32.03,31.8,No,Day,ON,ON,OFF,67.07
Corridor,57,25.55,71.57,Yes,Day,OFF,ON,ON,42.83
Floor,35,19.85,30.06,No,Day,ON,OFF,ON,63.5
Meeting Hall,89,32.73,41.08,No,Day,ON,ON,ON,76.65
Office,11,31.31,79.08,No,Night,OFF,ON,ON,37.34
Office,34,27.87,67.29,No,Day,ON,ON,ON,55.12
Meeting Hall,79,24.88,40.94,Yes,Night,ON,ON,ON,59.12
Corridor,3,33.91,41.09,No,Day,OFF,OFF,ON,43.16
Corridor,27,23.03,52.92,Yes,Day,ON,ON,OFF,45.93
Office,32,23.46,33.8,No,Day,ON,ON,ON,55.22
Office,100,32.88,62.65,Yes,Day,ON,OFF,ON,65.37
Corridor,73,28.65,54.83,Yes,Day,OFF,OFF,ON,52.94
Floor,30,34.17,50.96,No,Day,ON,OFF,OFF,60.62
Meeting Hall,77,28.97,54.51,No,Night,ON,OFF,OFF,56.43
Office,4,18.56,43.59,No,Night,OFF,ON,OFF,16.66
Office,9,21.01,40.68,No,Night,ON,OFF,ON,43.46
Corridor,24,22.79,33.43,Yes,Day,ON,OFF,ON,44.48
Meeting Hall,40,32.74,61.27,Yes,Day,ON,ON,ON,66.56
Corridor,16,32.12,54.7,No,Day,OFF,OFF,ON,38.32
Meeting Hall,60,31.44,65.55,Yes,Day,ON,ON,ON,74.03
Meeting Hall,83,27.41,74.72,No,Day,OFF,OFF,OFF,57.58
Meeting Hall,59,20.36,79.65,No,Day,OFF,ON,ON,57.85
Office,32,20.23,41.37,No,Night,ON,ON,OFF,46.5
Floor,8,20.14,38.4,No,Day,ON,ON,ON,66.99
Corridor,49,32.53,75.61,No,Day,OFF,ON,ON,48.5
Floor,30,20.41,50.08,No,Day,ON,ON,ON,70.95
Corridor,4,31.74,70.17,Yes,Day,ON,ON,OFF,38.33
Meeting Hall,45,32.36,36.77,Yes,Night,ON,OFF,ON,58.23
Office,92,19.79,44.74,No,Day,ON,OFF,ON,66.72
Floor,3,33.33,30.55,No,Night,ON,ON,ON,56.56
Office,30,33.26,79.49,No,Day,ON,OFF,ON,58.36
Corridor,3,28.85,30.28,No,Day,ON,ON,ON,47.08
Office,17,26.72,38.58,Yes,Night,ON,OFF,ON,34.97
Office,81,29.0,57.88,No,Day,OFF,ON,OFF,57.23
Floor,33,24.88,72.52,No,Day,OFF,OFF,OFF,49.75
Meeting Hall,47,28.01,69.7,Yes,Day,ON,OFF,ON,58.16
Office,62,34.48,42.66,No,Day,ON,ON,ON,64.68
Meeting Hall,13,19.93,74.01,Yes,Night,ON,ON,ON,42.64
Corridor,89,21.97,33.48,No,Night,ON,OFF,ON,53.04
Office,86,26.91,46.59,No,Night,ON,OFF,OFF,48.53
Floor,32,22.4,43.15,No,Day,ON,ON,ON,70.03
Corridor,80,34.88,62.79,No,Day,OFF,ON,OFF,51.41
Corridor,41,30.24,31.91,No,Day,ON,OFF,ON,56.23
Floor,31,25.38,72.72,No,Night,ON,OFF,ON,64.04
Office,98,33.35,78.07,No,Night,ON,ON,OFF,62.45
Office,42,20.46,41.81,No,Day,ON,OFF,ON,49.95
Corridor,56,22.89,75.1,No,Day,OFF,ON,ON,45.63
Office,93,34.25,75.31,Yes,Day,ON,OFF,ON,62.83
Meeting Hall,14,27.47,61.32,No,Day,OFF,OFF,ON,46.2
Floor,49,33.65,55.35,No,Day,ON,ON,ON,74.12
Meeting Hall,70,34.73,68.73,Yes,Day,ON,ON,OFF,65.69
Office,62,24.12,55.9,No,Day,OFF,OFF,OFF,44.16
Corridor,69,27.8,67.21,No,Night,ON,ON,OFF,48.75
Floor,8,32.39,34.64,Yes,Night,ON,OFF,ON,49.61
Office,12,22.64,44.26,No,Night,OFF,OFF,OFF,23.12
Office,17,25.59,49.72,No,Day,ON,ON,OFF,49.32
Corridor,34,20.61,40.25,No,Day,OFF,OFF,ON,39.2
Corridor,0,29.09,41.52,Yes,Day,ON,ON,ON,40.16
Meeting Hall,87,18.07,68.08,No,Day,ON,OFF,OFF,64.29
Floor,35,25.64,38.68,No,Day,ON,OFF,OFF,63.84
Floor,79,33.8,35.61,No,Night,OFF,OFF,ON,62.21
Corridor,81,33.25,44.02,Yes,Day,ON,ON,ON,64.93
Meeting Hall,66,31.66,38.0,Yes,Night,ON,ON,OFF,52.02
Floor,45,20.4,40.15,No,Night,ON,ON,ON,56.25
Corridor,36,26.84,69.15,No,Night,ON,ON,ON,46.75
Office,71,30.23,52.05,Yes,Night,ON,ON,OFF,49.56
Floor,81,19.72,51.7,Yes,Day,ON,OFF,ON,70.79
Meeting Hall,28,20.5,56.24,No,Night,OFF,ON,OFF,28.93
Meeting Hall,100,18.68,34.46,Yes,Day,ON,ON,OFF,62.75
Meeting Hall,90,23.49,79.36,No,Night,ON,ON,ON,67.35
Office,43,32.91,72.36,Yes,Day,ON,ON,ON,64.31
Floor,92,26.63,44.64,Yes,Day,ON,OFF,ON,76.73
Floor,67,32.51,32.84,No,Day,OFF,ON,ON,72.29
Office,75,19.42,60.87,No,Day,ON,ON,OFF,58.2
Floor,76,18.95,59.61,No,Day,ON,ON,ON,82.81
Office,13,31.67,45.5,No,Day,ON,ON,OFF,51.14
Office,77,26.46,47.03,No,Night,OFF,ON,OFF,46.96
Office,50,26.01,56.29,No,Day,OFF,OFF,ON,41.6
Meeting Hall,73,26.09,73.96,Yes,Day,ON,OFF,OFF,64.66
Floor,85,24.48,35.46,No,Day,ON,ON,OFF,73.15
Office,8,33.07,55.49,No,Day,ON,ON,OFF,47.7
Floor,87,26.86,51.85,No,Day,ON,OFF,ON,80.35
Meeting Hall,80,34.56,53.32,Yes,Night,ON,ON,OFF,60.28
Office,87,32.39,75.49,No,Day,OFF,ON,ON,61.63
Corridor,68,30.54,57.22,No,Day,ON,ON,OFF,59.44
Meeting Hall,33,28.82,64.75,No,Day,OFF,OFF,ON,50.14
Corridor,64,32.2,75.63,Yes,Day,ON,OFF,ON,57.82
Floor,26,32.99,45.12,Yes,Day,OFF,ON,ON,54.6
Floor,39,20.27,47.93,No,Night,ON,ON,ON,64.97
Meeting Hall,7,24.12,41.33,Yes,Day,ON,OFF,ON,50.63
Floor,5,31.69,62.59,No,Day,OFF,OFF,ON,54.49
Corridor,52,21.76,42.69,No,Day,ON,OFF,OFF,42.11
Office,4,27.97,41.73,No,Day,ON,OFF,ON,45.33
Office,53,31.27,79.34,No,Night,OFF,OFF,ON,42.18
Office,17,21.81,64.87,No,Day,ON,ON,OFF,44.17
Meeting Hall,70,24.83,70.72,No,Day,ON,ON,ON,71.88
Floor,35,33.56,78.44,Yes,Night,OFF,ON,OFF,51.49
Corridor,96,24.05,78.55,Yes,Day,OFF,ON,ON,54.17
Floor,53,28.28,46.66,No,Night,OFF,OFF,ON,53.6
Floor,33,25.38,55.94,Yes,Day,ON,OFF,ON,65.24
Floor,31,32.91,76.17,No,Day,OFF,OFF,OFF,51.54
Office,50,25.21,31.28,Yes,Night,OFF,OFF,OFF,21.98
Corridor,2,24.11,75.81,No,Night,OFF,ON,OFF,27.61
Corridor,64,20.95,72.9,No,Day,OFF,OFF,ON,40.27
Floor,84,23.94,53.4,No,Night,ON,ON,OFF,62.59
Office,12,29.38,55.85,Yes,Day,ON,OFF,OFF,35.34
Office,7,20.99,32.38,No,Day,ON,ON,ON,49.44
Corridor,43,29.99,57.79,Yes,Day,OFF,ON,OFF,39.02
Office,29,18.18,36.16,No,Day,ON,ON,OFF,46.83
Office,7,24.24,43.2,Yes,Night,OFF,ON,ON,30.44
Office,57,25.92,70.2,No,Day,OFF,ON,ON,50.87
Meeting Hall,90,19.63,55.23,No,Day,OFF,ON,OFF,54.76
Floor,86,29.63,67.59,No,Night,OFF,ON,ON,62.9
Corridor,7,19.75,76.59,No,Day,OFF,OFF,OFF,29.22
Corridor,60,19.53,38.56,Yes,Day,OFF,OFF,ON,38.44
Meeting Hall,78,24.25,42.98,No,Day,OFF,OFF,ON,54.81
Floor,52,30.55,59.35,No,Day,ON,OFF,ON,79.3
Corridor,70,34.38,77.48,No,Night,ON,ON,OFF,49.37
Office,75,31.19,68.97,No,Day,ON,OFF,ON,65.9
Corridor,35,25.92,61.97,Yes,Day,ON,ON,ON,44.48
Office,93,22.63,63.96,No,Night,ON,ON,ON,57.54
Meeting Hall,73,23.12,51.63,Yes,Day,OFF,OFF,ON,47.17
Office,61,22.82,50.19,No,Day,OFF,ON,OFF,47.48
Corridor,18,22.73,79.34,No,Night,ON,ON,ON,50.99
Corridor,17,19.17,72.82,No,Day,OFF,OFF,OFF,25.23
Corridor,43,21.75,68.05,Yes,Day,ON,OFF,ON,44.41
Meeting Hall,19,19.83,65.99,No,Day,ON,OFF,ON,62.23
Meeting Hall,1,18.13,58.36,No,Day,OFF,ON,ON,41.84
Floor,29,22.86,46.45,No,Day,ON,OFF,OFF,64.12
Corridor,50,23.99,51.64,Yes,Day,OFF,OFF,OFF,34.87
Office,43,33.77,32.94,Yes,Night,ON,OFF,OFF,43.25
Meeting Hall,46,34.91,34.47,Yes,Day,ON,OFF,OFF,62.05
Corridor,42,27.85,49.22,No,Day,OFF,ON,OFF,42.81
Corridor,10,33.32,35.79,Yes,Night,ON,ON,ON,36.74
Meeting Hall,85,28.51,49.9,No,Day,OFF,OFF,ON,58.98
Floor,41,26.46,40.67,Yes,Night,ON,OFF,OFF,49.38
Meeting Hall,18,18.73,47.5,No,Day,ON,ON,OFF,48.83
Meeting Hall,2,18.76,48.96,No,Day,OFF,OFF,ON,43.53
Office,3,18.52,69.72,No,Night,OFF,ON,OFF,22.66
Office,98,20.55,64.28,No,Day,ON,ON,ON,69.1
Floor,37,19.31,70.75,Yes,Night,ON,ON,ON,57.94
Corridor,72,21.31,48.24,Yes,Day,OFF,ON,OFF,40.92
Meeting Hall,71,26.83,71.29,Yes,Day,ON,ON,OFF,59.59
Floor,33,26.55,77.48,No,Day,ON,OFF,ON,74.54
Office,50,23.85,43.87,No,Day,OFF,ON,ON,54.08
Meeting Hall,30,29.32,65.93,No,Night,ON,ON,OFF,50.44
Corridor,82,24.66,32.88,No,Day,ON,OFF,ON,57.01
Office,36,21.74,56.05,No,Night,ON,ON,ON,46.89
Office,95,29.77,37.82,No,Day,OFF,OFF,ON,59.02
Office,43,34.66,71.65,No,Day,ON,OFF,ON,61.54
Floor,58,31.78,50.71,Yes,Day,OFF,ON,OFF,58.18
Corridor,91,25.04,60.22,No,Day,ON,OFF,ON,59.32
Meeting Hall,17,24.39,59.11,No,Day,ON,OFF,ON,60.2
Floor,24,18.66,35.21,No,Day,ON,OFF,OFF,57.73
Floor,9,29.17,35.01,No,Day,ON,ON,OFF,63.57
Floor,68,21.78,58.58,No,Night,ON,ON,ON,74.31
Office,78,29.62,45.75,Yes,Night,ON,ON,ON,56.43
Corridor,24,30.92,35.57,No,Day,OFF,OFF,ON,44.2
Floor,83,32.96,45.5,No,Day,OFF,OFF,ON,71.41
Meeting Hall,50,27.32,39.53,Yes,Day,ON,OFF,ON,57.61
Corridor,52,32.11,31.98,No,Day,OFF,ON,ON,49.78
Meeting Hall,9,30.29,48.99,No,Day,OFF,ON,OFF,43.27
Corridor,48,24.0,64.04,No,Day,ON,ON,OFF,47.77
Meeting Hall,37,19.81,35.66,Yes,Night,ON,ON,OFF,40.71
Office,91,22.12,59.26,No,Day,ON,OFF,OFF,49.34
Floor,45,32.36,37.58,No,Day,ON,ON,OFF,70.99
Meeting Hall,69,27.09,33.42,No,Day,ON,ON,ON,72.34
Corridor,10,29.31,34.61,No,Night,ON,OFF,ON,35.04
Floor,82,31.7,40.49,No,Day,ON,ON,ON,80.27
Floor,15,29.34,53.28,No,Night,OFF,OFF,OFF,42.54
Corridor,31,32.55,52.22,No,Night,OFF,ON,ON,42.76
Meeting Hall,1,19.47,53.82,No,Night,ON,OFF,ON,41.55
Office,57,33.36,48.79,No,Night,OFF,ON,OFF,44.88
Office,89,31.81,74.01,Yes,Day,ON,ON,ON,73.85
Meeting Hall,84,33.35,74.23,No,Day,OFF,OFF,ON,59.95
Floor,37,30.42,62.9,No,Day,ON,OFF,ON,77.63
Floor,78,22.66,46.2,No,Day,ON,ON,ON,84.0
Floor,56,19.94,39.25,Yes,Day,ON,OFF,ON,65.35
Floor,76,20.2,64.89,No,Day,ON,OFF,ON,79.66
Meeting Hall,70,26.48,79.83,Yes,Day,ON,ON,ON,70.2
Floor,58,24.65,70.97,Yes,Night,ON,OFF,ON,58.68
Corridor,56,29.12,46.39,No,Day,ON,ON,ON,56.91
Floor,66,26.56,39.59,No,Day,ON,ON,ON,75.25
Office,14,20.13,70.88,No,Night,OFF,ON,ON,37.26
Floor,83,18.04,50.11,Yes,Day,ON,ON,OFF,71.25
Meeting Hall,57,20.18,59.25,No,Night,OFF,ON,OFF,47.29
Office,2,20.49,32.13,Yes,Night,OFF,ON,OFF,17.86
Meeting Hall,57,30.24,70.32,No,Day,ON,ON,ON,77.34
Meeting Hall,26,22.85,40.11,No,Day,ON,OFF,ON,56.35
Office,14,19.59,68.18,No,Day,OFF,OFF,OFF,36.09
Meeting Hall,59,30.84,63.02,No,Night,ON,ON,ON,66.37
Meeting Hall,2,33.99,50.62,Yes,Day,OFF,ON,OFF,39.68
Floor,27,19.71,56.68,No,Day,ON,OFF,ON,66.92
Corridor,46,34.37,56.88,No,Night,ON,ON,OFF,48.51
Meeting Hall,64,34.15,41.26,No,Day,ON,ON,ON,66.67
Meeting Hall,52,26.89,36.46,No,Night,ON,ON,ON,60.02
Meeting Hall,19,23.03,70.5,Yes,Night,OFF,OFF,ON,31.68
Floor,10,20.35,64.5,No,Night,OFF,ON,OFF,42.94
Corridor,24,32.01,61.07,No,Night,OFF,ON,OFF,34.9
Office,62,28.28,43.92,Yes,Day,ON,OFF,ON,53.39
Floor,3,29.07,50.11,Yes,Night,ON,ON,ON,55.98
Floor,82,32.63,37.36,Yes,Day,ON,ON,ON,81.47
Corridor,53,25.55,67.72,No,Day,OFF,OFF,ON,42.76
Corridor,59,24.26,30.75,No,Day,ON,ON,ON,57.36
Floor,27,30.96,30.14,Yes,Night,ON,OFF,OFF,45.46
Office,9,23.05,56.05,Yes,Night,OFF,ON,ON,27.97
Floor,84,23.57,47.21,No,Night,ON,ON,OFF,69.66
Corridor,35,24.48,37.19,No,Day,ON,ON,OFF,46.5
Office,79,32.56,66.15,No,Night,ON,OFF,ON,57.33
Corridor,32,31.24,76.6,No,Night,ON,ON,ON,50.97
Office,58,22.95,44.03,Yes,Day,OFF,ON,OFF,36.52
Meeting Hall,44,20.44,60.13,No,Day,ON,OFF,ON,57.11
Corridor,50,24.68,67.24,No,Day,ON,OFF,ON,54.1
Corridor,45,28.62,60.79,Yes,Day,ON,ON,OFF,47.18
Floor,12,29.5,49.15,No,Day,ON,ON,ON,69.21
Corridor,92,21.41,57.78,No,Day,ON,ON,ON,66.02
Corridor,3,22.24,66.23,No,Day,ON,ON,ON,48.14
Meeting Hall,41,33.81,77.16,Yes,Day,ON,OFF,OFF,52.99
Corridor,26,24.55,68.62,No,Day,ON,OFF,ON,45.4
Meeting Hall,7,23.34,45.75,No,Day,OFF,ON,ON,49.59
Meeting Hall,45,29.83,63.59,No,Night,ON,ON,ON,63.26
Meeting Hall,7,25.95,75.81,No,Day,OFF,OFF,OFF,40.78
Meeting Hall,88,22.2,55.95,Yes,Day,ON,OFF,OFF,62.33
Office,25,24.96,34.78,Yes,Day,ON,ON,ON,55.36
Floor,0,20.45,62.06,No,Day,OFF,ON,OFF,51.38
Office,96,22.75,60.25,Yes,Night,ON,ON,ON,67.21
Corridor,82,25.11,36.72,No,Day,ON,OFF,ON,61.32
Office,60,26.81,41.98,No,Day,ON,ON,OFF,56.41
Office,83,30.61,63.6,No,Night,ON,OFF,ON,56.91
Corridor,81,24.54,78.68,No,Day,ON,ON,OFF,59.61
Corridor,89,27.28,38.69,No,Day,ON,OFF,OFF,59.53
Corridor,38,34.17,60.7,Yes,Day,OFF,ON,ON,46.09
Office,8,31.91,53.69,No,Day,ON,ON,OFF,46.55
Office,26,22.03,46.98,No,Night,OFF,ON,ON,37.27
Corridor,69,21.63,75.71,No,Day,ON,ON,ON,62.75
Floor,19,29.27,76.86,No,Night,ON,ON,ON,64.67
Floor,64,28.12,38.17,No,Night,OFF,OFF,OFF,56.27
Meeting Hall,15,27.3,65.32,Yes,Day,ON,ON,ON,54.93
Corridor,67,20.62,68.7,Yes,Day,OFF,ON,OFF,37.27
Meeting Hall,66,24.16,76.16,Yes,Day,ON,ON,OFF,62.48
Floor,21,30.91,33.66,No,Day,ON,ON,ON,73.7
Meeting Hall,72,30.3,76.6,Yes,Day,OFF,ON,OFF,56.0
Corridor,55,20.81,42.32,Yes,Day,OFF,ON,ON,37.65
Corridor,56,25.26,72.91,Yes,Day,ON,ON,ON,57.15
Corridor,53,25.53,71.41,Yes,Night,OFF,ON,OFF,37.1
Office,7,26.65,69.68,No,Day,OFF,ON,ON,45.64
Meeting Hall,6,25.84,44.69,Yes,Day,ON,ON,ON,58.82
Floor,75,26.53,67.99,Yes,Night,OFF,ON,ON,58.14
Floor,0,31.82,43.09,No,Day,OFF,OFF,ON,59.92
Floor,53,24.62,45.49,No,Day,ON,ON,OFF,70.46
Office,11,27.38,70.86,No,Day,ON,ON,ON,53.02
Office,79,28.32,59.22,No,Day,OFF,OFF,ON,52.53
Corridor,13,34.02,45.07,Yes,Day,ON,ON,OFF,47.13
Floor,93,29.13,64.98,No,Day,ON,ON,OFF,85.54
Office,18,20.22,72.88,Yes,Day,ON,ON,ON,47.68
Corridor,18,27.9,57.88,No,Night,ON,OFF,ON,45.91
Floor,76,29.25,40.93,No,Day,ON,OFF,ON,80.59
Meeting Hall,73,18.16,58.99,Yes,Day,OFF,OFF,OFF,44.73
Corridor,92,19.28,59.28,No,Day,OFF,OFF,ON,48.61
Office,27,18.32,61.55,No,Day,ON,OFF,ON,53.42
Office,76,18.82,69.04,No,Day,OFF,OFF,OFF,44.0
Corridor,14,19.52,79.04,No,Night,ON,ON,ON,47.8
Corridor,80,34.28,35.5,No,Day,ON,ON,ON,63.11
Office,62,21.51,39.58,Yes,Day,ON,OFF,ON,49.92
Meeting Hall,22,21.48,70.75,Yes,Day,OFF,OFF,OFF,38.45
Floor,42,32.58,56.45,No,Day,ON,ON,ON,76.51
Meeting Hall,9,30.8,67.28,No,Day,ON,ON,ON,60.76
Corridor,35,29.49,50.8,No,Day,ON,OFF,OFF,45.87
Meeting Hall,62,25.17,71.94,No,Day,OFF,ON,OFF,55.39
Office,48,18.53,51.06,No,Day,OFF,ON,ON,49.42
Corridor,13,32.05,77.33,No,Day,ON,OFF,ON,51.9
Floor,95,32.63,49.55,No,Day,ON,ON,ON,87.2
Office,33,26.19,44.07,No,Day,OFF,ON,ON,40.12
Office,94,28.96,35.1,No,Night,OFF,OFF,ON,52.13
Floor,38,26.12,72.43,No,Day,ON,ON,ON,72.31
Floor,31,23.03,77.47,No,Night,OFF,OFF,ON,49.02
Meeting Hall,79,27.19,74.71,Yes,Day,OFF,OFF,ON,59.16
Corridor,89,29.71,68.0,No,Day,ON,OFF,ON,63.48
Floor,80,20.63,51.61,No,Day,ON,OFF,ON,76.29
Floor,21,27.02,45.4,No,Day,ON,ON,OFF,68.09
Corridor,99,31.19,44.23,No,Day,OFF,ON,ON,60.54
Floor,34,26.09,67.98,No,Day,ON,OFF,ON,64.66
Floor,22,20.67,47.24,Yes,Night,ON,ON,ON,57.81
Meeting Hall,24,32.79,69.26,No,Day,OFF,ON,OFF,48.84
Office,68,29.46,79.11,No,Day,OFF,OFF,ON,53.38
Office,5,28.75,39.44,No,Day,ON,OFF,ON,47.29
Office,89,29.08,35.71,Yes,Night,ON,OFF,ON,54.48
Office,59,22.17,35.97,No,Night,ON,OFF,ON,48.65
Floor,5,26.37,32.95,No,Day,ON,OFF,ON,59.75
Corridor,18,23.54,64.55,No,Night,OFF,OFF,ON,27.39
Corridor,18,32.17,59.65,No,Day,ON,ON,ON,59.91
Meeting Hall,94,28.01,58.22,No,Day,ON,ON,OFF,78.23
Meeting Hall,100,30.19,59.08,No,Day,OFF,OFF,ON,62.78
Floor,86,29.23,33.48,No,Night,ON,ON,ON,80.01
Corridor,11,26.22,44.56,No,Night,ON,OFF,ON,39.25
Corridor,12,31.68,43.29,Yes,Night,ON,OFF,ON,39.38
Office,85,28.46,53.95,No,Day,OFF,OFF,ON,58.94
Floor,49,21.86,73.95,No,Night,ON,OFF,ON,63.22
Floor,66,22.94,78.61,No,Day,ON,OFF,ON,74.79
Office,75,32.06,60.6,No,Day,ON,ON,OFF,67.45
Floor,100,34.0,42.34,Yes,Day,OFF,ON,ON,74.67
Floor,30,27.32,49.03,Yes,Day,ON,ON,OFF,60.93
Meeting Hall,76,24.55,46.27,No,Day,ON,ON,OFF,62.6
Corridor,22,28.63,40.2,Yes,Day,OFF,ON,ON,36.35
Floor,76,26.22,78.93,No,Night,OFF,OFF,ON,61.03
Meeting Hall,69,32.31,36.58,No,Day,OFF,ON,ON,63.8
Corridor,57,32.16,58.32,No,Day,ON,ON,ON,61.11
Office,66,25.75,69.93,Yes,Night,OFF,ON,OFF,33.81
Meeting Hall,70,31.68,76.98,Yes,Day,ON,ON,ON,66.8
Meeting Hall,9,21.28,40.05,No,Day,ON,ON,ON,52.42
Corridor,94,24.36,39.61,No,Day,ON,ON,ON,60.42
Office,67,19.35,54.86,No,Day,ON,OFF,OFF,56.03
Meeting Hall,43,31.73,49.22,No,Day,ON,ON,ON,64.1
Floor,69,34.58,42.47,No,Day,ON,ON,OFF,76.25
Floor,81,27.8,34.72,No,Night,OFF,ON,ON,66.18
Floor,70,31.03,48.23,No,Day,ON,OFF,ON,83.9
Office,97,24.83,44.08,No,Day,ON,OFF,OFF,58.67
Meeting Hall,86,27.55,38.6,Yes,Day,ON,OFF,ON,66.76
Floor,7,23.91,48.41,Yes,Day,OFF,OFF,OFF,45.94
Office,87,29.85,34.08,No,Day,ON,ON,ON,72.0
Floor,27,22.19,75.86,No,Night,ON,ON,OFF,57.94
Corridor,54,20.61,59.95,No,Night,ON,ON,OFF,41.77
Meeting Hall,66,33.28,53.96,Yes,Day,OFF,OFF,ON,60.34
Meeting Hall,76,32.69,36.48,No,Night,ON,ON,ON,68.56
Office,38,32.19,68.87,Yes,Day,ON,OFF,ON,52.42
Office,32,31.97,33.77,No,Day,ON,ON,OFF,49.93
Meeting Hall,79,30.4,79.25,No,Day,OFF,ON,ON,67.02
Floor,74,32.87,72.14,No,Day,ON,ON,OFF,85.31
Floor,28,21.57,53.55,No,Night,ON,OFF,ON,59.8
Corridor,88,32.8,63.59,No,Day,ON,ON,OFF,64.43
Floor,16,33.6,34.45,No,Day,OFF,OFF,ON,58.12
Office,36,30.17,54.43,No,Night,ON,ON,ON,53.09
Office,5,28.19,70.98,No,Night,ON,ON,ON,46.89
Floor,45,22.01,33.91,No,Night,ON,ON,OFF,61.51
Office,13,32.72,40.85,Yes,Day,ON,ON,ON,47.85
Meeting Hall,82,27.81,68.87,Yes,Day,ON,ON,OFF,70.04
Meeting Hall,36,28.38,52.92,Yes,Day,ON,ON,OFF,56.87
Floor,75,28.31,63.25,Yes,Day,OFF,ON,OFF,63.39
Meeting Hall,82,32.74,70.91,No,Night,ON,OFF,ON,70.14
Meeting Hall,84,20.33,37.27,No,Night,OFF,ON,ON,57.3
Corridor,28,19.05,53.43,No,Night,ON,ON,ON,42.96
Corridor,91,21.81,58.13,No,Day,OFF,OFF,OFF,40.57
Meeting Hall,80,26.36,60.75,No,Night,ON,OFF,ON,55.13
Floor,48,25.98,72.39,No,Night,ON,ON,ON,68.78
Corridor,1,26.7,53.82,No,Day,ON,OFF,ON,44.18
Office,69,19.94,45.86,Yes,Day,OFF,OFF,OFF,38.94
Office,88,31.48,70.12,Yes,Night,OFF,ON,ON,47.74
Office,82,23.14,74.84,No,Day,ON,ON,OFF,63.78
Floor,69,33.52,47.93,No,Night,ON,ON,ON,81.88
Meeting Hall,64,32.28,66.32,Yes,Day,ON,ON,ON,68.87
Office,45,19.08,40.6,Yes,Night,ON,OFF,OFF,37.82
Floor,62,18.91,34.5,No,Night,ON,ON,ON,70.27
Corridor,97,28.69,48.83,Yes,Day,ON,ON,OFF,62.27
Meeting Hall,84,19.31,50.35,No,Night,ON,OFF,ON,63.81
Corridor,20,27.72,35.7,No,Day,OFF,OFF,ON,41.16
Floor,26,19.35,35.11,No,Day,OFF,ON,ON,57.98
Office,62,26.15,65.31,No,Day,ON,OFF,OFF,57.5
Office,22,25.12,65.94,No,Day,OFF,OFF,OFF,34.67
Floor,99,28.05,33.62,No,Night,ON,OFF,ON,77.55
Office,99,24.06,55.34,No,Night,OFF,ON,ON,58.69
Meeting Hall,95,20.38,57.98,No,Day,ON,ON,OFF,63.81
Floor,38,32.32,54.93,Yes,Day,OFF,ON,OFF,52.24
Corridor,57,23.09,78.96,No,Day,ON,ON,OFF,52.05
Floor,44,19.15,52.89,No,Day,ON,ON,OFF,67.06
Meeting Hall,80,26.51,57.26,No,Night,OFF,OFF,ON,51.34
Meeting Hall,13,32.92,45.51,No,Day,ON,ON,ON,64.53
Floor,21,22.77,42.61,No,Day,ON,ON,OFF,62.34
Floor,16,25.66,70.95,Yes,Day,ON,OFF,ON,62.31
Office,28,24.84,76.4,No,Day,OFF,ON,OFF,36.94
Meeting Hall,37,18.82,46.09,No,Night,ON,OFF,OFF,51.0
Floor,89,32.76,72.39,No,Day,ON,OFF,OFF,79.45
Floor,30,30.9,51.09,No,Day,ON,OFF,ON,72.19
Meeting Hall,97,19.63,56.23,Yes,Night,ON,ON,ON,65.86
Floor,57,20.25,38.91,No,Night,ON,OFF,ON,65.42
Office,90,18.18,59.22,Yes,Night,OFF,OFF,ON,39.19
Meeting Hall,16,34.76,77.63,No,Night,ON,OFF,OFF,52.9
Office,22,25.08,32.53,No,Night,ON,OFF,ON,42.75
Office,97,33.82,43.06,Yes,Day,ON,ON,OFF,67.57
Office,81,25.14,64.72,No,Day,ON,ON,ON,65.5
Office,84,19.76,43.43,Yes,Day,OFF,OFF,ON,45.05
Meeting Hall,19,23.84,48.4,Yes,Night,ON,OFF,ON,46.59
Office,95,25.11,44.5,No,Day,OFF,OFF,ON,52.45
Office,75,21.0,78.37,No,Day,ON,ON,ON,61.76
Floor,3,18.91,54.36,No,Day,ON,ON,OFF,54.93
Meeting Hall,72,23.38,36.69,No,Night,ON,ON,OFF,59.89
Meeting Hall,74,27.17,36.11,No,Day,OFF,OFF,ON,61.37
Corridor,48,22.34,45.52,No,Day,OFF,OFF,ON,41.87
Meeting Hall,93,34.3,50.05,Yes,Day,ON,ON,OFF,67.7
Meeting Hall,25,26.18,44.44,Yes,Night,OFF,OFF,OFF,30.01
Corridor,31,20.21,57.53,No,Day,ON,ON,ON,51.5
Meeting Hall,27,25.03,73.59,No,Day,OFF,ON,ON,51.42
Meeting Hall,50,30.03,69.41,No,Day,OFF,ON,ON,63.42
Meeting Hall,39,26.28,58.95,No,Day,OFF,OFF,ON,52.73
Meeting Hall,36,23.63,66.21,No,Day,OFF,OFF,ON,53.64
Corridor,50,19.81,63.12,Yes,Day,OFF,ON,ON,40.82
Meeting Hall,56,25.81,33.3,Yes,Day,OFF,ON,OFF,55.49
Meeting Hall,79,19.66,61.73,No,Night,ON,OFF,ON,60.96
Corridor,71,24.3,73.6,No,Day,ON,ON,OFF,50.43
Floor,66,19.98,71.5,No,Day,ON,OFF,ON,73.82
Office,2,29.49,53.5,Yes,Night,OFF,OFF,OFF,19.87
Floor,73,31.13,46.29,No,Night,ON,ON,OFF,75.3
Corridor,62,22.14,48.89,Yes,Day,ON,ON,OFF,45.44
Office,11,19.27,58.29,Yes,Day,OFF,ON,ON,40.54
Corridor,78,23.9,50.48,No,Night,OFF,ON,OFF,35.24
Corridor,90,27.53,47.42,No,Night,ON,OFF,ON,53.56
Meeting Hall,50,31.05,35.93,No,Day,ON,ON,ON,66.11
Office,10,24.85,35.31,Yes,Day,ON,OFF,OFF,38.12
Meeting Hall,5,24.22,31.47,No,Day,ON,ON,OFF,54.89
Office,11,33.44,79.69,No,Day,OFF,OFF,ON,41.36
Corridor,81,25.64,48.13,No,Day,OFF,ON,OFF,43.07
Corridor,24,25.6,33.63,No,Day,ON,OFF,ON,49.08
Floor,97,24.97,58.38,Yes,Day,ON,OFF,ON,75.99
Office,25,24.17,63.75,No,Day,OFF,ON,ON,42.93
Meeting Hall,87,30.38,64.04,No,Day,ON,ON,ON,76.92
Floor,57,22.79,78.47,Yes,Day,ON,OFF,ON,70.98
Floor,79,24.44,40.66,No,Day,OFF,ON,ON,73.37
Floor,35,22.8,74.74,Yes,Day,OFF,ON,OFF,49.99
Meeting Hall,35,27.7,75.31,No,Night,ON,OFF,OFF,51.55
Floor,20,34.33,52.89,No,Day,OFF,ON,ON,62.62
Meeting Hall,93,24.64,77.64,Yes,Night,ON,ON,ON,65.28
Floor,48,34.46,40.09,No,Day,ON,OFF,ON,73.95
Meeting Hall,83,29.16,46.98,No,Day,ON,OFF,OFF,63.43
Corridor,59,31.52,67.97,No,Day,ON,ON,OFF,61.48
Corridor,61,23.66,77.26,No,Night,ON,ON,ON,47.72
Corridor,18,21.82,33.9,No,Day,ON,OFF,OFF,39.38
Corridor,10,27.81,63.64,No,Day,OFF,ON,OFF,38.83
Corridor,77,34.84,77.16,No,Day,ON,OFF,ON,59.8
Floor,99,30.07,35.15,Yes,Night,ON,ON,ON,76.31
Floor,79,29.59,39.15,No,Night,ON,OFF,ON,72.09
Floor,2,25.65,63.86,No,Day,ON,ON,ON,70.4
Meeting Hall,56,32.95,61.61,No,Day,ON,OFF,ON,64.45
Meeting Hall,85,29.85,44.92,No,Day,ON,ON,ON,82.64
Meeting Hall,68,29.47,76.83,No,Day,OFF,ON,ON,64.09
Meeting Hall,52,22.97,49.33,No,Day,ON,ON,ON,70.71
Corridor,65,34.28,47.07,No,Night,ON,ON,ON,61.92
Corridor,11,22.26,72.06,No,Night,ON,ON,OFF,30.68
Corridor,61,26.9,58.08,No,Day,ON,OFF,OFF,48.93
Office,44,23.77,52.1,No,Day,OFF,OFF,OFF,41.83
Floor,56,21.07,57.24,No,Day,ON,ON,OFF,67.77
Meeting Hall,1,20.45,65.85,No,Day,ON,ON,ON,58.4
Meeting Hall,100,22.98,34.17,Yes,Day,OFF,OFF,ON,56.03
Corridor,54,29.71,46.68,No,Day,ON,ON,ON,60.59
Meeting Hall,18,34.57,73.03,No,Day,ON,ON,ON,62.83
Meeting Hall,60,32.51,66.63,Yes,Day,OFF,ON,ON,59.16
Floor,23,21.71,33.69,Yes,Night,OFF,ON,ON,43.26
Corridor,4,19.33,53.01,No,Day,ON,ON,OFF,39.37
Floor,25,29.67,45.4,No,Day,ON,OFF,ON,69.04
Office,91,18.51,69.65,No,Day,OFF,ON,ON,62.14
Office,34,32.61,37.19,Yes,Day,ON,OFF,OFF,45.98
Office,18,32.03,37.24,Yes,Night,ON,ON,ON,42.12
Corridor,30,31.49,67.08,No,Night,ON,ON,ON,51.63
Meeting Hall,82,27.39,79.36,No,Day,ON,ON,ON,72.0
Corridor,43,34.55,49.5,Yes,Night,ON,OFF,ON,44.0
Corridor,18,25.79,73.17,No,Day,ON,ON,ON,52.84
Meeting Hall,83,34.77,49.91,No,Night,OFF,ON,ON,57.62
Floor,80,32.99,62.84,Yes,Day,ON,ON,ON,79.87
Office,11,20.15,54.34,Yes,Day,ON,ON,OFF,38.24
Floor,34,33.21,67.16,Yes,Day,ON,ON,OFF,62.84
Office,89,23.18,32.86,No,Night,OFF,ON,ON,54.1
Corridor,57,31.06,57.48,No,Day,ON,ON,ON,60.34
Office,71,18.0,79.92,No,Night,ON,OFF,OFF,41.45
Corridor,24,22.69,67.58,No,Day,ON,ON,OFF,51.0
Floor,24,30.89,41.51,No,Night,ON,OFF,ON,65.73
Corridor,85,34.53,45.28,No,Day,OFF,ON,ON,58.39
Floor,12,20.91,64.46,No,Night,ON,ON,ON,54.75
Meeting Hall,41,25.81,37.45,Yes,Day,ON,OFF,ON,61.55
Meeting Hall,14,27.98,30.35,No,Day,OFF,OFF,ON,45.38
Meeting Hall,22,34.19,68.64,No,Night,ON,OFF,OFF,48.17
Corridor,27,25.71,59.97,No,Night,ON,OFF,OFF,34.28
Meeting Hall,12,33.87,63.64,No,Day,ON,OFF,OFF,55.99
Office,95,34.63,31.1,Yes,Day,ON,ON,ON,66.7
Floor,74,34.01,48.93,No,Day,ON,ON,ON,82.98
Floor,43,30.73,56.59,No,Day,ON,ON,ON,72.47
Office,77,20.15,64.89,No,Day,ON,OFF,ON,55.73
Corridor,51,28.24,72.23,No,Day,ON,OFF,ON,58.68
Corridor,34,30.81,44.33,No,Day,OFF,OFF,ON,41.95
Floor,46,34.23,75.35,No,Night,OFF,ON,ON,60.11
Meeting Hall,34,31.23,63.61,No,Night,OFF,OFF,OFF,39.36
Corridor,49,27.16,49.93,No,Day,ON,ON,ON,56.69
Corridor,86,21.49,63.09,No,Day,OFF,OFF,ON,45.13
Office,39,25.77,63.06,No,Day,ON,ON,OFF,51.47
Office,76,28.85,40.68,No,Day,ON,OFF,OFF,55.86
Meeting Hall,69,23.52,30.31,No,Day,ON,ON,ON,62.95
Corridor,92,25.76,36.13,Yes,Day,ON,ON,ON,60.47
Corridor,41,18.3,77.75,Yes,Day,ON,OFF,OFF,37.89
Office,14,32.94,72.92,No,Day,ON,OFF,ON,53.13
Corridor,59,18.59,38.62,No,Night,ON,ON,OFF,43.51
Floor,57,24.96,62.97,No,Night,ON,OFF,ON,68.04
Office,68,26.69,75.81,No,Day,OFF,OFF,ON,48.82
Meeting Hall,32,34.53,75.8,Yes,Day,ON,ON,ON,67.19
Office,39,33.9,58.22,No,Night,ON,ON,OFF,48.51
Corridor,1,28.99,66.17,No,Day,OFF,ON,OFF,38.53
Meeting Hall,32,27.93,49.7,No,Night,ON,ON,ON,60.03
Office,24,24.23,33.61,No,Night,ON,OFF,ON,42.52
Floor,58,18.7,56.44,No,Night,ON,ON,ON,65.82
Floor,26,22.55,45.91,Yes,Day,OFF,OFF,OFF,42.53
Office,55,32.41,50.35,No,Day,OFF,OFF,OFF,43.29
Floor,24,29.02,38.69,Yes,Night,ON,OFF,ON,50.89
Floor,4,31.85,66.76,No,Day,ON,OFF,OFF,60.51
Floor,61,32.23,77.41,No,Day,ON,OFF,ON,75.76
Meeting Hall,42,19.06,65.04,No,Day,ON,ON,ON,63.43
Floor,67,23.73,54.61,No,Day,OFF,OFF,ON,61.04
Floor,77,29.49,50.97,No,Night,ON,OFF,ON,72.76
Floor,80,32.5,57.55,No,Day,ON,ON,OFF,80.7
Meeting Hall,90,31.62,62.56,Yes,Night,OFF,OFF,ON,54.97
Office,35,25.18,36.34,No,Night,ON,ON,OFF,44.11
Corridor,97,33.85,69.53,No,Day,OFF,ON,OFF,48.96
Floor,9,23.11,30.27,No,Day,OFF,OFF,OFF,45.1
Office,21,24.39,72.25,No,Night,ON,OFF,ON,41.85
Floor,85,21.08,55.12,Yes,Day,OFF,OFF,OFF,55.88
Meeting Hall,27,21.86,51.73,Yes,Night,ON,ON,ON,48.65
Office,47,18.15,36.04,No,Night,ON,OFF,OFF,35.79
Meeting Hall,59,23.24,59.21,No,Day,OFF,OFF,ON,52.64
Floor,83,23.21,34.45,No,Night,ON,ON,OFF,67.86
Floor,62,19.14,73.3,No,Day,ON,ON,OFF,72.82
Meeting Hall,1,23.79,45.11,Yes,Day,ON,OFF,OFF,42.09
Corridor,22,23.12,38.63,No,Night,ON,ON,ON,48.98
Meeting Hall,50,31.58,42.56,Yes,Night,ON,ON,ON,56.79
Floor,97,20.66,56.66,No,Day,ON,ON,ON,86.61
Meeting Hall,79,30.33,58.0,Yes,Day,ON,OFF,ON,65.4
Corridor,27,20.21,46.92,No,Day,ON,ON,ON,49.5
Meeting Hall,77,26.44,69.42,Yes,Day,OFF,ON,OFF,52.03
Corridor,0,30.52,48.9,No,Day,ON,ON,OFF,42.76
Corridor,14,28.31,51.88,No,Day,ON,ON,ON,53.71
Meeting Hall,14,28.98,36.5,No,Day,ON,ON,OFF,55.02
Meeting Hall,88,21.51,36.78,No,Night,ON,ON,OFF,58.39
Office,42,32.07,35.06,No,Day,ON,ON,OFF,59.15
Floor,4,34.19,37.33,Yes,Day,ON,ON,OFF,56.63
Corridor,71,20.62,75.01,No,Night,ON,OFF,OFF,39.6
Office,85,33.1,64.25,No,Night,OFF,ON,ON,49.92
Meeting Hall,37,24.76,63.6,Yes,Night,ON,OFF,OFF,43.44
Floor,62,29.88,37.3,Yes,Day,ON,OFF,ON,70.9
Office,42,26.61,55.97,No,Day,ON,ON,OFF,47.14
Corridor,50,31.49,54.43,No,Day,ON,ON,OFF,50.69
Office,77,18.77,44.38,No,Day,ON,OFF,ON,56.84
Corridor,82,23.5,43.5,No,Day,ON,OFF,ON,61.31
Meeting Hall,25,18.81,68.12,Yes,Day,ON,ON,ON,61.59
Floor,96,34.01,44.91,Yes,Day,OFF,ON,ON,77.58
Floor,45,20.89,59.62,No,Day,ON,ON,ON,79.81
Floor,11,25.22,75.97,Yes,Day,OFF,OFF,OFF,42.5
Meeting Hall,92,28.9,55.69,No,Day,OFF,OFF,ON,65.06
Corridor,11,25.85,60.2,No,Day,ON,ON,OFF,45.9
Meeting Hall,28,27.12,73.76,Yes,Day,ON,ON,ON,58.2
Floor,60,21.47,66.05,No,Day,ON,ON,ON,77.24
Meeting Hall,40,19.14,30.67,Yes,Day,ON,OFF,OFF,45.16
Meeting Hall,19,22.38,37.24,No,Day,OFF,ON,ON,46.66
Meeting Hall,97,23.39,43.45,Yes,Day,ON,OFF,ON,63.93
Corridor,45,25.07,51.52,No,Day,OFF,ON,ON,45.33
Office,29,23.03,43.8,No,Night,OFF,OFF,ON,35.17
Office,92,18.61,53.07,No,Day,ON,ON,ON,61.89
Meeting Hall,38,19.61,69.19,No,Day,ON,OFF,ON,57.52
Office,39,29.45,78.65,Yes,Night,ON,ON,ON,48.82
Office,50,19.07,61.47,No,Day,OFF,OFF,ON,43.95
Meeting Hall,1,18.79,73.51,No,Day,OFF,ON,OFF,37.69
Meeting Hall,89,31.8,47.19,No,Day,ON,OFF,ON,69.99
Floor,64,18.7,36.84,Yes,Night,ON,ON,OFF,57.88
Office,27,19.17,71.65,No,Day,ON,ON,ON,52.17
Corridor,50,27.34,68.58,Yes,Day,OFF,ON,OFF,39.28
Meeting Hall,7,25.53,41.81,No,Day,OFF,ON,ON,50.07
Floor,30,34.4,56.93,Yes,Day,ON,ON,ON,73.33
Corridor,38,33.93,79.69,No,Day,ON,ON,ON,57.84
Office,59,29.22,78.59,Yes,Night,ON,ON,ON,54.22
Floor,82,19.22,52.61,No,Day,ON,ON,OFF,70.52
Meeting Hall,76,26.55,44.18,No,Day,OFF,ON,ON,64.06
Corridor,15,18.77,44.68,Yes,Day,ON,ON,ON,43.74
Meeting Hall,22,33.43,73.91,No,Day,ON,ON,OFF,57.87
Office,10,29.22,63.45,Yes,Night,ON,ON,ON,41.62
Corridor,87,27.76,59.97,No,Day,ON,OFF,ON,59.88
Office,53,25.27,43.4,No,Day,ON,ON,ON,61.66
Office,73,26.67,50.32,No,Day,OFF,OFF,ON,53.99
Floor,68,24.81,57.89,No,Day,OFF,ON,ON,71.7
Meeting Hall,11,19.69,56.06,No,Day,ON,OFF,OFF,44.06
Corridor,35,29.24,32.63,No,Night,ON,ON,ON,43.61
Office,56,34.94,54.34,Yes,Day,ON,OFF,OFF,51.01
Office,25,19.91,60.53,No,Night,ON,ON,OFF,41.71
Corridor,91,34.9,69.38,No,Night,ON,ON,OFF,54.84
Office,79,33.29,36.43,No,Night,ON,ON,ON,64.56
Floor,65,33.2,71.23,Yes,Day,ON,ON,ON,73.2
Floor,89,32.13,34.65,No,Day,OFF,ON,ON,79.36
Floor,3,33.7,54.97,No,Night,ON,ON,OFF,57.09
Floor,92,22.19,34.24,Yes,Night,ON,OFF,OFF,63.52
Office,15,25.43,70.87,No,Night,ON,ON,ON,47.82
Corridor,21,26.16,53.19,No,Day,OFF,ON,OFF,35.33
Corridor,63,19.16,61.03,No,Day,ON,OFF,ON,54.33
Corridor,69,34.68,54.94,No,Night,ON,OFF,OFF,53.58
Corridor,91,29.72,53.06,No,Day,ON,ON,OFF,57.85
Meeting Hall,10,25.68,39.13,Yes,Day,ON,OFF,OFF,46.82
Corridor,41,34.87,77.17,No,Day,OFF,ON,OFF,47.92
Meeting Hall,84,22.63,66.43,Yes,Day,OFF,ON,ON,58.94
Meeting Hall,89,23.73,58.34,No,Day,ON,ON,ON,72.27
Floor,38,21.24,40.29,No,Day,OFF,ON,ON,57.52
Meeting Hall,46,21.17,50.02,No,Day,ON,ON,OFF,53.39
Office,21,21.2,47.12,No,Day,ON,ON,OFF,44.28
Meeting Hall,29,28.38,67.78,Yes,Day,OFF,ON,ON,51.43
Floor,29,23.0,39.65,No,Day,ON,ON,ON,67.39
Meeting Hall,32,34.18,63.36,No,Night,ON,OFF,ON,56.87
Office,29,31.88,75.13,Yes,Day,OFF,OFF,ON,37.44
Office,36,20.74,71.92,No,Day,ON,OFF,ON,54.23
Office,52,32.18,46.97,No,Night,ON,OFF,OFF,47.96
Floor,29,23.88,37.59,No,Night,OFF,OFF,ON,43.48
Floor,25,21.87,48.13,Yes,Day,OFF,OFF,ON,51.82
Corridor,5,31.3,49.72,No,Day,OFF,ON,ON,43.64
Floor,53,32.57,56.87,Yes,Day,ON,ON,OFF,69.72
Office,55,34.33,32.26,Yes,Day,OFF,ON,OFF,45.19
Office,3,25.14,55.54,Yes,Night,OFF,ON,ON,28.03
Floor,78,27.56,60.25,Yes,Night,ON,ON,ON,74.13
Meeting Hall,35,28.45,77.1,Yes,Night,OFF,ON,ON,45.04
Floor,62,28.67,66.24,No,Day,ON,OFF,OFF,68.06
Floor,2,24.84,31.41,No,Day,ON,ON,OFF,55.03
Office,56,20.59,38.76,Yes,Night,ON,ON,OFF,41.28
Corridor,79,19.2,53.77,Yes,Day,ON,ON,ON,55.04
Office,15,33.4,78.8,No,Day,ON,OFF,ON,51.12
Corridor,39,24.23,60.06,No,Night,ON,ON,ON,49.46
Office,52,21.07,72.21,Yes,Day,ON,ON,ON,59.54
Floor,90,34.72,35.2,Yes,Day,ON,OFF,OFF,75.34
Office,5,31.65,51.86,Yes,Night,ON,OFF,ON,41.23
Office,20,34.68,31.12,Yes,Day,OFF,OFF,ON,37.71
Office,76,22.74,42.42,Yes,Day,OFF,OFF,ON,44.52
Floor,8,25.88,70.57,No,Day,OFF,ON,OFF,49.51
Floor,62,31.75,61.11,Yes,Day,ON,OFF,OFF,69.06
Floor,42,27.38,44.1,No,Day,OFF,ON,ON,62.35
Floor,71,24.03,72.1,Yes,Day,ON,OFF,ON,75.36
Corridor,27,20.69,66.76,No,Day,ON,ON,ON,49.24
Corridor,44,27.55,55.09,No,Night,OFF,ON,ON,41.62
Meeting Hall,57,28.17,32.21,No,Day,ON,ON,OFF,69.47
Floor,82,30.25,75.32,No,Night,OFF,ON,OFF,68.54
Corridor,28,31.44,63.45,No,Day,ON,ON,OFF,48.74
Office,94,20.01,70.67,No,Day,ON,ON,OFF,65.98
Floor,53,28.68,76.79,No,Day,OFF,OFF,OFF,58.65
Meeting Hall,56,31.28,36.92,No,Day,ON,ON,OFF,64.14
Meeting Hall,32,24.61,67.64,No,Night,OFF,ON,OFF,41.7
Meeting Hall,69,22.68,37.73,No,Day,OFF,OFF,OFF,49.27
Office,63,26.15,55.78,No,Day,ON,OFF,ON,54.74
Corridor,3,23.27,66.35,No,Day,ON,ON,ON,46.41
Office,15,26.67,56.02,Yes,Day,ON,ON,ON,47.96
Floor,2,23.24,53.63,Yes,Day,ON,OFF,OFF,50.52
Meeting Hall,88,25.19,44.17,No,Day,ON,ON,ON,71.9
Office,62,33.56,68.4,Yes,Day,ON,ON,ON,62.81
Office,80,33.58,34.47,No,Day,OFF,ON,ON,59.51
Corridor,21,34.87,41.59,Yes,Day,OFF,OFF,OFF,31.77
Corridor,81,26.26,32.26,No,Day,OFF,ON,OFF,48.03
Meeting Hall,95,20.86,38.85,No,Day,ON,ON,OFF,69.86
Office,17,33.11,50.38,No,Day,ON,OFF,ON,48.77
Office,56,28.15,31.49,No,Night,OFF,ON,ON,43.11
Corridor,89,30.71,41.34,No,Night,ON,ON,ON,59.26
Office,24,20.76,32.03,No,Night,OFF,ON,OFF,30.79
Office,27,23.43,73.79,No,Day,OFF,OFF,OFF,34.35
Office,39,22.68,74.5,Yes,Night,ON,OFF,OFF,35.29
Corridor,22,27.52,64.93,No,Day,OFF,OFF,ON,34.94
Meeting Hall,7,34.95,59.73,No,Night,ON,ON,OFF,54.08
Floor,12,28.41,69.79,No,Day,OFF,ON,ON,60.52
Meeting Hall,43,27.74,44.07,No,Day,ON,ON,ON,64.65
Floor,46,30.9,67.1,No,Day,ON,ON,OFF,76.31
Office,9,23.59,46.51,Yes,Day,OFF,OFF,ON,35.61
Meeting Hall,40,22.3,52.15,Yes,Night,OFF,ON,OFF,39.66
Floor,66,32.25,79.0,No,Night,ON,OFF,OFF,61.85
Corridor,73,34.33,72.29,No,Night,ON,ON,ON,61.63
Corridor,48,25.16,50.93,No,Day,OFF,ON,ON,43.85
Meeting Hall,63,18.7,75.25,No,Day,OFF,OFF,ON,53.78
Meeting Hall,14,21.05,34.86,No,Day,OFF,ON,OFF,36.87
Office,87,32.57,75.14,No,Night,OFF,OFF,ON,51.29
Meeting Hall,60,20.07,74.46,No,Day,OFF,ON,ON,57.33
Office,73,30.97,62.34,Yes,Night,OFF,OFF,OFF,39.21
Office,51,28.54,46.23,Yes,Day,ON,OFF,ON,52.48
Corridor,84,30.35,71.11,Yes,Day,ON,ON,ON,63.03
Corridor,45,22.36,43.61,Yes,Night,ON,ON,ON,41.52
Floor,58,18.31,37.11,Yes,Day,OFF,ON,ON,58.45
Corridor,47,18.68,57.56,Yes,Day,OFF,OFF,ON,35.23
Corridor,38,30.32,36.44,No,Day,ON,ON,OFF,54.36
Meeting Hall,41,28.43,47.87,No,Night,ON,ON,ON,58.14
Corridor,50,32.29,58.99,No,Day,ON,OFF,OFF,54.69
Floor,49,24.79,40.38,Yes,Day,ON,OFF,ON,64.71
Meeting Hall,91,27.44,50.69,No,Day,ON,OFF,OFF,70.71
Floor,65,31.32,45.41,No,Day,ON,ON,OFF,78.56
Corridor,40,26.44,37.72,Yes,Day,OFF,ON,ON,44.02
Floor,57,34.89,61.69,No,Day,ON,OFF,ON,76.16
Meeting Hall,3,30.63,60.01,Yes,Night,ON,ON,ON,50.32
Office,48,29.62,57.95,No,Night,ON,OFF,OFF,49.08
Floor,2,31.63,76.56,No,Day,OFF,OFF,ON,54.23
Floor,31,31.21,76.33,No,Night,OFF,ON,ON,59.28
Meeting Hall,46,21.73,58.62,No,Day,ON,ON,ON,66.74
Meeting Hall,61,21.58,66.94,No,Day,OFF,ON,ON,57.14
Floor,97,28.3,70.25,No,Day,ON,ON,OFF,78.53
Corridor,15,25.41,35.49,No,Day,ON,ON,OFF,40.55
Floor,67,32.82,72.25,Yes,Day,ON,OFF,ON,80.2
Meeting Hall,17,22.93,30.26,Yes,Day,ON,ON,ON,58.22
Office,91,23.62,30.1,No,Night,ON,ON,ON,62.54
Office,5,20.83,45.52,No,Day,OFF,ON,ON,42.64
Corridor,64,34.69,69.65,No,Day,OFF,ON,OFF,51.24
Floor,79,19.97,76.07,Yes,Day,ON,ON,ON,74.42
Office,36,34.71,49.96,No,Day,ON,ON,OFF,55.25
Floor,72,30.01,61.55,Yes,Day,ON,ON,ON,75.62
Meeting Hall,62,19.52,53.63,No,Day,ON,ON,OFF,63.22
Office,80,20.58,43.98,No,Night,ON,ON,OFF,48.32
Corridor,99,23.56,73.39,No,Night,ON,OFF,OFF,50.13
Meeting Hall,97,22.43,59.35,Yes,Day,OFF,ON,ON,62.13
Corridor,58,34.54,64.47,No,Day,OFF,ON,ON,54.29
Meeting Hall,94,28.43,60.86,No,Night,ON,OFF,OFF,63.69
Office,33,19.26,34.2,No,Day,ON,OFF,OFF,47.36
Corridor,36,26.93,71.48,No,Day,ON,ON,ON,56.31
Corridor,33,33.25,31.92,No,Day,ON,ON,ON,59.28
Meeting Hall,44,25.08,64.54,No,Day,ON,OFF,OFF,56.94
Corridor,100,29.32,37.07,No,Night,ON,ON,OFF,55.73
Meeting Hall,0,31.14,57.37,Yes,Day,ON,ON,ON,57.59
Meeting Hall,52,21.15,36.37,No,Day,OFF,ON,ON,61.29
Meeting Hall,61,32.54,78.47,No,Day,ON,OFF,OFF,68.76
Meeting Hall,14,25.63,51.62,Yes,Day,OFF,ON,OFF,41.5
Office,94,18.96,69.67,Yes,Night,ON,ON,ON,55.33
Meeting Hall,50,32.94,69.83,No,Day,OFF,ON,ON,60.83
Floor,13,27.59,36.07,Yes,Day,ON,ON,OFF,57.64
Corridor,97,21.37,58.31,No,Night,ON,ON,ON,60.32
Floor,58,23.4,79.96,Yes,Day,ON,OFF,ON,69.35
Office,51,27.68,49.11,No,Day,ON,ON,ON,60.91
Floor,0,24.36,34.78,No,Day,ON,OFF,ON,60.59
Corridor,98,21.97,68.22,No,Day,OFF,ON,ON,55.76
Floor,74,26.15,59.71,No,Day,OFF,ON,ON,70.25
Office,16,21.15,65.72,No,Day,ON,ON,OFF,50.01
Meeting Hall,55,22.17,56.6,No,Day,ON,ON,ON,65.48
Floor,4,32.05,43.45,Yes,Night,ON,ON,ON,54.31
Office,16,21.89,53.4,Yes,Day,OFF,OFF,ON,34.38
Office,17,29.82,59.28,Yes,Day,OFF,ON,ON,40.32
Corridor,88,22.26,41.88,No,Day,ON,ON,OFF,56.25
Corridor,54,21.61,72.7,Yes,Night,OFF,OFF,OFF,29.47
Floor,98,22.27,50.57,Yes,Day,OFF,ON,OFF,65.44
Meeting Hall,46,25.96,65.76,No,Night,ON,ON,ON,60.37
Office,79,20.49,77.2,No,Day,ON,ON,ON,63.0
Floor,48,19.81,50.78,No,Night,OFF,ON,ON,54.13
Office,22,30.86,53.07,Yes,Day,OFF,OFF,ON,50.28
Office,20,18.4,39.18,Yes,Day,ON,ON,ON,51.57
Meeting Hall,28,24.55,48.81,No,Day,OFF,OFF,ON,47.77
Meeting Hall,59,24.73,56.46,Yes,Night,ON,OFF,OFF,49.16
Floor,45,33.18,41.48,No,Day,ON,ON,OFF,64.08
Meeting Hall,99,31.17,31.31,No,Day,ON,ON,ON,77.91
Meeting Hall,9,26.68,42.89,No,Day,OFF,OFF,ON,47.7
Floor,83,26.16,64.13,Yes,Night,ON,OFF,OFF,61.02
Meeting Hall,52,27.62,72.91,No,Night,ON,ON,ON,63.2
Corridor,6,24.08,36.55,No,Day,ON,OFF,ON,43.24
Office,29,29.91,63.59,No,Day,ON,OFF,ON,57.66
Office,92,29.66,47.0,No,Day,OFF,ON,ON,55.43
Office,54,27.77,45.05,Yes,Night,ON,OFF,ON,44.65
Office,64,18.98,51.64,Yes,Night,OFF,ON,ON,40.17
Floor,20,20.16,73.53,No,Day,OFF,ON,ON,55.41
Office,6,18.67,59.03,No,Day,ON,ON,OFF,46.15
Office,43,30.21,62.03,No,Night,OFF,ON,ON,44.12
Office,67,26.12,35.72,No,Night,ON,OFF,ON,46.9
Office,14,34.23,36.03,No,Day,ON,ON,ON,55.39
Corridor,97,34.19,55.12,No,Day,ON,ON,ON,75.37
Office,1,31.57,65.92,No,Day,OFF,OFF,ON,35.58
Corridor,100,25.53,39.78,Yes,Day,ON,ON,ON,63.57
Floor,2,23.38,57.39,No,Day,ON,ON,ON,66.15
Meeting Hall,47,21.42,75.82,Yes,Day,OFF,ON,ON,51.41
Office,67,21.95,55.64,No,Day,OFF,ON,OFF,45.09
Meeting Hall,46,34.84,54.04,No,Day,ON,OFF,ON,67.07
Meeting Hall,42,27.02,59.26,No,Day,ON,ON,ON,66.34
Floor,99,18.21,64.62,Yes,Day,ON,ON,OFF,74.39
Meeting Hall,26,18.75,45.1,No,Night,ON,ON,OFF,46.05
Corridor,3,25.8,46.73,Yes,Day,ON,ON,OFF,42.06
Meeting Hall,35,25.54,37.83,No,Day,ON,ON,OFF,58.16
Meeting Hall,82,24.89,77.44,Yes,Day,ON,ON,ON,71.17
Meeting Hall,97,32.0,32.38,No,Night,OFF,ON,ON,64.62
Office,79,29.95,53.04,No,Night,ON,ON,OFF,51.07
Office,51,19.83,64.18,No,Day,ON,ON,OFF,51.89
Corridor,44,24.17,65.54,No,Night,ON,ON,ON,48.12
Corridor,50,28.14,61.32,Yes,Day,ON,ON,OFF,46.82
Office,85,24.5,47.03,Yes,Night,ON,OFF,ON,50.87
Corridor,31,21.54,33.86,No,Day,ON,OFF,ON,52.47
Office,1,28.68,76.61,No,Day,ON,ON,ON,50.76
Floor,16,28.24,39.52,Yes,Day,ON,OFF,ON,60.0
Meeting Hall,22,34.57,75.44,No,Day,ON,OFF,OFF,63.87
Meeting Hall,43,27.54,41.27,No,Day,ON,ON,OFF,61.14
Corridor,45,32.86,33.53,Yes,Night,ON,OFF,ON,47.94
Office,11,34.14,34.18,Yes,Night,ON,ON,ON,47.66
Office,53,25.39,47.92,Yes,Day,ON,OFF,ON,52.3
Corridor,12,18.9,37.6,No,Day,OFF,ON,ON,38.69
Office,73,20.44,54.12,No,Day,OFF,OFF,ON,50.84
Floor,67,26.57,52.69,No,Day,ON,ON,ON,84.33
Meeting Hall,70,33.18,71.81,No,Day,OFF,ON,ON,65.59
Corridor,65,29.12,64.79,Yes,Day,OFF,OFF,ON,42.3
Corridor,14,21.43,64.92,No,Night,OFF,OFF,OFF,22.93
Office,99,29.92,59.54,No,Day,ON,OFF,OFF,63.17
Corridor,61,33.2,32.37,Yes,Day,OFF,OFF,ON,42.09
Floor,72,18.51,67.36,No,Day,OFF,OFF,ON,65.15
Office,23,22.13,47.93,No,Day,ON,OFF,OFF,44.64
Office,69,20.6,71.81,No,Day,ON,ON,OFF,55.8
Office,60,31.33,42.33,No,Night,OFF,ON,ON,49.59
Office,70,33.16,63.51,Yes,Day,ON,ON,ON,65.38
Floor,79,27.43,60.19,Yes,Day,ON,OFF,ON,73.51
Office,80,32.42,35.6,No,Night,OFF,ON,ON,53.88
Corridor,93,29.17,36.82,Yes,Day,ON,ON,ON,62.71
Floor,71,29.16,79.99,No,Night,ON,ON,ON,77.42
Meeting Hall,2,27.86,46.78,No,Day,ON,OFF,OFF,52.67
Meeting Hall,88,18.85,50.37,No,Day,ON,ON,ON,69.23
Corridor,28,33.93,72.77,No,Night,OFF,ON,OFF,37.96
Corridor,20,24.05,61.55,No,Night,ON,ON,ON,44.09
Floor,53,31.64,63.96,No,Day,OFF,ON,ON,69.4
Meeting Hall,5,31.77,61.82,No,Day,ON,ON,ON,65.07
Meeting Hall,86,34.42,46.17,Yes,Night,ON,ON,OFF,62.99
Meeting Hall,10,23.55,71.46,Yes,Day,ON,ON,ON,52.85
Meeting Hall,69,34.96,31.69,No,Day,ON,OFF,ON,72.2
Meeting Hall,26,23.11,48.37,Yes,Night,OFF,OFF,ON,36.94
Office,90,25.67,77.73,Yes,Day,ON,ON,ON,66.95
Corridor,76,30.01,48.93,Yes,Night,OFF,OFF,ON,39.35
Office,59,20.63,30.84,No,Night,ON,OFF,ON,46.94
Meeting Hall,72,22.53,39.6,No,Day,ON,OFF,ON,64.92
Floor,71,30.38,77.21,Yes,Night,ON,ON,ON,66.1
Floor,26,34.56,72.46,No,Day,OFF,ON,OFF,62.47
Meeting Hall,31,30.46,39.77,No,Day,ON,OFF,ON,59.81
Meeting Hall,92,32.66,78.87,Yes,Day,OFF,ON,ON,65.75
Floor,32,18.64,37.94,No,Night,OFF,ON,ON,50.56
Office,4,27.81,79.62,No,Night,ON,ON,OFF,44.99
Office,8,33.54,72.23,No,Day,ON,OFF,ON,47.87
Meeting Hall,12,29.6,75.63,No,Day,ON,ON,ON,60.88
Office,96,29.5,36.99,Yes,Night,OFF,ON,ON,50.63
Floor,93,21.45,45.09,No,Day,ON,OFF,OFF,63.16
Office,88,32.64,65.1,Yes,Day,ON,OFF,ON,63.85
Meeting Hall,5,32.71,55.26,No,Day,ON,ON,OFF,54.83
Floor,73,28.44,44.58,No,Night,OFF,ON,OFF,56.74
Office,35,25.25,64.77,No,Night,OFF,OFF,ON,36.65
Corridor,49,32.01,68.98,Yes,Night,OFF,ON,ON,41.42
Floor,60,25.9,44.27,No,Day,OFF,OFF,OFF,53.62
Floor,47,31.98,34.29,No,Night,ON,OFF,ON,67.8
Corridor,82,26.24,58.72,No,Day,ON,ON,ON,63.55
Corridor,10,27.86,49.83,No,Night,OFF,ON,ON,37.61
Floor,16,30.72,73.89,No,Day,OFF,ON,ON,65.04
Corridor,1,22.5,32.25,No,Day,ON,OFF,ON,40.46
Meeting Hall,6,22.2,61.9,No,Day,ON,ON,OFF,54.06
Meeting Hall,56,29.35,32.37,No,Day,OFF,ON,OFF,49.76
Meeting Hall,30,34.22,35.66,No,Night,ON,ON,ON,56.47
Floor,58,25.58,48.44,No,Night,ON,ON,ON,74.01
Corridor,94,33.27,41.43,Yes,Day,OFF,ON,OFF,48.17
Corridor,45,26.81,38.09,No,Night,OFF,ON,ON,42.2
Office,80,34.56,69.66,No,Day,ON,OFF,OFF,60.78
Office,78,31.46,41.61,Yes,Night,ON,ON,ON,59.21
Corridor,6,32.61,48.23,No,Night,ON,ON,OFF,37.54
Corridor,93,29.55,75.39,No,Night,OFF,OFF,ON,44.32
Corridor,13,32.76,69.28,No,Day,OFF,OFF,ON,42.78
Floor,94,28.08,56.2,No,Day,OFF,OFF,ON,76.0
Corridor,8,27.64,34.69,Yes,Night,ON,ON,ON,33.53
Office,8,32.85,77.27,Yes,Day,ON,ON,OFF,47.4
Floor,1,18.26,65.46,No,Night,OFF,ON,OFF,39.13
Corridor,85,26.14,31.76,Yes,Night,ON,OFF,OFF,45.32
Office,15,32.79,77.44,Yes,Day,ON,OFF,ON,51.81
Floor,1,21.33,33.59,No,Night,ON,OFF,OFF,46.37
Corridor,78,34.29,60.15,No,Night,ON,ON,ON,56.78
Corridor,69,30.59,49.69,No,Day,OFF,OFF,OFF,45.37
Corridor,22,30.96,79.04,No,Day,ON,OFF,ON,51.15
Floor,27,29.31,76.15,Yes,Night,OFF,ON,ON,50.64
Office,42,25.61,59.94,Yes,Day,ON,ON,OFF,50.22
Office,62,25.84,65.06,No,Day,OFF,ON,OFF,46.6
Meeting Hall,16,32.26,71.08,No,Night,OFF,ON,OFF,45.27
Corridor,35,20.37,71.02,Yes,Day,ON,ON,ON,48.47
Meeting Hall,18,26.88,59.96,No,Night,ON,OFF,OFF,47.4
Meeting Hall,4,23.27,42.58,Yes,Day,ON,OFF,OFF,45.36
Office,22,34.73,45.64,No,Day,ON,OFF,OFF,50.32
Floor,18,18.06,63.28,Yes,Night,OFF,ON,ON,39.77
Floor,0,19.08,64.39,Yes,Day,ON,ON,OFF,51.7
Office,26,34.45,48.57,Yes,Night,ON,OFF,ON,41.34
Floor,42,27.24,74.39,No,Night,ON,ON,ON,64.73
Meeting Hall,24,20.36,50.0,No,Night,ON,ON,ON,44.05
Corridor,53,25.63,64.92,No,Day,OFF,OFF,OFF,35.94
Office,5,23.49,40.47,No,Day,ON,ON,ON,49.48
Corridor,99,33.49,47.65,No,Night,ON,ON,ON,64.36
Floor,80,29.69,57.3,Yes,Day,OFF,ON,OFF,64.34
Corridor,75,20.22,31.88,No,Day,ON,OFF,ON,56.49
Floor,24,27.12,32.1,No,Day,OFF,ON,ON,59.69
Floor,73,20.29,43.49,No,Day,ON,ON,OFF,68.86
Meeting Hall,45,29.31,71.39,Yes,Night,ON,OFF,ON,54.42
Floor,58,30.36,40.83,No,Night,ON,ON,ON,67.6
Meeting Hall,54,27.56,74.29,Yes,Night,ON,ON,ON,58.48
Meeting Hall,23,34.42,65.8,No,Day,OFF,ON,ON,60.35
Meeting Hall,74,34.05,64.45,Yes,Night,ON,ON,ON,62.51
Office,23,21.5,63.71,No,Day,ON,ON,OFF,46.46
Office,2,18.01,78.82,No,Day,ON,OFF,OFF,37.58
Floor,39,29.27,61.68,No,Day,ON,ON,ON,78.06
Meeting Hall,19,26.09,62.46,No,Night,OFF,OFF,ON,40.23
Office,86,23.69,52.67,No,Night,ON,ON,ON,64.34
Meeting Hall,68,33.59,73.62,No,Night,OFF,ON,ON,60.54
Corridor,99,34.63,32.87,No,Night,OFF,ON,OFF,49.5
Corridor,76,33.82,47.22,No,Night,ON,ON,ON,58.52
Corridor,99,26.5,44.33,No,Day,OFF,ON,OFF,45.32
Floor,69,29.96,49.9,Yes,Night,ON,ON,OFF,66.75
Meeting Hall,65,20.92,54.0,No,Day,ON,ON,OFF,59.05
Corridor,92,34.16,77.8,No,Day,ON,OFF,ON,72.56
Office,68,22.82,76.22,No,Day,ON,ON,ON,66.6
Corridor,78,21.28,60.56,No,Day,OFF,ON,ON,48.95
Corridor,7,19.02,30.99,No,Day,ON,OFF,OFF,35.39
Corridor,97,27.36,57.78,Yes,Day,ON,ON,ON,61.74
Floor,54,34.12,33.42,Yes,Day,ON,OFF,ON,76.31
Office,36,20.31,47.99,Yes,Night,OFF,OFF,OFF,32.7
Meeting Hall,89,20.05,45.22,No,Night,ON,OFF,ON,57.28
Office,72,22.63,62.4,No,Day,OFF,ON,ON,51.17
Meeting Hall,71,29.31,30.89,No,Day,ON,OFF,ON,71.28
Floor,13,27.31,69.44,No,Day,OFF,OFF,ON,57.49
Floor,47,19.64,71.32,Yes,Day,OFF,OFF,OFF,45.7
Floor,88,25.52,31.62,No,Day,OFF,OFF,ON,66.95
Floor,97,19.14,34.09,No,Night,ON,ON,ON,73.85
Meeting Hall,66,32.48,76.03,No,Day,ON,OFF,OFF,64.21
Corridor,31,19.82,60.8,No,Day,OFF,ON,ON,39.58
Meeting Hall,35,26.01,78.02,No,Day,ON,ON,ON,61.39
Office,4,26.68,52.88,No,Day,ON,ON,ON,56.89
Floor,78,27.01,39.53,No,Day,ON,ON,OFF,76.39
Floor,91,28.36,48.51,Yes,Day,ON,ON,OFF,79.94
Office,17,29.93,76.45,Yes,Night,ON,OFF,ON,40.25
Meeting Hall,10,18.07,35.77,No,Day,ON,OFF,ON,50.11
Corridor,73,18.53,74.61,No,Day,ON,OFF,OFF,50.92
Corridor,3,28.4,56.49,No,Day,ON,OFF,ON,42.38
Office,19,21.1,33.5,No,Day,ON,ON,ON,54.28
Corridor,4,32.14,49.99,No,Day,ON,ON,ON,48.98
Meeting Hall,62,28.67,42.16,Yes,Day,OFF,ON,OFF,52.22
Meeting Hall,53,34.67,58.76,No,Day,ON,ON,OFF,66.9
Office,64,30.38,37.62,No,Day,ON,OFF,OFF,55.21
Meeting Hall,76,19.54,77.06,Yes,Day,ON,OFF,OFF,59.52
Floor,85,20.91,40.56,No,Day,ON,ON,OFF,68.68
Office,12,18.79,61.65,No,Day,ON,ON,ON,45.93
Meeting Hall,78,30.6,71.56,No,Day,ON,ON,ON,76.93
Office,72,20.16,59.79,No,Day,OFF,ON,OFF,47.05
Corridor,2,29.28,62.78,No,Day,ON,ON,ON,48.24
Meeting Hall,1,27.44,50.47,No,Day,OFF,ON,OFF,41.93
Floor,11,28.77,35.09,No,Day,OFF,ON,OFF,43.29
Meeting Hall,87,26.65,36.57,No,Day,ON,OFF,ON,72.84
Office,81,18.22,65.11,No,Day,ON,ON,ON,66.78
Office,55,22.3,69.86,No,Day,ON,OFF,ON,57.08
Meeting Hall,57,33.04,72.11,Yes,Night,OFF,OFF,ON,46.14
Floor,99,33.8,48.14,Yes,Night,OFF,ON,OFF,62.55
Floor,88,19.65,78.44,No,Night,OFF,OFF,ON,61.11
Floor,51,34.19,62.08,No,Night,ON,ON,OFF,64.46
Office,14,29.4,37.68,No,Night,OFF,ON,ON,41.44
Meeting Hall,0,33.68,33.37,Yes,Night,OFF,ON,OFF,38.81
Corridor,71,24.82,57.25,No,Day,ON,OFF,ON,59.34
Office,100,19.73,67.05,No,Day,ON,ON,ON,63.5
Floor,70,23.14,30.9,Yes,Day,ON,ON,ON,73.21
Meeting Hall,98,29.72,31.13,Yes,Day,ON,ON,ON,74.53
Floor,44,31.52,58.91,No,Night,OFF,ON,OFF,60.56
Corridor,15,18.85,79.49,No,Day,ON,OFF,OFF,38.95
Floor,16,26.28,66.88,Yes,Night,ON,OFF,ON,49.74
Floor,29,19.09,37.58,No,Day,ON,ON,ON,65.61
Corridor,36,32.68,34.36,No,Day,ON,ON,OFF,50.67
Meeting Hall,17,26.1,70.72,No,Day,ON,OFF,OFF,53.49
Office,99,33.55,70.49,No,Day,OFF,OFF,ON,61.01
Meeting Hall,75,19.34,52.84,No,Day,ON,OFF,ON,64.19
Corridor,91,23.62,31.79,Yes,Night,ON,ON,ON,47.84
Floor,10,29.5,68.31,No,Night,ON,ON,ON,61.06
Meeting Hall,59,22.99,50.6,No,Night,ON,OFF,ON,55.87
Office,58,32.31,70.82,No,Day,ON,ON,ON,65.74
Corridor,69,34.78,37.21,No,Night,ON,OFF,ON,58.91
Meeting Hall,25,22.78,53.16,Yes,Day,ON,OFF,ON,55.06
Office,79,24.14,56.32,No,Day,ON,ON,ON,62.98
Corridor,37,34.44,48.48,No,Night,ON,OFF,ON,49.8
Office,8,24.09,79.5,No,Day,ON,ON,ON,48.82
Corridor,81,27.45,68.14,No,Day,OFF,OFF,ON,47.9
Floor,96,31.08,71.51,Yes,Day,ON,OFF,ON,78.23
Meeting Hall,82,25.45,42.05,No,Night,OFF,OFF,ON,51.98
Office,72,24.33,49.23,No,Day,ON,OFF,OFF,56.21
Corridor,45,26.43,35.54,No,Day,ON,ON,ON,57.37
Office,43,31.25,79.92,Yes,Day,OFF,OFF,OFF,41.05
Office,41,23.31,42.88,No,Night,ON,OFF,ON,49.28
Meeting Hall,72,23.96,35.03,No,Night,ON,ON,ON,65.79
Floor,68,21.22,40.26,Yes,Day,ON,ON,ON,70.68
Office,22,29.93,58.58,No,Day,OFF,ON,ON,45.27
Corridor,33,33.29,46.78,No,Day,ON,ON,ON,59.62
Corridor,21,21.16,38.2,Yes,Day,ON,OFF,ON,44.06
Floor,68,18.59,53.42,No,Night,ON,ON,ON,70.31
Corridor,64,24.48,63.52,No,Day,OFF,ON,ON,53.13
Floor,25,24.97,63.24,No,Day,ON,ON,OFF,65.85
Corridor,81,28.98,30.74,No,Night,ON,OFF,ON,57.38
Meeting Hall,54,19.46,67.77,No,Day,ON,OFF,OFF,54.27
Office,89,31.97,42.06,Yes,Night,OFF,ON,ON,52.86
Meeting Hall,14,27.76,76.11,No,Night,ON,OFF,ON,51.2
Office,65,27.28,36.92,No,Night,ON,ON,OFF,46.9
Office,52,23.38,49.97,No,Day,OFF,ON,ON,48.73
Office,78,24.21,45.61,No,Day,ON,OFF,OFF,56.81
Meeting Hall,10,18.94,54.57,Yes,Night,ON,ON,ON,49.26
Office,57,30.81,45.68,No,Day,OFF,ON,ON,54.31
Meeting Hall,83,28.28,68.56,No,Day,OFF,ON,ON,64.99
Floor,41,34.6,49.1,Yes,Day,ON,ON,ON,75.92
Corridor,80,24.01,47.51,No,Day,ON,ON,ON,57.33
Corridor,68,29.33,78.56,No,Night,ON,ON,ON,57.68
Office,32,33.63,50.17,No,Day,OFF,OFF,ON,41.22
Meeting Hall,43,30.1,36.5,No,Day,OFF,ON,ON,53.36
Corridor,88,18.69,43.4,No,Night,ON,ON,ON,50.73
Meeting Hall,6,28.75,66.17,No,Night,OFF,ON,OFF,39.1
Meeting Hall,97,27.27,43.09,Yes,Day,OFF,OFF,ON,58.01
Office,78,26.49,64.02,No,Day,ON,OFF,OFF,54.12
Corridor,51,27.4,75.74,Yes,Day,ON,OFF,ON,53.97
Office,12,25.83,48.71,Yes,Day,ON,ON,ON,46.25
Office,31,29.76,39.63,Yes,Night,ON,OFF,ON,44.03
Corridor,38,18.25,65.84,Yes,Day,OFF,ON,OFF,32.33
Corridor,77,21.21,51.89,Yes,Day,OFF,OFF,OFF,35.52
Floor,62,24.21,32.31,No,Day,ON,ON,ON,75.9
Floor,19,25.7,58.92,No,Day,ON,OFF,ON,67.94
Meeting Hall,15,20.22,59.02,Yes,Day,ON,ON,ON,49.9
Corridor,29,31.94,64.09,Yes,Day,OFF,ON,OFF,42.67
Floor,18,33.8,66.76,No,Night,ON,OFF,ON,61.7
Meeting Hall,85,30.77,62.28,No,Day,ON,OFF,OFF,68.58
Meeting Hall,100,33.79,46.92,No,Night,ON,ON,ON,70.35
Meeting Hall,73,30.63,71.77,No,Day,ON,OFF,OFF,72.27
Floor,71,25.5,76.76,No,Day,ON,ON,ON,77.23
Corridor,92,24.68,45.11,No,Day,OFF,OFF,OFF,45.27
Office,77,20.83,44.09,Yes,Day,ON,OFF,ON,58.1
Meeting Hall,74,19.47,55.65,No,Day,ON,ON,ON,71.94
Floor,29,21.73,79.29,No,Day,ON,ON,ON,73.22
Floor,96,27.05,38.17,No,Night,ON,ON,ON,76.99
Office,33,20.29,54.75,No,Night,ON,ON,ON,53.8
Office,38,34.17,39.71,No,Day,ON,OFF,OFF,49.91
Floor,48,21.71,50.49,Yes,Day,OFF,OFF,OFF,49.15
Corridor,100,32.17,48.94,Yes,Night,ON,OFF,ON,54.46
Office,100,31.92,58.54,No,Day,ON,ON,ON,72.1
Floor,4,20.4,31.73,No,Night,ON,ON,OFF,53.01
Office,42,30.08,70.36,No,Night,OFF,ON,ON,48.51
Corridor,46,32.01,65.47,No,Day,ON,OFF,OFF,51.32
Meeting Hall,58,33.03,79.99,Yes,Day,OFF,ON,ON,62.97
Office,68,34.22,42.79,Yes,Day,ON,OFF,OFF,51.19
Corridor,16,33.81,73.39,Yes,Night,ON,ON,ON,42.39
Floor,18,23.29,60.52,No,Day,ON,OFF,ON,57.37
Office,45,22.55,41.55,Yes,Night,OFF,ON,ON,28.66
Office,55,24.76,44.79,Yes,Day,ON,OFF,OFF,51.25
Floor,25,25.91,31.02,No,Day,ON,ON,ON,69.44
Meeting Hall,65,21.98,47.18,Yes,Day,ON,OFF,OFF,56.91
Floor,13,19.46,74.97,No,Day,ON,OFF,ON,62.98
Office,51,29.16,33.76,No,Day,ON,ON,OFF,58.24
Floor,91,20.96,76.4,No,Day,ON,ON,ON,84.74
Corridor,3,33.55,48.98,No,Day,ON,OFF,ON,42.81
Floor,2,22.89,67.04,No,Day,ON,ON,OFF,62.55
Office,78,21.36,62.93,No,Day,ON,OFF,OFF,56.21
Floor,21,21.3,63.62,No,Night,ON,OFF,OFF,44.41
Meeting Hall,49,22.92,57.42,No,Day,ON,ON,OFF,61.78
Floor,63,28.41,53.22,Yes,Day,ON,ON,ON,70.26
Meeting Hall,82,34.63,76.41,Yes,Night,ON,OFF,ON,68.88
Corridor,97,26.27,64.0,No,Night,ON,OFF,ON,58.98
Meeting Hall,9,28.19,60.73,No,Day,ON,OFF,ON,57.4
Floor,55,32.32,50.91,No,Day,ON,ON,ON,80.51
Office,97,23.68,41.25,No,Night,ON,OFF,OFF,47.03
Meeting Hall,15,21.06,30.09,Yes,Night,ON,ON,ON,47.89
Corridor,36,25.37,79.04,No,Night,ON,OFF,ON,43.97
Meeting Hall,99,23.42,67.82,No,Day,ON,ON,ON,74.37
Meeting Hall,54,32.72,79.7,Yes,Day,ON,ON,ON,67.11
Meeting Hall,21,34.62,68.51,No,Day,ON,ON,ON,62.87
Corridor,31,29.7,32.28,No,Night,ON,ON,ON,53.78
Floor,43,29.11,52.2,No,Day,ON,OFF,OFF,68.37
Meeting Hall,80,30.14,35.84,Yes,Day,OFF,ON,ON,64.13
Meeting Hall,72,25.95,70.06,No,Night,ON,ON,OFF,56.28
Office,51,28.69,39.3,No,Day,OFF,ON,ON,45.35
Corridor,32,19.21,62.88,No,Day,ON,ON,ON,50.47
Meeting Hall,96,26.39,62.93,No,Day,OFF,ON,ON,66.91
Corridor,1,23.65,61.94,Yes,Day,ON,ON,OFF,37.81
Meeting Hall,13,18.9,73.92,No,Day,OFF,ON,OFF,48.04
Floor,100,27.26,66.29,No,Day,ON,ON,ON,84.3
Floor,60,24.12,46.37,Yes,Day,ON,ON,ON,67.4
Meeting Hall,96,28.04,45.74,No,Day,ON,ON,ON,74.1
Floor,64,26.72,31.11,No,Day,OFF,OFF,ON,64.39
Meeting Hall,85,22.7,75.41,No,Day,OFF,OFF,OFF,59.11
Floor,29,27.18,35.17,Yes,Day,ON,OFF,ON,65.24
Office,26,24.44,53.96,No,Day,ON,OFF,ON,46.97
Office,63,33.66,55.43,No,Day,ON,OFF,OFF,62.28
Office,32,24.39,52.39,No,Day,ON,ON,ON,54.25
Corridor,52,18.68,58.71,No,Day,ON,ON,OFF,42.82
Corridor,79,30.98,66.46,No,Day,OFF,OFF,OFF,46.96
Office,9,34.38,39.81,Yes,Day,ON,OFF,ON,47.27
Corridor,26,20.88,33.68,No,Day,ON,ON,ON,55.05
Floor,36,34.54,72.87,No,Night,ON,ON,ON,67.29
Meeting Hall,1,28.49,54.74,No,Day,ON,OFF,OFF,54.04
Meeting Hall,93,32.41,36.37,Yes,Day,ON,OFF,OFF,62.33
Meeting Hall,42,26.04,63.6,No,Day,ON,ON,ON,64.62
Office,82,28.58,41.15,No,Night,ON,OFF,ON,54.84
Corridor,18,32.3,34.09,No,Day,ON,OFF,ON,53.71
Floor,98,34.71,44.13,Yes,Day,ON,ON,ON,80.79
Floor,10,21.14,44.84,Yes,Day,ON,OFF,ON,54.45
Office,51,33.28,73.42,No,Day,OFF,OFF,OFF,45.69
Floor,31,29.34,45.37,Yes,Night,ON,ON,ON,63.11
Floor,79,34.1,69.01,No,Day,OFF,OFF,OFF,68.52
Floor,80,23.41,58.86,Yes,Night,ON,ON,OFF,62.44
Floor,28,22.12,34.73,No,Day,ON,OFF,ON,67.28
Corridor,83,24.21,37.82,No,Day,ON,OFF,OFF,45.26
Floor,35,33.04,34.01,No,Day,OFF,ON,ON,66.25
Meeting Hall,46,25.81,50.07,No,Day,OFF,ON,OFF,52.15
Office,87,34.18,78.49,No,Day,ON,OFF,ON,66.85
Corridor,42,22.12,39.04,Yes,Day,ON,OFF,OFF,41.35
Floor,51,21.75,47.1,Yes,Day,OFF,ON,OFF,50.82
Corridor,52,29.53,71.0,No,Night,ON,OFF,ON,49.35
Floor,67,22.96,73.79,No,Day,ON,ON,ON,74.52
Meeting Hall,4,20.2,66.77,No,Day,ON,ON,ON,57.52
Office,82,24.39,53.35,No,Day,ON,OFF,ON,64.98
Floor,47,22.52,62.44,No,Day,ON,OFF,ON,68.05
Floor,23,25.02,52.5,No,Day,ON,OFF,OFF,59.71
Floor,0,21.17,72.43,Yes,Night,ON,ON,OFF,47.33
Floor,98,34.27,50.49,No,Night,ON,ON,ON,81.12
Office,1,31.63,70.89,No,Day,ON,OFF,ON,51.47
Office,9,32.3,59.28,No,Day,ON,ON,ON,63.56
Meeting Hall,62,23.06,56.06,No,Day,ON,ON,OFF,67.04
Office,58,32.56,62.82,No,Night,ON,OFF,ON,54.14
Floor,5,28.04,44.61,No,Day,OFF,OFF,ON,54.57
Meeting Hall,83,18.96,49.61,No,Day,OFF,ON,ON,60.0
Meeting Hall,82,20.61,70.25,Yes,Night,ON,ON,OFF,53.6
Meeting Hall,47,25.58,49.2,Yes,Night,OFF,OFF,ON,45.59
Floor,35,24.69,62.68,No,Day,ON,OFF,ON,68.44
Corridor,47,31.52,63.18,No,Night,ON,ON,ON,53.34
Floor,28,32.85,73.49,No,Day,ON,ON,ON,84.67
Office,40,32.7,52.18,Yes,Day,OFF,ON,ON,49.87
Office,87,24.38,75.13,Yes,Day,OFF,OFF,ON,48.92
Floor,72,28.81,79.65,No,Night,ON,ON,ON,77.05
Floor,31,26.45,38.46,No,Day,ON,OFF,ON,67.11
Meeting Hall,4,33.11,65.77,No,Day,ON,ON,ON,64.47
Floor,84,33.11,64.92,No,Night,ON,ON,ON,75.62
Meeting Hall,16,18.92,52.81,Yes,Day,ON,OFF,ON,47.6
Office,23,27.73,45.19,No,Night,ON,ON,ON,50.34
Meeting Hall,90,26.56,31.36,No,Day,OFF,OFF,ON,61.72
Floor,81,31.1,61.81,Yes,Day,OFF,ON,ON,71.51
Office,85,21.33,45.79,No,Day,ON,ON,ON,67.1
Corridor,5,29.81,57.61,Yes,Night,ON,ON,ON,40.69
Meeting Hall,27,30.56,36.11,Yes,Day,OFF,ON,ON,45.99
Office,19,18.45,32.21,Yes,Day,OFF,ON,ON,30.72
Meeting Hall,79,25.33,70.12,Yes,Day,ON,OFF,ON,70.23
Office,18,34.64,36.15,No,Night,ON,ON,ON,55.48
Office,7,23.11,36.87,No,Day,OFF,OFF,ON,42.88
Meeting Hall,17,33.04,58.53,No,Day,OFF,ON,ON,53.67
Corridor,36,27.98,66.56,No,Day,ON,ON,OFF,47.39
Office,60,23.04,30.4,Yes,Night,ON,ON,ON,47.16
Office,44,32.21,52.11,Yes,Day,ON,OFF,ON,51.48
Office,94,34.84,61.56,No,Day,ON,ON,ON,71.81
Corridor,37,30.61,66.9,No,Night,OFF,ON,ON,45.62
Corridor,1,19.04,77.4,No,Night,ON,ON,ON,37.34
Floor,54,18.89,30.81,No,Day,OFF,ON,OFF,52.39
Meeting Hall,95,26.36,74.93,No,Night,ON,ON,ON,66.81
Corridor,14,18.1,78.33,No,Day,ON,ON,ON,49.37
Meeting Hall,58,29.49,73.29,No,Day,ON,ON,OFF,66.78
Floor,74,18.28,77.44,Yes,Day,OFF,ON,ON,66.46
Meeting Hall,4,34.54,35.93,No,Day,OFF,OFF,ON,45.17
Corridor,92,32.97,79.61,Yes,Night,ON,OFF,ON,57.06
Meeting Hall,83,31.86,68.26,No,Day,ON,OFF,ON,80.89
Corridor,19,31.81,33.47,Yes,Day,OFF,ON,OFF,33.24
Meeting Hall,81,32.18,63.94,No,Day,ON,ON,ON,76.93
Corridor,11,25.38,65.16,Yes,Day,OFF,OFF,OFF,24.9
Corridor,56,31.46,61.47,No,Day,ON,ON,OFF,54.98
Meeting Hall,80,24.24,73.73,No,Day,ON,ON,ON,76.45
Floor,67,32.42,67.44,No,Day,ON,OFF,ON,75.11
Office,18,28.51,38.09,No,Night,OFF,OFF,ON,26.68
Floor,86,24.09,42.51,No,Day,OFF,OFF,OFF,65.69
Meeting Hall,26,30.67,53.17,No,Day,ON,OFF,ON,62.38
Floor,52,22.13,49.74,No,Day,ON,OFF,ON,68.44
Corridor,41,34.4,63.15,No,Day,ON,OFF,OFF,57.15
Office,44,29.3,36.82,No,Night,ON,ON,ON,52.43
Meeting Hall,77,24.82,47.72,No,Night,ON,OFF,ON,54.69
Meeting Hall,67,27.36,42.14,No,Day,OFF,OFF,ON,57.97
Meeting Hall,67,30.54,44.68,No,Day,ON,ON,ON,74.22
Office,23,31.55,65.54,No,Day,ON,ON,ON,60.04
Corridor,86,34.57,34.02,No,Day,ON,ON,OFF,60.44
Meeting Hall,35,21.55,74.37,No,Day,ON,OFF,ON,55.7
Floor,74,26.58,62.05,Yes,Night,ON,ON,ON,69.99
Meeting Hall,96,19.55,50.58,No,Night,OFF,ON,ON,61.69
Meeting Hall,4,19.4,54.29,No,Day,ON,ON,OFF,49.11
Meeting Hall,26,19.77,64.91,No,Night,ON,OFF,OFF,42.25
Meeting Hall,36,22.41,66.54,No,Night,ON,OFF,ON,50.62
Corridor,26,29.84,70.24,Yes,Night,OFF,ON,ON,33.71
Floor,94,32.64,43.18,No,Night,ON,ON,OFF,76.36
Corridor,75,25.41,72.89,No,Day,ON,ON,ON,63.51
Floor,46,27.44,71.53,No,Day,OFF,ON,ON,67.0
Meeting Hall,63,21.51,72.75,Yes,Night,OFF,ON,ON,51.1
Office,5,31.45,34.04,No,Night,ON,ON,ON,45.57
Corridor,75,33.1,37.18,No,Night,ON,ON,ON,57.76
Office,55,26.26,61.24,Yes,Day,OFF,ON,OFF,39.38
Corridor,13,20.73,77.65,No,Day,ON,ON,ON,53.62
Meeting Hall,21,18.09,35.5,No,Day,ON,OFF,ON,57.6
Corridor,54,27.12,66.94,No,Day,ON,ON,ON,60.07
Meeting Hall,74,26.46,36.81,Yes,Day,ON,ON,ON,65.7
Corridor,51,33.74,77.52,Yes,Day,OFF,ON,ON,49.47
Meeting Hall,55,18.62,70.01,No,Day,ON,ON,ON,65.83
Meeting Hall,76,20.53,44.42,Yes,Day,ON,ON,ON,66.89
Floor,5,21.36,32.38,Yes,Day,OFF,ON,ON,48.87
Meeting Hall,19,27.3,51.83,No,Day,ON,OFF,ON,60.93
Floor,53,22.84,56.25,No,Day,ON,ON,OFF,67.56
Meeting Hall,1,21.5,56.35,No,Day,ON,ON,ON,57.82
Office,74,26.75,72.6,No,Night,ON,OFF,OFF,52.72
Meeting Hall,71,18.69,79.05,No,Day,ON,ON,ON,71.72
Office,29,34.58,51.6,No,Day,ON,OFF,ON,60.04
Office,90,32.64,38.19,Yes,Night,ON,ON,ON,60.23
Meeting Hall,53,22.62,48.85,Yes,Day,ON,ON,ON,58.9
Office,3,23.71,65.61,No,Night,ON,ON,ON,47.14
Floor,70,22.18,59.18,No,Day,ON,ON,ON,77.43
Corridor,46,33.78,34.34,No,Night,ON,OFF,ON,50.46
Meeting Hall,87,29.1,40.5,No,Day,ON,ON,ON,78.71
Office,95,26.86,64.68,No,Night,ON,ON,OFF,60.95
Meeting Hall,18,26.65,64.9,Yes,Night,OFF,OFF,ON,36.55
Floor,41,20.82,60.45,Yes,Day,OFF,ON,ON,54.47
Meeting Hall,98,34.36,44.7,No,Day,ON,OFF,OFF,67.15
Meeting Hall,41,33.55,38.16,No,Day,OFF,ON,ON,59.8
Office,50,34.19,41.44,No,Day,OFF,OFF,OFF,44.49
Floor,2,22.95,70.38,Yes,Day,ON,OFF,OFF,48.63
Corridor,81,26.1,54.43,No,Night,ON,ON,ON,58.21
Corridor,36,26.82,47.56,No,Day,OFF,ON,ON,43.5
Office,21,26.32,36.8,Yes,Day,ON,ON,OFF,47.34
Meeting Hall,32,18.33,49.63,No,Night,ON,ON,ON,55.79
Office,97,32.16,50.89,No,Day,OFF,ON,ON,63.47
Office,48,30.69,74.3,No,Day,ON,OFF,ON,57.65
Office,86,26.07,77.01,No,Night,ON,ON,ON,62.78
Meeting Hall,53,22.55,71.97,Yes,Night,ON,ON,OFF,57.56
Floor,61,28.79,49.41,No,Day,ON,ON,ON,75.82
Office,34,20.35,57.96,Yes,Night,ON,ON,ON,46.31
Meeting Hall,28,34.95,72.06,No,Day,OFF,ON,ON,59.55
Floor,65,20.13,32.52,No,Day,ON,ON,ON,74.2
Office,49,18.99,56.64,No,Day,ON,ON,ON,54.32
Corridor,13,28.41,49.93,No,Day,ON,ON,OFF,50.19
Floor,47,25.88,49.05,No,Day,ON,OFF,OFF,68.3
Office,43,30.22,47.5,No,Day,OFF,OFF,ON,49.51
Floor,71,20.18,62.02,No,Night,ON,ON,ON,70.96
Floor,0,24.18,50.87,No,Day,ON,OFF,ON,54.9
Floor,27,26.52,46.11,No,Night,ON,ON,ON,64.69
Floor,2,25.6,58.32,No,Day,ON,OFF,ON,59.35
Floor,70,27.91,48.66,No,Night,ON,ON,OFF,70.7
Floor,97,19.73,31.73,No,Day,ON,OFF,ON,79.41
Office,47,26.56,50.88,No,Day,ON,OFF,OFF,52.72
Corridor,31,27.43,39.8,Yes,Day,ON,OFF,ON,51.78
Meeting Hall,8,32.98,35.0,Yes,Night,OFF,OFF,OFF,26.14
Floor,98,27.71,73.63,Yes,Night,ON,ON,ON,70.05
Meeting Hall,56,27.3,64.59,No,Day,ON,ON,OFF,66.78
Office,82,31.81,49.04,No,Day,OFF,OFF,ON,51.35
Floor,45,19.1,79.26,No,Day,OFF,ON,OFF,56.6
Corridor,57,29.02,48.36,No,Night,ON,ON,OFF,46.34
Meeting Hall,55,31.8,42.22,No,Night,OFF,ON,OFF,48.27
Floor,14,19.61,53.68,No,Night,OFF,OFF,ON,43.78
Office,94,31.8,77.28,Yes,Night,ON,ON,ON,63.46
Corridor,60,31.38,63.2,Yes,Night,ON,OFF,ON,42.62
Meeting Hall,15,18.02,66.53,No,Day,ON,OFF,ON,57.39
Meeting Hall,45,22.18,38.26,No,Night,ON,ON,OFF,50.87
Floor,100,20.57,32.01,No,Night,ON,ON,ON,75.33
Corridor,70,26.69,56.86,Yes,Night,ON,OFF,ON,44.05
Corridor,34,33.54,46.52,No,Day,OFF,OFF,ON,44.58
Corridor,92,28.25,32.13,Yes,Day,ON,ON,ON,63.86
Corridor,65,28.23,74.81,Yes,Day,ON,ON,ON,58.31
Office,56,20.09,31.26,Yes,Day,ON,ON,ON,53.52
Corridor,33,29.33,30.63,Yes,Day,ON,ON,ON,47.8
Meeting Hall,98,33.1,44.96,No,Day,OFF,ON,ON,63.06
Meeting Hall,30,25.3,54.86,Yes,Day,ON,OFF,ON,55.21
Office,11,29.59,52.54,No,Day,ON,OFF,OFF,41.3
Meeting Hall,64,23.01,48.0,No,Day,ON,OFF,OFF,57.87
Meeting Hall,46,22.57,73.19,Yes,Day,OFF,ON,ON,58.18
Corridor,92,21.15,44.88,Yes,Night,ON,ON,ON,52.99
Meeting Hall,64,22.11,62.64,No,Night,ON,ON,ON,59.26
Office,0,23.83,49.93,Yes,Day,ON,OFF,OFF,32.62
Corridor,78,27.63,49.43,No,Night,OFF,ON,ON,49.67
Floor,66,31.27,76.64,No,Night,ON,OFF,ON,68.47
Corridor,13,22.92,64.87,Yes,Day,OFF,OFF,OFF,19.26
Office,53,20.86,56.91,No,Day,ON,OFF,OFF,49.43
Corridor,9,25.65,38.73,Yes,Day,ON,ON,OFF,45.17
Corridor,66,31.42,36.88,No,Day,ON,OFF,OFF,52.91
Office,83,24.62,39.68,No,Night,ON,ON,OFF,52.77
Corridor,49,33.53,61.35,Yes,Day,OFF,OFF,OFF,33.66
Office,99,22.21,32.8,Yes,Day,OFF,ON,ON,48.95
Office,90,30.89,53.2,No,Night,OFF,ON,OFF,48.61
Floor,35,25.95,52.99,No,Day,ON,ON,OFF,70.86
Meeting Hall,10,19.82,75.89,Yes,Night,OFF,ON,ON,37.26
Meeting Hall,2,22.78,48.5,No,Day,ON,OFF,ON,51.86
Corridor,87,32.59,74.83,No,Day,OFF,ON,OFF,54.68
Corridor,38,18.1,60.75,No,Day,OFF,OFF,ON,41.48
Floor,9,30.86,49.5,Yes,Day,ON,ON,OFF,65.82
Floor,89,31.79,56.33,No,Day,OFF,ON,ON,76.93
Floor,50,20.04,34.71,No,Day,ON,ON,OFF,69.95
Office,31,34.36,74.48,Yes,Day,ON,ON,ON,55.1
Floor,51,32.83,61.57,No,Day,ON,OFF,ON,75.39
Floor,71,21.04,51.78,No,Day,ON,ON,OFF,69.91
Corridor,46,22.1,68.79,No,Night,ON,OFF,ON,49.18
Floor,12,31.91,50.22,Yes,Day,OFF,ON,OFF,55.21
Office,66,27.29,53.05,No,Day,ON,ON,ON,65.03
Office,52,33.68,51.1,No,Day,ON,ON,OFF,57.76
Corridor,52,34.65,79.83,No,Day,ON,OFF,ON,60.32
Floor,14,23.84,68.51,No,Day,ON,OFF,ON,63.1
Floor,52,19.65,76.44,No,Day,ON,ON,OFF,72.7
Office,84,29.96,48.98,No,Night,ON,ON,ON,64.48
Floor,41,33.69,54.51,Yes,Day,ON,OFF,OFF,61.91
Floor,28,20.8,40.07,No,Day,ON,OFF,OFF,54.05
Floor,46,34.75,30.51,No,Day,OFF,ON,ON,64.81
Meeting Hall,90,21.33,39.74,Yes,Night,ON,OFF,ON,60.23
Corridor,29,19.47,76.45,No,Day,ON,ON,ON,56.66
Meeting Hall,13,26.43,52.82,No,Day,OFF,ON,ON,50.23
Corridor,78,31.69,36.54,No,Day,OFF,OFF,ON,47.56
Office,58,24.02,52.63,Yes,Day,ON,OFF,ON,56.69
Floor,63,23.64,69.64,Yes,Day,ON,OFF,OFF,60.81
Corridor,43,21.35,55.04,No,Night,OFF,ON,ON,35.86
Meeting Hall,13,34.76,76.84,No,Day,OFF,ON,ON,55.0
Floor,24,23.81,74.92,Yes,Day,OFF,OFF,ON,49.33
Office,90,29.33,53.66,No,Night,ON,OFF,ON,61.27
Corridor,43,20.25,34.15,No,Day,ON,OFF,OFF,42.35
Corridor,60,25.65,65.22,Yes,Day,ON,ON,ON,51.94
Corridor,1,31.53,47.82,No,Day,ON,ON,OFF,44.43
Floor,80,34.5,69.29,No,Day,ON,ON,ON,85.29
Meeting Hall,78,21.01,45.44,No,Day,ON,ON,ON,67.33
Meeting Hall,90,19.61,46.53,Yes,Day,ON,ON,OFF,63.96
Corridor,73,34.79,57.12,Yes,Night,OFF,ON,OFF,39.83
Office,42,27.42,31.24,No,Night,ON,OFF,OFF,40.69
Office,8,23.87,38.48,No,Night,ON,OFF,ON,35.17
Meeting Hall,60,34.32,72.57,No,Day,OFF,OFF,ON,61.45
Office,66,24.63,77.83,No,Day,ON,OFF,ON,60.42
Meeting Hall,23,21.94,39.6,Yes,Day,ON,ON,ON,49.16
Corridor,64,31.66,68.62,No,Day,ON,OFF,ON,65.98
Meeting Hall,37,23.34,35.59,Yes,Night,ON,OFF,OFF,45.61
Meeting Hall,69,23.47,53.63,Yes,Day,ON,OFF,ON,61.9
Corridor,4,25.56,55.42,No,Night,OFF,ON,ON,34.29
Office,67,29.78,58.19,Yes,Day,ON,ON,ON,61.05
Meeting Hall,66,32.31,48.07,No,Day,OFF,OFF,ON,58.73
Meeting Hall,29,21.84,72.81,No,Day,ON,OFF,ON,60.24
Corridor,99,24.16,45.17,Yes,Day,ON,OFF,OFF,50.99
Office,86,26.43,54.26,No,Night,OFF,OFF,OFF,42.26
Meeting Hall,61,18.44,39.69,No,Night,ON,ON,ON,54.48
Corridor,6,29.85,58.64,No,Day,ON,OFF,ON,42.93
Meeting Hall,50,27.62,39.86,Yes,Day,ON,OFF,OFF,53.76
Floor,31,20.27,42.08,No,Day,ON,OFF,ON,60.4
Corridor,73,20.22,51.87,No,Day,ON,OFF,ON,57.11
Office,100,33.22,43.89,No,Day,OFF,ON,ON,65.54
Office,96,29.62,32.01,No,Night,ON,OFF,ON,53.8
Office,25,24.6,69.82,No,Day,OFF,ON,OFF,38.74
Office,42,23.75,71.01,Yes,Day,ON,OFF,OFF,47.24
Meeting Hall,61,23.39,75.04,No,Night,ON,OFF,ON,55.75
Meeting Hall,30,29.13,78.99,Yes,Day,ON,OFF,ON,58.79
Office,93,21.04,35.66,No,Day,ON,OFF,ON,59.37
Office,22,34.79,43.73,No,Day,ON,ON,ON,56.0
Office,63,29.68,61.53,No,Day,OFF,ON,OFF,49.84
Meeting Hall,92,20.16,73.82,Yes,Day,ON,OFF,ON,61.24
Office,71,20.35,38.12,No,Day,ON,ON,ON,60.71
Office,54,29.02,54.18,No,Night,OFF,ON,ON,47.62
Floor,15,24.51,78.94,No,Night,ON,OFF,ON,54.82
Floor,8,29.22,46.55,No,Night,ON,ON,ON,58.86
Office,3,30.28,54.56,Yes,Day,ON,ON,ON,51.73
Corridor,82,27.14,64.69,No,Night,ON,ON,OFF,46.47
Office,38,22.36,51.09,No,Day,ON,ON,ON,59.63
Floor,43,27.37,65.88,No,Day,ON,ON,OFF,64.75
Corridor,40,25.17,37.38,No,Day,ON,ON,OFF,49.24
Corridor,12,33.14,41.53,No,Day,OFF,OFF,OFF,32.69
Office,75,30.58,49.34,No,Day,OFF,ON,ON,56.81
Floor,72,28.52,79.2,Yes,Day,OFF,ON,ON,70.12
Floor,11,18.68,47.44,No,Night,ON,ON,OFF,48.74
Corridor,23,34.83,75.78,No,Day,ON,OFF,ON,52.9
Office,47,27.63,73.74,Yes,Night,ON,ON,OFF,45.39
Meeting Hall,76,22.4,67.79,No,Day,ON,ON,ON,69.36
Meeting Hall,98,28.06,48.52,No,Day,ON,OFF,OFF,67.44
Floor,31,31.9,46.52,No,Day,ON,ON,ON,70.99
Meeting Hall,37,27.16,61.98,No,Day,ON,ON,OFF,59.46
Floor,77,31.21,41.63,No,Day,OFF,OFF,ON,65.74
Floor,65,25.02,48.03,Yes,Day,ON,ON,ON,75.84
Floor,53,28.03,70.76,No,Day,OFF,ON,ON,67.54
Meeting Hall,20,25.18,40.54,No,Day,OFF,ON,ON,46.95
Floor,30,26.97,71.41,No,Night,ON,OFF,OFF,51.4
Corridor,63,20.85,57.6,No,Day,ON,OFF,ON,53.88
Office,51,28.18,55.58,Yes,Day,ON,ON,ON,58.48
Office,34,34.64,60.68,No,Night,OFF,ON,OFF,36.7
Floor,15,31.0,61.57,No,Day,ON,ON,ON,72.35
Office,39,23.44,57.92,No,Night,ON,OFF,ON,50.02
Meeting Hall,89,32.69,65.07,No,Night,ON,ON,ON,76.06
Meeting Hall,37,33.23,47.9,No,Night,ON,ON,ON,66.68
Office,56,21.01,70.54,No,Day,OFF,OFF,OFF,36.75
Meeting Hall,2,18.9,41.06,No,Day,ON,ON,OFF,47.47
Office,36,27.73,65.72,No,Day,ON,ON,OFF,51.51
Office,99,26.09,49.27,No,Day,ON,OFF,ON,63.13
Office,1,30.15,64.74,No,Day,OFF,OFF,OFF,34.1
Floor,85,22.98,31.62,No,Day,ON,OFF,ON,70.47
Office,2,24.46,49.51,No,Night,OFF,OFF,ON,34.68
Floor,46,22.49,78.16,Yes,Day,OFF,ON,ON,57.13
Office,89,22.97,58.64,No,Night,OFF,ON,ON,45.78
Office,26,18.16,54.97,Yes,Night,ON,ON,OFF,34.44
Office,62,26.68,42.37,No,Day,ON,ON,ON,63.14
Meeting Hall,37,26.04,54.57,No,Day,ON,ON,OFF,61.76
Floor,43,24.05,71.17,No,Day,ON,ON,ON,75.2
Floor,7,27.18,46.92,No,Night,ON,ON,ON,62.62
Office,22,24.66,58.24,Yes,Day,ON,ON,ON,54.02
Office,5,25.35,63.68,No,Day,ON,ON,ON,49.32
Meeting Hall,24,18.03,50.04,No,Day,ON,ON,OFF,57.6
Meeting Hall,58,19.13,44.15,No,Night,ON,OFF,OFF,48.57
Meeting Hall,56,20.56,37.78,Yes,Night,ON,ON,ON,56.72
Floor,57,21.13,35.06,No,Day,OFF,ON,ON,63.87
Floor,15,25.69,42.05,No,Day,ON,OFF,ON,61.79
Floor,25,32.87,30.98,No,Day,OFF,OFF,ON,59.03
Office,78,24.9,68.01,No,Day,ON,ON,OFF,61.94
Floor,46,28.66,35.59,No,Night,OFF,ON,ON,58.16
Corridor,95,18.44,74.95,No,Night,OFF,OFF,ON,44.64
Corridor,39,32.53,55.54,No,Night,ON,ON,OFF,49.52
Meeting Hall,18,19.92,52.85,No,Day,ON,ON,ON,57.22
Floor,77,22.83,33.24,Yes,Day,ON,OFF,ON,69.39
Corridor,43,31.88,36.67,No,Day,ON,ON,OFF,55.26
Meeting Hall,98,22.5,72.84,No,Day,OFF,ON,ON,69.27
Floor,25,22.39,63.64,No,Day,ON,ON,ON,71.33
Office,51,28.25,34.73,Yes,Night,ON,ON,OFF,45.01
Corridor,36,33.36,64.06,No,Day,ON,OFF,ON,55.47
Office,76,21.63,36.55,Yes,Night,OFF,ON,ON,40.41
Floor,46,28.55,66.63,No,Day,ON,ON,ON,79.12
Corridor,71,28.2,77.23,Yes,Day,OFF,OFF,OFF,42.1
Floor,13,29.21,67.92,No,Day,ON,ON,ON,73.59
Office,25,34.1,71.19,Yes,Day,ON,ON,ON,61.47
Corridor,46,20.82,61.03,Yes,Day,ON,ON,ON,48.28
Office,93,29.12,30.19,No,Night,ON,ON,ON,66.18
Floor,12,21.1,69.26,No,Day,OFF,OFF,ON,54.69
Floor,99,23.34,50.21,Yes,Night,OFF,ON,ON,65.13
Office,10,24.63,73.65,No,Night,ON,ON,ON,48.87
Corridor,1,32.2,58.64,No,Day,ON,OFF,OFF,38.25
Office,29,18.91,39.58,No,Night,ON,ON,OFF,42.84
Floor,23,30.47,32.74,No,Day,ON,ON,ON,68.73
Office,81,33.51,57.75,No,Night,ON,ON,OFF,53.98
Floor,22,19.35,58.34,No,Day,ON,ON,ON,68.1
Office,69,31.44,73.0,No,Day,OFF,ON,ON,62.89
Corridor,74,19.83,31.94,Yes,Day,OFF,ON,ON,46.87
Corridor,6,34.37,71.06,No,Day,ON,ON,ON,56.66
Office,46,31.86,50.28,No,Night,OFF,ON,ON,47.93
Office,96,29.81,56.42,No,Night,ON,ON,ON,64.44
Corridor,9,27.35,56.67,No,Night,ON,OFF,OFF,31.84
Floor,84,33.65,49.12,No,Day,ON,OFF,ON,78.36
Corridor,72,20.02,39.3,No,Day,OFF,ON,ON,50.33
Floor,29,20.07,33.94,No,Day,OFF,OFF,OFF,46.56
Office,47,31.98,40.35,No,Day,OFF,OFF,OFF,45.94
Office,24,26.2,65.71,No,Day,OFF,OFF,ON,43.09
Floor,88,32.37,64.11,No,Day,ON,ON,ON,87.71
Office,23,24.64,63.77,No,Day,ON,OFF,OFF,40.47
Floor,11,25.68,75.38,Yes,Day,ON,OFF,ON,60.39
Meeting Hall,70,23.65,52.84,No,Day,OFF,ON,ON,60.43
Corridor,33,34.16,67.96,No,Day,OFF,OFF,OFF,31.89
Meeting Hall,2,25.9,63.41,No,Night,ON,OFF,ON,47.08
Floor,5,30.84,76.85,Yes,Day,OFF,ON,OFF,50.22
Corridor,58,29.83,63.49,No,Night,ON,ON,ON,54.42
Floor,26,22.0,39.01,No,Day,ON,ON,OFF,59.62
Corridor,82,33.54,67.21,No,Night,ON,ON,ON,64.4
Corridor,71,27.26,47.9,No,Day,OFF,ON,ON,51.76
Corridor,35,32.55,42.75,No,Day,ON,ON,OFF,45.86
Corridor,60,32.15,43.91,Yes,Day,OFF,OFF,ON,40.9
Floor,99,19.0,71.25,Yes,Night,ON,OFF,OFF,67.65
Corridor,81,28.54,52.64,No,Day,ON,ON,ON,64.3
Corridor,70,31.41,53.46,No,Day,ON,ON,OFF,51.95
Meeting Hall,64,33.41,30.53,Yes,Night,OFF,ON,OFF,46.78
Office,4,26.61,43.51,Yes,Day,ON,OFF,OFF,33.77
Office,41,30.76,74.17,Yes,Day,OFF,ON,OFF,46.01
Meeting Hall,13,34.48,54.9,No,Day,ON,OFF,ON,56.57
Meeting Hall,64,32.07,50.82,Yes,Day,ON,ON,ON,65.6
Floor,11,32.53,33.7,No,Day,OFF,ON,OFF,57.41
Floor,82,24.92,44.67,No,Day,ON,ON,ON,77.9
Floor,1,19.56,36.56,Yes,Night,OFF,ON,ON,42.36
Meeting Hall,13,34.42,38.22,No,Night,ON,OFF,ON,50.88
Meeting Hall,66,29.83,46.94,Yes,Day,ON,ON,ON,67.87
Corridor,98,20.91,33.35,No,Day,OFF,ON,OFF,48.84
Floor,76,34.56,68.91,No,Night,OFF,OFF,OFF,61.33
Floor,66,30.17,61.09,No,Night,ON,ON,ON,79.06
Floor,13,19.54,69.99,No,Night,ON,ON,ON,55.8
Office,33,20.9,47.39,Yes,Day,ON,OFF,ON,44.09
Corridor,44,32.71,41.11,Yes,Night,ON,ON,OFF,42.63
Floor,8,34.22,59.5,No,Night,ON,OFF,ON,61.62
Floor,9,24.2,31.1,No,Day,ON,OFF,OFF,51.79
Floor,7,25.03,34.45,No,Day,OFF,ON,ON,53.65
Office,28,24.72,67.07,No,Day,OFF,ON,OFF,37.4
Office,60,32.2,74.37,No,Day,ON,ON,OFF,59.32
Meeting Hall,53,25.71,40.27,No,Night,OFF,ON,OFF,45.11
Corridor,38,24.38,69.55,No,Night,ON,OFF,OFF,39.66
Meeting Hall,32,28.57,49.18,No,Night,ON,ON,ON,61.88
Corridor,22,26.34,50.8,No,Night,OFF,ON,OFF,30.39
Office,71,27.07,74.2,Yes,Day,OFF,ON,OFF,42.3
Floor,39,24.92,61.05,Yes,Day,ON,ON,ON,69.53
Meeting Hall,22,25.83,70.6,No,Night,OFF,OFF,ON,42.08
Floor,58,18.61,68.79,No,Day,ON,OFF,ON,66.72
Meeting Hall,49,33.74,58.7,No,Day,OFF,OFF,OFF,49.84
Office,99,18.52,67.39,Yes,Day,ON,OFF,ON,61.37
Office,63,31.14,65.41,No,Day,OFF,ON,ON,53.38
Office,55,23.07,54.01,Yes,Day,ON,ON,ON,58.74
Meeting Hall,42,19.91,37.59,Yes,Day,ON,ON,ON,56.19
Corridor,83,28.36,43.32,No,Day,ON,OFF,ON,60.63
Meeting Hall,57,30.02,48.82,Yes,Night,ON,ON,ON,55.99
Corridor,11,28.71,59.33,No,Night,OFF,OFF,OFF,24.56
Meeting Hall,35,27.79,44.89,No,Night,OFF,OFF,OFF,38.35
Meeting Hall,72,27.12,40.27,No,Day,OFF,OFF,ON,55.43
Office,96,27.2,31.78,No,Night,ON,ON,ON,61.3
Floor,5,32.71,40.63,Yes,Night,OFF,ON,ON,48.9
Floor,31,19.53,56.95,Yes,Day,ON,ON,ON,66.94
Corridor,64,20.68,36.98,No,Night,ON,ON,OFF,44.25
Floor,59,31.82,31.47,No,Day,OFF,OFF,ON,72.21
Meeting Hall,53,23.15,33.73,No,Night,ON,OFF,ON,56.38
Meeting Hall,23,31.12,77.61,Yes,Day,OFF,OFF,ON,51.17
Office,28,24.0,31.77,No,Day,OFF,ON,ON,39.51
Office,7,33.73,53.62,No,Day,ON,ON,ON,54.96
Floor,12,22.78,64.41,No,Day,ON,OFF,ON,65.24
Corridor,62,25.26,41.16,No,Day,ON,ON,ON,60.23
Floor,24,20.7,78.21,Yes,Night,OFF,OFF,ON,48.47
Floor,28,29.33,31.14,Yes,Night,ON,OFF,OFF,48.87
Floor,58,24.85,74.0,No,Night,ON,ON,OFF,60.37
Floor,60,34.0,49.57,No,Day,ON,OFF,OFF,70.03
Meeting Hall,87,18.27,49.19,Yes,Night,ON,OFF,OFF,43.49
Corridor,90,24.59,53.61,No,Day,OFF,ON,OFF,52.08
Meeting Hall,25,18.4,78.57,Yes,Night,ON,ON,ON,43.04
Corridor,83,23.59,61.4,Yes,Day,OFF,ON,ON,51.76
Office,67,24.46,73.93,No,Day,ON,ON,ON,64.98
Floor,21,22.39,31.39,Yes,Night,ON,OFF,ON,56.89
Meeting Hall,6,22.34,74.85,No,Night,ON,ON,ON,52.59
Corridor,56,22.42,40.67,No,Day,OFF,OFF,ON,50.39
Office,61,22.53,45.75,Yes,Night,ON,ON,ON,43.54
Office,17,22.8,33.68,Yes,Day,ON,OFF,ON,45.35
Floor,9,32.47,75.75,No,Night,ON,OFF,ON,68.39
Corridor,30,18.66,56.31,Yes,Day,ON,OFF,OFF,31.53
Meeting Hall,25,34.81,34.5,No,Day,ON,ON,OFF,63.69
Floor,54,22.79,49.87,No,Day,OFF,ON,OFF,57.23
Meeting Hall,89,18.48,49.06,No,Day,ON,ON,OFF,66.79
Office,24,20.98,32.54,No,Night,ON,ON,ON,47.2
Meeting Hall,51,34.01,47.38,Yes,Day,OFF,ON,ON,53.58
Meeting Hall,17,34.96,44.64,Yes,Day,ON,OFF,OFF,52.66
Floor,23,22.19,75.97,Yes,Day,ON,ON,ON,63.04
Meeting Hall,14,21.83,70.34,No,Day,ON,ON,ON,61.03
Floor,7,32.21,38.0,No,Night,ON,ON,OFF,57.72
Office,42,33.54,76.58,Yes,Day,ON,OFF,OFF,58.7
Floor,88,29.06,67.16,Yes,Day,ON,ON,ON,79.5
Floor,98,33.91,54.54,No,Day,ON,ON,OFF,83.53
Corridor,23,34.15,51.63,No,Day,ON,OFF,ON,47.77
Meeting Hall,84,30.91,76.34,No,Night,ON,ON,ON,75.19
Office,64,23.93,45.28,No,Day,OFF,OFF,ON,48.45
Floor,25,20.54,48.53,No,Day,OFF,OFF,OFF,50.73
Office,73,26.8,64.56,No,Night,OFF,ON,ON,52.46
Corridor,25,22.92,67.96,No,Day,ON,ON,OFF,46.0
Meeting Hall,65,20.01,46.36,No,Night,ON,OFF,ON,54.91
Floor,39,24.7,76.1,No,Day,OFF,ON,ON,63.88
Meeting Hall,13,26.16,42.81,Yes,Night,ON,ON,ON,52.62
Corridor,32,29.25,47.37,Yes,Day,ON,ON,ON,52.61
Corridor,56,21.76,39.83,No,Day,ON,ON,ON,57.34
Office,38,32.76,56.85,No,Day,ON,ON,ON,69.4
Floor,0,21.15,79.96,No,Night,OFF,OFF,OFF,40.9
Office,93,34.95,65.9,Yes,Night,OFF,OFF,OFF,42.15
Corridor,36,27.47,53.57,No,Day,OFF,ON,ON,43.36
Meeting Hall,17,20.5,79.15,No,Night,OFF,ON,ON,40.04
Office,29,32.18,32.46,No,Day,ON,ON,ON,61.67
Office,26,22.31,44.3,No,Night,OFF,OFF,ON,28.93
Meeting Hall,59,21.2,71.91,No,Night,ON,ON,ON,61.05
Office,48,20.29,56.22,No,Day,OFF,ON,ON,50.62
Meeting Hall,29,27.37,30.23,No,Night,ON,OFF,OFF,43.27
Floor,44,32.95,52.84,No,Day,OFF,ON,OFF,66.52
Meeting Hall,99,33.25,31.09,No,Day,OFF,ON,ON,64.02
Floor,20,31.36,58.67,No,Day,ON,ON,OFF,68.39
Meeting Hall,53,27.88,61.64,No,Night,ON,OFF,ON,58.03
Corridor,15,27.01,40.07,No,Night,ON,OFF,ON,40.33
Corridor,80,24.35,79.32,No,Night,ON,OFF,OFF,48.39
Floor,17,18.75,71.69,Yes,Night,ON,ON,OFF,49.1
Floor,33,32.22,53.19,No,Night,OFF,ON,ON,58.74
Corridor,20,34.99,45.48,No,Day,ON,OFF,OFF,44.16
Floor,75,33.65,30.62,No,Day,ON,OFF,OFF,73.0
Meeting Hall,30,33.86,64.66,No,Day,OFF,ON,OFF,52.04
Meeting Hall,9,23.66,43.14,Yes,Day,ON,ON,ON,47.92
Corridor,3,19.69,49.73,No,Day,ON,OFF,OFF,34.37
Office,14,32.82,51.43,No,Day,OFF,ON,OFF,39.29
Meeting Hall,52,30.98,72.69,Yes,Night,OFF,ON,ON,52.06
Floor,58,24.64,72.57,No,Night,ON,ON,ON,72.45
Office,54,32.17,68.81,Yes,Day,ON,OFF,ON,61.86
Office,61,20.36,68.34,No,Night,ON,OFF,ON,54.91
Meeting Hall,41,29.07,54.74,No,Day,ON,ON,ON,63.83
Meeting Hall,27,34.21,69.56,No,Night,ON,OFF,OFF,55.58
Office,6,33.48,72.91,No,Day,OFF,ON,OFF,33.08
Office,10,30.93,54.92,Yes,Day,OFF,ON,ON,41.24
Corridor,28,22.53,75.02,Yes,Night,ON,ON,OFF,36.07
Floor,33,19.74,79.52,No,Day,ON,ON,OFF,66.53
Corridor,93,23.52,38.76,No,Day,ON,OFF,ON,59.19
Meeting Hall,90,28.5,78.95,No,Day,ON,ON,ON,78.98
Corridor,24,23.38,42.29,No,Day,ON,ON,ON,49.99
Corridor,55,25.02,76.7,Yes,Night,OFF,OFF,ON,39.01
Corridor,39,24.86,72.56,No,Day,ON,ON,ON,56.04
Corridor,86,23.71,75.8,No,Night,ON,ON,ON,61.74
Floor,92,33.7,53.05,Yes,Day,ON,ON,OFF,75.24
Floor,62,23.44,37.55,Yes,Day,ON,OFF,ON,71.75
Office,49,34.89,41.13,Yes,Day,ON,ON,ON,57.54
Meeting Hall,10,21.56,45.23,Yes,Night,ON,ON,OFF,42.85
Corridor,59,32.83,42.49,No,Day,ON,ON,OFF,56.7
Office,63,30.45,78.37,Yes,Day,ON,OFF,OFF,53.71
Office,3,29.37,37.8,Yes,Day,OFF,OFF,ON,41.45
Office,99,25.57,64.29,Yes,Day,ON,ON,ON,65.32
Floor,30,31.88,55.58,No,Night,ON,OFF,ON,66.8
Corridor,73,26.37,31.71,No,Day,ON,OFF,ON,58.38
Corridor,53,20.3,40.58,Yes,Day,ON,OFF,ON,52.64
Meeting Hall,79,22.77,76.68,No,Day,ON,OFF,ON,74.4
Corridor,55,21.1,70.84,Yes,Day,ON,ON,OFF,51.36
Corridor,93,27.68,59.3,No,Day,ON,OFF,ON,64.76
Office,98,29.14,33.84,Yes,Day,OFF,OFF,ON,48.39
Meeting Hall,43,23.71,36.93,No,Day,ON,ON,ON,64.16
Corridor,80,18.67,66.53,No,Day,OFF,ON,ON,45.15
Floor,4,29.2,67.85,No,Day,OFF,ON,ON,55.16
Corridor,66,19.05,77.9,Yes,Night,ON,OFF,OFF,36.09
Office,79,34.42,40.28,No,Night,ON,OFF,ON,61.24
Floor,67,33.08,62.45,No,Day,ON,ON,ON,79.51
Office,8,32.12,51.54,Yes,Day,ON,OFF,OFF,37.75
Corridor,3,24.25,35.69,No,Night,ON,OFF,OFF,20.99
Floor,84,30.66,46.81,Yes,Night,ON,OFF,OFF,68.23
Meeting Hall,73,18.78,48.37,Yes,Day,OFF,ON,ON,54.36
Meeting Hall,94,19.52,52.67,Yes,Night,ON,ON,ON,65.23
Floor,80,26.41,44.65,No,Night,ON,OFF,ON,72.1
Floor,15,27.98,57.63,No,Day,ON,ON,OFF,61.7
Office,69,31.04,60.32,No,Day,ON,ON,ON,68.21
Floor,93,23.06,50.64,Yes,Night,OFF,ON,OFF,58.61
Office,14,27.22,48.67,No,Day,ON,OFF,OFF,41.6
Corridor,51,19.06,62.78,Yes,Night,ON,ON,ON,46.03
Office,30,26.0,32.71,No,Night,OFF,ON,ON,37.84
Floor,93,29.41,73.32,No,Night,OFF,ON,ON,72.31
Floor,100,34.82,78.73,Yes,Day,OFF,ON,ON,76.96
Corridor,79,31.06,32.77,No,Day,OFF,OFF,OFF,49.59
Floor,43,34.92,65.46,No,Day,ON,ON,ON,84.97
Floor,35,26.46,42.61,No,Night,ON,ON,ON,68.53
Meeting Hall,1,25.36,51.5,No,Night,ON,ON,ON,56.83
Meeting Hall,27,32.18,43.53,No,Day,ON,ON,ON,68.37
Corridor,39,25.86,40.71,No,Day,ON,OFF,ON,47.06
Office,62,30.85,52.05,No,Night,OFF,OFF,ON,42.27
Meeting Hall,62,34.91,48.58,Yes,Night,ON,ON,ON,69.73
Office,16,30.32,51.29,No,Day,OFF,ON,ON,43.05
Floor,37,18.24,70.4,No,Day,ON,ON,OFF,64.03
Meeting Hall,35,21.06,78.93,Yes,Night,OFF,ON,OFF,30.5
Corridor,31,22.7,37.17,Yes,Night,ON,OFF,OFF,29.48
Corridor,53,31.98,67.2,No,Night,OFF,ON,ON,48.79
Corridor,58,33.85,57.46,No,Day,ON,OFF,OFF,55.65
Meeting Hall,24,29.04,48.65,No,Day,ON,OFF,ON,60.17
Office,76,19.5,63.03,Yes,Day,ON,ON,ON,54.62
Floor,13,26.49,74.08,No,Night,OFF,OFF,ON,51.47
Office,43,32.6,62.08,Yes,Night,ON,OFF,ON,51.27
Office,24,24.16,65.18,No,Night,ON,ON,OFF,42.77
Floor,34,19.11,37.41,No,Day,ON,OFF,ON,65.16
Floor,92,31.25,65.65,Yes,Night,ON,OFF,ON,71.3
Meeting Hall,78,29.17,79.31,No,Day,OFF,ON,ON,65.78
Meeting Hall,78,25.94,77.98,No,Day,OFF,OFF,OFF,50.79
Meeting Hall,46,32.45,50.46,No,Day,OFF,OFF,ON,59.91
Meeting Hall,46,32.45,74.11,No,Night,ON,ON,ON,66.5
Meeting Hall,16,29.92,59.57,No,Night,ON,ON,OFF,50.43
Floor,88,34.02,35.91,No,Day,OFF,OFF,ON,70.98
Office,22,25.72,78.91,Yes,Day,OFF,ON,OFF,40.4
Meeting Hall,95,30.39,60.66,Yes,Night,OFF,ON,OFF,54.62
Meeting Hall,94,32.12,35.29,Yes,Day,OFF,ON,ON,67.27
Office,86,28.81,58.61,No,Night,ON,ON,OFF,59.38
Meeting Hall,16,27.4,66.07,No,Day,ON,OFF,OFF,53.77
Office,28,30.44,41.86,No,Day,OFF,ON,ON,47.07
Office,1,24.03,64.12,No,Day,OFF,ON,ON,33.59
Floor,10,24.23,78.3,No,Day,OFF,OFF,OFF,44.87
Corridor,15,34.6,41.58,No,Day,ON,OFF,ON,44.65
Floor,50,20.02,54.54,No,Day,ON,OFF,ON,69.92
Corridor,80,32.31,45.7,No,Day,ON,ON,OFF,63.31
Corridor,20,31.41,49.4,No,Day,ON,OFF,ON,50.91
Corridor,20,18.92,71.86,Yes,Night,ON,OFF,OFF,24.15
Meeting Hall,5,29.96,71.18,No,Day,OFF,ON,ON,50.15
Floor,45,19.6,30.42,Yes,Day,ON,OFF,OFF,57.76
Corridor,22,21.58,36.1,Yes,Night,ON,ON,ON,35.49
Office,57,34.29,47.45,No,Day,ON,ON,ON,66.2
Meeting Hall,56,24.16,45.15,No,Day,OFF,OFF,ON,54.31
Floor,60,18.97,34.68,No,Night,ON,ON,ON,67.69
Corridor,95,26.86,64.38,No,Night,OFF,OFF,ON,43.19
Office,38,21.51,62.13,No,Night,ON,ON,ON,53.72
Floor,44,25.25,42.41,Yes,Day,ON,OFF,OFF,60.75
Floor,28,19.73,48.08,No,Night,OFF,ON,ON,49.99
Meeting Hall,30,19.63,54.4,No,Day,ON,ON,ON,60.4
Floor,88,26.57,32.26,No,Day,ON,ON,ON,87.97
Meeting Hall,1,23.71,37.74,No,Night,ON,ON,OFF,41.23
Corridor,85,20.64,62.34,No,Day,OFF,OFF,OFF,40.45
Meeting Hall,36,27.87,54.28,Yes,Night,ON,OFF,OFF,45.07
Office,43,19.06,60.02,No,Day,ON,ON,ON,51.85
Meeting Hall,78,30.8,78.67,No,Day,OFF,ON,ON,72.71
Office,69,18.87,67.78,No,Night,ON,ON,ON,51.27
Meeting Hall,62,34.5,78.41,Yes,Day,ON,OFF,OFF,63.59
Floor,96,30.51,59.55,No,Night,ON,ON,ON,80.92
Corridor,74,33.25,30.07,No,Night,ON,ON,OFF,51.77
Office,52,25.48,34.69,Yes,Night,ON,ON,ON,50.33
Meeting Hall,75,18.99,64.85,No,Day,OFF,ON,ON,57.79
Meeting Hall,87,21.9,45.25,Yes,Day,OFF,ON,ON,60.56
Meeting Hall,2,34.51,50.69,No,Night,ON,ON,ON,52.5
Floor,93,28.52,63.77,No,Night,OFF,ON,ON,66.5
Floor,18,21.87,46.67,No,Day,ON,ON,ON,63.27
Office,44,26.21,73.68,No,Night,ON,ON,ON,52.67
Office,60,23.4,49.37,Yes,Day,OFF,ON,OFF,41.45
Floor,54,26.33,32.22,No,Night,ON,ON,ON,70.36
Office,70,32.22,79.21,No,Day,ON,ON,ON,67.81
Corridor,75,21.78,54.49,Yes,Day,ON,OFF,ON,53.26
Corridor,28,24.78,47.53,No,Day,ON,OFF,ON,48.1
Floor,47,25.58,74.96,No,Day,ON,OFF,ON,73.26
Office,71,27.98,73.04,Yes,Night,OFF,ON,ON,43.71
Meeting Hall,62,19.32,31.89,Yes,Day,OFF,OFF,ON,49.12
Corridor,20,21.52,70.42,Yes,Night,ON,ON,ON,37.42
Floor,56,24.76,54.5,No,Day,ON,ON,OFF,71.58
Office,12,31.76,63.67,No,Day,ON,ON,ON,55.47
Floor,26,21.18,37.3,No,Day,ON,ON,ON,70.34
Meeting Hall,67,32.99,63.37,No,Day,ON,ON,ON,75.94
Corridor,95,23.77,41.5,No,Day,ON,ON,ON,68.5
Floor,87,22.32,35.87,No,Day,ON,ON,ON,81.83
Floor,63,24.96,36.73,Yes,Night,ON,OFF,ON,61.64
Floor,8,27.41,45.0,No,Day,OFF,OFF,ON,56.82
Meeting Hall,73,30.48,79.58,No,Day,ON,OFF,OFF,61.36
Floor,74,26.11,32.71,No,Night,OFF,ON,ON,62.43
Meeting Hall,96,31.91,46.55,No,Day,OFF,OFF,OFF,59.28
Meeting Hall,6,31.92,56.25,No,Day,OFF,OFF,ON,48.87
Meeting Hall,10,18.03,40.35,No,Day,OFF,OFF,ON,38.35
Corridor,27,31.46,78.08,Yes,Day,ON,ON,OFF,49.53
Corridor,93,25.53,53.03,No,Day,ON,OFF,ON,66.47
Floor,71,34.44,64.64,Yes,Day,ON,ON,ON,80.5
Floor,26,31.94,48.0,No,Night,OFF,ON,OFF,49.43
Corridor,21,24.53,39.71,Yes,Night,ON,ON,ON,40.76
Office,41,28.79,45.18,Yes,Day,ON,OFF,OFF,43.2
Corridor,31,21.3,43.98,No,Night,OFF,ON,ON,32.56
Meeting Hall,13,22.94,72.38,No,Day,ON,ON,ON,58.47
Corridor,25,21.44,30.74,Yes,Day,ON,OFF,ON,39.77
Meeting Hall,54,30.77,74.68,No,Day,ON,ON,ON,71.19
Floor,74,18.14,49.64,No,Day,OFF,OFF,ON,64.53
Office,70,24.92,60.84,Yes,Day,OFF,OFF,OFF,39.58
Floor,54,32.24,70.28,No,Day,OFF,ON,ON,70.43
Meeting Hall,44,30.05,53.05,No,Night,OFF,ON,ON,48.99
Meeting Hall,29,25.17,34.63,No,Night,ON,ON,ON,58.09
Meeting Hall,65,28.76,57.08,No,Day,OFF,OFF,ON,55.43
Office,98,25.34,36.08,No,Night,ON,OFF,ON,59.97
Corridor,25,32.35,71.23,No,Night,OFF,ON,ON,40.74
Floor,88,27.73,62.39,Yes,Day,ON,ON,ON,73.58
Floor,0,28.75,59.61,Yes,Day,ON,ON,OFF,54.15
Corridor,92,34.81,30.02,No,Day,OFF,OFF,OFF,50.56
Floor,23,31.09,78.0,No,Day,ON,ON,OFF,67.33
Office,54,22.86,36.52,No,Day,ON,ON,ON,58.96
Floor,64,31.14,39.17,Yes,Day,OFF,OFF,ON,61.16
Meeting Hall,24,33.78,79.31,Yes,Day,ON,ON,ON,61.17
Corridor,97,23.02,34.48,No,Day,ON,ON,OFF,65.9
Office,41,31.89,67.08,No,Day,ON,OFF,ON,60.16
Corridor,43,22.04,34.75,Yes,Day,ON,ON,ON,52.29
Office,68,25.38,66.64,No,Day,OFF,ON,ON,50.96
Meeting Hall,11,29.73,74.47,No,Day,ON,OFF,ON,58.47
Corridor,7,22.14,47.48,No,Day,ON,ON,OFF,42.07
Floor,62,21.18,45.62,No,Night,ON,OFF,ON,61.45
Office,77,25.86,76.65,No,Day,ON,OFF,ON,63.32
Corridor,19,31.31,33.73,No,Day,ON,OFF,OFF,45.92
Floor,39,28.13,47.38,No,Day,ON,OFF,ON,70.42
Corridor,72,29.92,62.65,No,Night,OFF,OFF,OFF,38.11
Corridor,4,29.72,64.37,No,Night,OFF,ON,OFF,30.87
Corridor,0,27.26,52.65,No,Day,OFF,ON,ON,37.15
Office,10,23.37,72.68,No,Day,ON,ON,ON,55.23
Floor,3,25.17,72.45,No,Day,ON,OFF,ON,61.81
Meeting Hall,37,24.47,70.85,No,Day,ON,ON,ON,61.26
Office,16,19.34,38.54,No,Night,ON,ON,OFF,38.61
Office,67,33.27,62.33,Yes,Day,OFF,OFF,ON,52.86
Office,31,28.91,72.55,Yes,Day,ON,ON,ON,50.59
Meeting Hall,4,32.57,34.71,No,Day,ON,OFF,OFF,47.4
Floor,21,31.19,42.23,No,Day,ON,ON,ON,68.75
Floor,77,19.16,78.9,No,Night,ON,ON,OFF,61.96
Floor,84,21.68,53.09,No,Day,ON,ON,OFF,75.81
Corridor,81,34.16,56.51,No,Night,ON,ON,ON,62.33
Corridor,66,25.85,47.51,No,Day,ON,ON,OFF,53.16
Corridor,10,31.8,49.61,Yes,Day,ON,ON,ON,44.27
Meeting Hall,99,27.78,74.73,No,Day,ON,ON,OFF,72.21
Corridor,90,32.0,40.46,No,Day,OFF,OFF,OFF,50.4
Meeting Hall,24,30.49,43.96,Yes,Day,OFF,ON,ON,53.84
Floor,41,22.76,55.03,No,Day,OFF,OFF,ON,51.89
Corridor,34,34.85,45.53,No,Night,ON,OFF,ON,43.35
Corridor,78,26.34,74.63,Yes,Day,ON,ON,ON,63.49
Office,58,27.94,61.65,Yes,Day,OFF,ON,ON,54.57
Meeting Hall,47,27.19,55.19,No,Day,ON,ON,ON,69.42
Floor,84,33.05,60.2,No,Day,ON,OFF,ON,78.66
Office,2,22.76,30.99,Yes,Night,ON,OFF,ON,30.51
Office,23,19.05,67.09,Yes,Day,ON,ON,ON,48.48
Floor,68,25.28,46.77,No,Night,ON,ON,ON,70.3
Office,100,33.61,60.41,No,Day,OFF,OFF,ON,60.61
Meeting Hall,32,25.47,71.61,No,Night,ON,OFF,OFF,47.51
Meeting Hall,87,22.72,47.27,Yes,Night,ON,ON,ON,64.13
Corridor,69,28.51,31.85,No,Night,ON,ON,ON,52.41
Office,46,30.54,30.05,No,Day,ON,ON,OFF,55.94
Corridor,52,25.87,72.99,No,Day,ON,OFF,ON,52.19
Office,44,24.46,57.33,No,Day,ON,OFF,OFF,47.8
Meeting Hall,70,24.2,62.52,No,Day,ON,ON,ON,70.69
Meeting Hall,82,25.16,59.84,No,Day,OFF,ON,ON,64.06
Meeting Hall,56,32.33,38.45,No,Night,ON,OFF,ON,55.95
Office,84,26.2,31.91,No,Day,ON,OFF,OFF,53.01
Meeting Hall,69,23.34,42.16,No,Night,ON,ON,OFF,55.38
Office,39,21.1,79.54,No,Day,ON,ON,OFF,54.8
Corridor,2,22.8,50.89,No,Night,ON,ON,ON,37.88
Office,48,25.87,76.25,Yes,Day,ON,ON,ON,50.2
Corridor,13,27.31,43.01,No,Day,OFF,ON,ON,42.18
Office,19,28.57,65.77,Yes,Night,ON,ON,ON,45.94
Corridor,77,19.21,31.3,No,Day,OFF,OFF,OFF,36.7
Meeting Hall,65,28.42,30.66,Yes,Night,ON,OFF,ON,56.08
Corridor,24,23.98,53.29,No,Day,OFF,ON,ON,45.44
Meeting Hall,3,22.37,62.45,No,Day,ON,OFF,ON,52.46
Meeting Hall,40,23.63,78.11,No,Night,ON,OFF,ON,53.11
Corridor,62,31.34,31.49,No,Day,OFF,ON,ON,49.76
Office,47,31.66,79.39,No,Night,ON,OFF,ON,51.86
Office,54,19.76,53.59,No,Day,ON,ON,ON,56.11
Floor,96,26.41,68.32,No,Night,ON,OFF,OFF,68.82
Office,1,27.0,62.31,Yes,Day,OFF,ON,ON,42.53
Floor,22,18.51,42.39,No,Day,OFF,ON,ON,54.38
Office,47,30.19,46.63,No,Day,OFF,ON,OFF,42.36
Office,84,24.24,59.56,Yes,Day,OFF,ON,OFF,42.89
Meeting Hall,14,25.11,34.82,No,Day,ON,ON,ON,53.82
Floor,50,28.37,68.74,No,Day,ON,OFF,ON,71.69
Office,23,25.97,69.98,No,Day,ON,OFF,OFF,43.8
Floor,19,30.72,71.03,No,Day,OFF,ON,ON,63.03
Meeting Hall,55,28.13,72.43,No,Day,ON,ON,ON,75.92
Meeting Hall,37,21.84,64.45,Yes,Day,OFF,OFF,ON,46.95
Floor,24,32.8,67.2,Yes,Day,ON,ON,OFF,66.75
Meeting Hall,85,21.67,59.43,No,Day,OFF,ON,OFF,61.62
Corridor,51,30.13,41.33,Yes,Day,ON,OFF,OFF,40.64
Corridor,50,31.47,34.15,Yes,Night,OFF,OFF,ON,37.67
Meeting Hall,46,29.7,38.93,No,Day,ON,OFF,ON,67.43
Corridor,67,25.17,39.66,No,Night,ON,ON,OFF,44.59
Office,79,32.93,67.89,No,Day,ON,ON,ON,72.44
Floor,63,23.57,77.39,No,Night,ON,OFF,ON,62.66
Office,42,29.68,70.72,No,Day,ON,OFF,ON,55.63
Floor,70,32.92,79.61,No,Day,OFF,OFF,ON,75.43
Meeting Hall,87,20.64,32.18,No,Night,ON,ON,OFF,57.35
Office,97,29.09,31.6,No,Night,ON,OFF,ON,57.74
Meeting Hall,56,33.32,64.18,No,Day,ON,ON,ON,70.01
Meeting Hall,38,19.75,31.28,No,Day,ON,ON,ON,61.16
Floor,28,20.48,74.54,Yes,Day,OFF,ON,ON,52.24
Floor,25,24.43,53.61,No,Day,OFF,OFF,OFF,47.33
Floor,13,34.9,76.22,No,Night,OFF,ON,OFF,54.95
Office,63,21.81,42.49,No,Day,ON,ON,ON,57.44
Corridor,46,23.52,62.12,No,Day,ON,OFF,OFF,39.15
Floor,19,32.2,64.95,No,Day,ON,ON,ON,71.82
Floor,6,20.22,44.36,Yes,Day,ON,ON,ON,62.34
Office,81,34.94,48.36,Yes,Day,OFF,OFF,ON,49.73
Floor,73,30.56,57.57,No,Night,ON,OFF,ON,69.99
Office,93,34.31,49.18,No,Day,ON,ON,OFF,72.97
Meeting Hall,66,20.45,54.58,No,Night,OFF,OFF,OFF,43.71
Floor,52,21.95,52.8,No,Day,OFF,ON,OFF,56.18
Floor,64,24.3,63.3,Yes,Day,ON,OFF,OFF,64.59
Meeting Hall,29,18.87,34.07,No,Day,OFF,OFF,ON,45.42
Meeting Hall,65,19.03,77.83,Yes,Day,ON,ON,ON,60.07
Meeting Hall,14,33.36,35.14,No,Night,OFF,OFF,ON,40.34
Floor,74,18.73,46.91,No,Day,ON,ON,OFF,72.05
Corridor,95,30.75,30.44,No,Day,ON,ON,OFF,58.43
Corridor,69,30.2,70.8,No,Day,ON,OFF,ON,59.92
Corridor,69,19.24,35.63,No,Day,ON,ON,OFF,45.01
Floor,91,21.19,43.92,No,Night,ON,ON,OFF,71.8
Meeting Hall,56,25.73,52.59,No,Day,OFF,ON,ON,65.81
Floor,24,28.91,72.2,No,Night,ON,ON,ON,66.63
Meeting Hall,22,33.23,68.36,No,Day,OFF,OFF,ON,50.71
Floor,11,26.96,37.5,No,Day,ON,OFF,ON,56.26
Floor,47,33.92,52.33,No,Day,ON,ON,OFF,74.62
Meeting Hall,9,21.23,46.64,No,Night,OFF,ON,OFF,36.08
Corridor,16,28.59,77.42,No,Night,OFF,ON,ON,37.34
Meeting Hall,51,32.36,72.79,Yes,Day,ON,ON,OFF,65.55
Office,1,21.97,37.52,Yes,Day,ON,ON,ON,45.28
Office,59,31.41,51.48,Yes,Day,ON,ON,ON,59.47
Meeting Hall,56,24.8,52.23,Yes,Day,ON,ON,ON,58.92
Floor,80,34.99,78.05,Yes,Day,ON,OFF,OFF,74.23
Office,72,19.56,69.76,No,Day,ON,OFF,OFF,48.94
Office,46,27.41,70.45,Yes,Day,ON,OFF,ON,54.99
Floor,70,31.31,48.41,No,Day,ON,OFF,OFF,76.79
Floor,12,29.5,64.78,Yes,Day,OFF,ON,OFF,55.57
Corridor,73,26.59,46.01,No,Night,ON,OFF,ON,45.77
Floor,21,26.72,71.23,No,Day,ON,OFF,ON,70.47
Meeting Hall,27,24.89,78.0,No,Night,OFF,OFF,OFF,38.35
Meeting Hall,54,23.82,60.51,No,Day,OFF,ON,ON,58.2
Corridor,49,28.09,56.44,No,Day,ON,OFF,ON,53.76
Office,77,30.72,73.62,No,Day,OFF,OFF,ON,50.7
Office,18,22.75,75.25,Yes,Day,OFF,ON,OFF,33.11
Floor,0,34.09,34.51,No,Day,ON,OFF,OFF,60.89
Meeting Hall,90,24.2,64.87,No,Day,ON,ON,ON,76.53
Office,67,25.38,61.42,No,Night,OFF,ON,OFF,39.82
Corridor,55,24.99,40.51,No,Day,ON,ON,ON,58.96
Corridor,87,19.89,36.24,No,Night,ON,ON,ON,59.08
Meeting Hall,13,19.97,44.26,No,Day,OFF,OFF,OFF,39.94
Corridor,63,31.52,38.45,No,Day,ON,ON,ON,61.84
Corridor,100,24.48,42.13,No,Day,ON,ON,ON,65.2
Meeting Hall,86,21.67,75.88,Yes,Night,ON,OFF,ON,58.26
Floor,68,30.03,75.81,No,Day,ON,ON,ON,79.7
Floor,83,34.32,42.68,No,Night,ON,OFF,ON,77.41
Corridor,21,33.93,40.11,Yes,Day,ON,OFF,ON,49.04
Floor,43,30.3,52.73,Yes,Night,OFF,ON,OFF,47.02
Floor,48,21.26,63.2,No,Day,OFF,OFF,ON,62.11
Corridor,98,20.62,36.9,No,Day,ON,ON,ON,66.33
Floor,35,32.81,70.87,Yes,Day,OFF,OFF,OFF,55.4
Corridor,68,34.37,33.68,No,Day,ON,OFF,OFF,56.01
Office,96,28.58,35.67,Yes,Day,ON,OFF,ON,57.37
Meeting Hall,87,33.32,61.82,No,Day,ON,ON,ON,82.62
Meeting Hall,33,31.85,40.21,No,Day,ON,ON,OFF,54.75
Floor,36,20.62,41.45,No,Day,ON,OFF,ON,62.85
Floor,88,21.79,73.82,No,Day,ON,OFF,ON,80.72
Floor,50,19.15,48.21,No,Day,ON,ON,ON,74.02
Meeting Hall,36,26.06,76.06,No,Day,ON,ON,ON,65.53
Office,24,23.51,35.43,Yes,Night,OFF,ON,ON,30.54
Office,85,25.24,76.58,No,Night,OFF,OFF,ON,50.66
Meeting Hall,4,18.15,75.74,No,Day,OFF,ON,ON,48.12
Office,7,30.26,56.99,No,Night,ON,OFF,ON,42.62
Meeting Hall,52,21.41,67.92,No,Day,ON,OFF,OFF,49.35
Office,26,24.26,51.86,Yes,Day,ON,ON,OFF,42.64
Corridor,60,24.84,68.28,Yes,Day,ON,ON,ON,55.69
Corridor,98,19.13,42.15,Yes,Night,OFF,OFF,ON,43.45
Meeting Hall,64,24.21,75.16,No,Day,ON,ON,OFF,67.69
Office,83,33.3,69.42,No,Night,ON,ON,ON,62.69
Floor,70,33.18,66.63,No,Night,ON,ON,OFF,73.08
Office,44,18.42,70.24,No,Day,ON,ON,ON,58.69
Corridor,2,18.51,47.24,No,Day,ON,ON,ON,42.73
Corridor,60,28.1,39.5,No,Day,ON,OFF,ON,60.28
Office,49,21.48,47.74,Yes,Day,ON,OFF,OFF,40.84
Office,47,33.27,31.94,No,Day,OFF,OFF,ON,49.63
Floor,72,26.21,43.51,Yes,Day,ON,ON,OFF,67.57
Floor,46,23.54,60.37,Yes,Day,OFF,ON,ON,56.7
Office,13,34.21,72.33,No,Day,OFF,ON,ON,44.27
Office,18,23.4,76.52,No,Day,OFF,ON,ON,44.3
Office,90,23.45,66.11,No,Day,ON,ON,ON,68.94
Office,61,20.26,74.59,No,Day,ON,ON,ON,63.85
Meeting Hall,5,21.78,44.57,No,Day,ON,ON,ON,55.09
Office,6,30.93,63.89,No,Day,ON,ON,ON,54.94
Floor,100,30.92,78.84,No,Night,ON,ON,ON,84.87
Corridor,89,24.57,60.54,No,Day,ON,ON,OFF,59.48
Meeting Hall,12,23.94,51.39,No,Day,OFF,ON,OFF,40.84
Office,100,25.11,43.13,Yes,Night,OFF,OFF,ON,42.64
Corridor,45,23.11,45.74,No,Day,ON,ON,ON,58.29
Meeting Hall,32,28.33,40.12,No,Night,ON,ON,ON,60.24
Corridor,96,32.22,65.14,No,Day,OFF,ON,ON,62.31
Office,40,18.16,66.2,No,Night,ON,ON,ON,51.97
Office,72,33.91,68.98,No,Night,ON,OFF,ON,60.46
Floor,78,20.01,53.37,Yes,Day,ON,ON,OFF,76.44
Office,68,33.3,36.91,No,Day,OFF,OFF,OFF,42.33
Office,28,21.97,51.1,No,Night,ON,ON,ON,47.38
Meeting Hall,6,33.59,67.43,Yes,Night,ON,OFF,OFF,40.6
Floor,94,31.38,72.79,No,Night,ON,OFF,ON,76.98
Meeting Hall,53,22.58,34.06,No,Day,OFF,OFF,ON,48.25
Corridor,97,18.48,42.19,Yes,Night,OFF,ON,OFF,31.3
Office,10,30.17,78.1,No,Day,ON,OFF,ON,50.9
Corridor,41,31.97,51.6,No,Day,OFF,ON,OFF,45.33
Meeting Hall,82,29.56,33.53,No,Day,ON,ON,ON,74.39
Office,4,24.49,40.19,No,Day,ON,OFF,OFF,43.11
Office,86,20.17,71.38,No,Day,OFF,OFF,ON,50.29
Meeting Hall,46,23.9,67.97,Yes,Day,ON,ON,OFF,54.11
Meeting Hall,1,22.57,40.87,No,Day,ON,OFF,ON,50.83
Meeting Hall,42,30.29,35.08,No,Day,ON,ON,ON,68.02
Meeting Hall,3,20.71,33.97,No,Night,OFF,ON,OFF,36.06
Meeting Hall,80,31.93,54.98,No,Day,OFF,OFF,OFF,58.96
Office,94,28.4,64.78,No,Day,OFF,ON,OFF,58.2
Meeting Hall,62,26.2,46.19,No,Day,ON,ON,ON,67.98
Office,58,24.12,34.31,Yes,Day,OFF,ON,ON,43.0
Office,29,26.63,54.6,No,Day,ON,OFF,ON,50.08
Meeting Hall,1,27.18,40.95,Yes,Day,ON,ON,ON,54.28
Meeting Hall,87,22.03,39.05,No,Day,OFF,ON,OFF,54.14
Floor,73,34.81,68.73,Yes,Night,ON,ON,OFF,74.63
Office,91,33.46,60.22,No,Day,ON,OFF,OFF,64.18
Meeting Hall,42,24.64,45.75,No,Day,ON,OFF,ON,56.69
Meeting Hall,95,22.32,53.03,No,Day,ON,OFF,ON,70.34
Meeting Hall,96,23.22,41.2,No,Day,ON,OFF,OFF,64.86
Floor,17,34.66,58.08,No,Day,ON,ON,OFF,64.74
Floor,23,24.92,67.85,No,Day,ON,ON,OFF,66.7
Corridor,36,33.5,51.42,No,Day,ON,ON,OFF,52.72
Office,29,19.0,49.19,No,Day,OFF,ON,OFF,39.04
Corridor,68,31.21,42.59,No,Day,ON,ON,ON,63.31
Meeting Hall,58,30.96,46.17,No,Day,ON,OFF,OFF,58.39
Floor,22,29.07,48.0,No,Night,OFF,ON,ON,55.5
Floor,29,20.06,45.64,No,Day,OFF,ON,OFF,50.36
Corridor,67,34.68,34.52,No,Day,ON,ON,ON,61.06
Floor,40,21.62,37.39,No,Day,ON,ON,ON,70.48
Meeting Hall,50,30.07,79.81,No,Night,OFF,ON,ON,60.59
Floor,87,30.78,48.15,No,Night,ON,OFF,ON,76.83
Corridor,66,30.92,70.27,No,Day,OFF,ON,ON,56.36
Meeting Hall,14,32.04,65.86,No,Night,ON,ON,ON,54.04
Corridor,55,34.82,58.21,No,Day,ON,OFF,ON,61.12
Floor,64,19.63,52.49,No,Night,ON,ON,ON,72.25
Corridor,73,26.03,63.26,No,Day,ON,OFF,ON,63.35
Corridor,89,34.57,59.21,Yes,Day,OFF,ON,ON,52.15
Office,54,33.0,66.7,No,Day,OFF,OFF,ON,53.0
Floor,75,34.84,79.69,No,Day,OFF,ON,ON,77.11
Floor,64,27.9,45.75,Yes,Day,OFF,OFF,ON,67.32
Corridor,1,29.44,46.7,No,Day,OFF,ON,ON,38.53
Office,10,22.48,64.46,No,Day,OFF,ON,OFF,34.87
Floor,75,25.79,72.23,No,Day,OFF,OFF,ON,70.24
Meeting Hall,91,18.36,39.5,No,Day,ON,ON,OFF,67.06
Corridor,96,30.24,72.73,No,Night,ON,ON,ON,67.13
Floor,41,33.74,74.82,No,Night,ON,ON,ON,67.37
Meeting Hall,2,19.91,49.74,No,Night,OFF,ON,ON,39.71
Floor,40,25.72,43.33,Yes,Night,OFF,OFF,ON,50.58
Meeting Hall,48,28.59,50.03,No,Day,OFF,OFF,ON,55.66
Corridor,82,28.75,39.33,No,Day,ON,ON,OFF,63.77
Floor,81,23.21,32.96,No,Day,OFF,ON,OFF,61.39
Floor,36,18.34,69.86,No,Day,OFF,OFF,OFF,48.83
Office,91,33.09,58.49,No,Day,ON,ON,OFF,66.81
Corridor,94,19.56,54.71,No,Night,OFF,OFF,ON,45.51
Meeting Hall,6,21.02,40.7,No,Day,ON,ON,ON,58.61
Floor,37,34.37,57.62,No,Night,ON,OFF,OFF,58.71
Floor,57,26.51,50.08,No,Day,OFF,ON,OFF,60.57
Meeting Hall,4,32.86,55.31,No,Night,ON,ON,ON,55.91
Corridor,60,33.25,34.54,Yes,Day,ON,ON,OFF,54.07
Office,82,34.82,76.14,No,Day,ON,OFF,ON,70.25
Office,76,18.69,68.21,Yes,Night,ON,ON,ON,46.33
Floor,38,18.9,67.06,Yes,Day,ON,OFF,OFF,61.97
Meeting Hall,27,21.24,59.09,No,Day,ON,ON,OFF,52.8
Floor,56,29.16,41.38,No,Day,OFF,ON,OFF,59.55
Meeting Hall,1,22.45,35.18,No,Day,ON,OFF,OFF,41.71
Office,69,26.43,48.07,No,Day,ON,ON,ON,64.39
Corridor,78,31.37,50.64,No,Day,OFF,ON,ON,55.85
Meeting Hall,27,21.16,68.05,No,Day,OFF,ON,ON,49.98
Office,36,22.86,37.41,No,Day,OFF,OFF,OFF,35.0
Floor,88,30.37,70.84,No,Day,ON,ON,ON,81.14
Meeting Hall,95,18.13,52.14,No,Night,ON,ON,OFF,54.14
Corridor,54,30.88,70.0,No,Night,ON,ON,ON,56.43
Floor,100,29.5,54.74,No,Day,ON,ON,OFF,81.45
Floor,99,20.2,32.58,Yes,Day,OFF,ON,ON,70.69
Office,93,22.15,60.4,Yes,Day,ON,OFF,ON,60.02
Meeting Hall,87,18.26,51.36,No,Night,OFF,ON,ON,52.5
Floor,81,27.88,52.97,Yes,Night,ON,OFF,ON,72.04
Corridor,0,24.75,69.13,No,Night,ON,ON,ON,39.42
Meeting Hall,2,25.2,41.13,Yes,Day,ON,OFF,OFF,46.98
Corridor,70,19.75,31.28,Yes,Day,OFF,OFF,ON,44.34
Floor,96,23.99,44.31,Yes,Day,ON,ON,OFF,72.23
Corridor,84,33.62,37.76,Yes,Day,ON,ON,OFF,59.84
Office,13,19.1,47.19,Yes,Day,ON,OFF,ON,43.63
Corridor,47,34.57,40.4,No,Day,ON,ON,ON,60.78
Meeting Hall,36,32.42,34.85,No,Night,ON,ON,OFF,56.0
Corridor,2,21.45,71.38,Yes,Day,ON,OFF,ON,36.86
Corridor,48,29.99,40.47,No,Night,ON,ON,ON,53.83
Office,100,19.55,48.19,No,Day,OFF,ON,ON,56.51
Corridor,55,20.71,30.09,Yes,Night,ON,OFF,ON,38.63
Corridor,88,26.3,68.59,No,Night,ON,ON,ON,55.03
Floor,59,24.81,53.16,No,Night,ON,ON,ON,72.76
Floor,96,31.86,73.23,No,Night,ON,ON,ON,79.1
Meeting Hall,12,33.97,32.64,No,Night,ON,ON,ON,55.55
Floor,52,34.03,38.19,Yes,Day,OFF,OFF,ON,61.51
Floor,49,20.5,42.88,No,Day,ON,OFF,ON,71.99
Floor,96,29.67,74.41,No,Day,ON,ON,ON,86.27
Floor,92,27.7,47.7,No,Night,ON,OFF,ON,70.06
Office,18,24.29,39.34,Yes,Night,ON,ON,ON,39.5
Floor,25,34.91,70.07,No,Day,ON,OFF,ON,74.81
Office,52,25.75,45.12,No,Day,OFF,ON,ON,54.45
Office,56,29.31,47.48,No,Day,ON,ON,OFF,60.7
Floor,37,26.55,62.73,Yes,Night,ON,ON,ON,62.68
Corridor,8,19.75,49.19,No,Day,OFF,ON,OFF,25.19
Office,45,20.4,30.82,No,Day,ON,ON,ON,51.58
Corridor,93,30.75,79.46,No,Day,ON,ON,OFF,64.68
Corridor,85,31.63,41.93,No,Day,OFF,OFF,ON,51.99
Floor,3,24.18,42.22,No,Day,OFF,OFF,ON,51.38
Meeting Hall,70,19.14,36.7,No,Day,OFF,OFF,ON,52.24
Floor,81,34.27,37.9,No,Night,ON,ON,ON,75.3
Meeting Hall,49,26.45,55.1,No,Day,ON,ON,OFF,65.18
Meeting Hall,69,20.28,76.99,No,Day,ON,ON,OFF,60.7
Floor,92,21.37,64.86,Yes,Night,ON,ON,ON,73.81
Floor,4,18.77,62.88,No,Night,ON,ON,ON,59.28
Meeting Hall,69,30.07,48.07,No,Night,OFF,ON,ON,54.45
Floor,33,29.97,70.66,No,Day,ON,ON,ON,77.67
Meeting Hall,97,28.24,53.67,No,Night,ON,OFF,ON,69.43
Corridor,64,27.29,52.88,No,Day,ON,OFF,ON,55.21
Floor,17,24.49,79.73,No,Night,OFF,ON,OFF,45.7
Corridor,26,34.16,60.45,Yes,Day,OFF,OFF,ON,47.26
Office,9,31.61,73.41,No,Day,OFF,ON,OFF,45.74
Corridor,1,33.43,56.23,Yes,Day,ON,ON,OFF,38.72
Corridor,82,23.3,38.09,No,Day,ON,ON,ON,56.59
Meeting Hall,90,34.63,79.36,No,Night,ON,OFF,ON,71.17
Corridor,60,20.81,62.78,No,Day,OFF,ON,OFF,39.56
Floor,21,18.96,37.43,No,Day,ON,ON,ON,68.14
Meeting Hall,9,23.44,67.0,Yes,Day,ON,ON,ON,52.68
Office,58,21.42,51.96,Yes,Day,ON,ON,OFF,51.34
Floor,90,26.8,71.12,No,Night,ON,ON,ON,82.21
Office,11,23.95,43.85,No,Night,ON,OFF,OFF,30.16
Corridor,62,20.92,77.12,Yes,Night,ON,ON,ON,46.84
Floor,14,32.35,44.86,No,Day,ON,OFF,OFF,62.01
Floor,62,26.64,79.86,No,Day,ON,ON,OFF,74.19
Office,64,19.86,65.01,No,Day,ON,ON,ON,61.14
Floor,37,19.28,78.56,No,Day,OFF,OFF,OFF,53.8
Floor,87,24.51,66.21,No,Day,ON,ON,OFF,75.11
Floor,5,33.44,67.71,No,Night,OFF,ON,ON,52.29
Corridor,92,26.64,36.07,No,Day,ON,ON,OFF,64.88
Office,5,20.37,30.75,Yes,Day,ON,OFF,ON,39.66
Floor,37,22.19,34.32,No,Day,ON,OFF,OFF,55.34
Meeting Hall,47,18.84,51.86,No,Day,OFF,ON,ON,48.58
Meeting Hall,14,32.14,50.1,No,Night,ON,ON,ON,58.01
Meeting Hall,71,34.08,39.19,No,Day,ON,OFF,ON,69.0
Meeting Hall,28,19.32,32.17,Yes,Day,ON,ON,ON,56.69
Corridor,1,20.94,64.6,Yes,Day,ON,ON,OFF,37.13
Floor,74,20.91,39.89,No,Night,ON,OFF,ON,58.81
Office,72,31.66,78.93,No,Night,ON,OFF,ON,59.8
Floor,15,32.27,35.17,No,Day,ON,ON,ON,71.42
Corridor,57,25.13,48.18,No,Day,ON,OFF,ON,54.29
Meeting Hall,87,34.48,53.95,No,Day,OFF,ON,ON,67.7
Corridor,33,22.41,40.92,No,Day,ON,OFF,ON,42.52
Floor,42,26.93,55.17,No,Night,ON,ON,OFF,59.57
Office,23,34.94,36.22,No,Night,OFF,ON,ON,34.2
Corridor,24,32.06,30.08,No,Night,ON,ON,OFF,39.14
Office,40,26.28,64.91,No,Day,ON,ON,OFF,50.7
Corridor,32,19.84,71.73,Yes,Night,ON,ON,ON,45.51
Office,42,33.37,58.73,No,Day,ON,OFF,OFF,52.35
Office,16,27.22,41.43,Yes,Night,ON,ON,ON,40.63
Meeting Hall,6,23.24,49.73,No,Day,OFF,OFF,ON,45.05
Office,58,25.67,61.31,Yes,Day,ON,ON,ON,64.06
Meeting Hall,26,23.29,31.63,No,Day,ON,OFF,ON,64.26
Floor,35,27.37,34.71,No,Day,OFF,ON,ON,57.03
Floor,18,22.64,77.91,No,Day,OFF,ON,OFF,54.87
Meeting Hall,14,25.58,63.93,Yes,Night,ON,ON,OFF,40.84
Meeting Hall,69,25.25,64.85,Yes,Day,OFF,ON,OFF,54.6
Corridor,56,28.47,35.13,No,Day,ON,ON,ON,56.09
Corridor,99,18.24,41.65,Yes,Day,OFF,ON,ON,47.28
Corridor,68,28.18,49.56,No,Day,OFF,OFF,OFF,46.43
Floor,52,28.08,40.26,No,Night,ON,OFF,ON,63.68
Corridor,68,24.67,70.47,No,Day,ON,OFF,ON,58.71
Office,1,22.2,60.32,No,Day,ON,ON,ON,53.88
Office,17,32.27,39.84,No,Night,ON,OFF,ON,46.15
Corridor,31,23.86,68.55,Yes,Night,ON,ON,OFF,35.96
Office,28,23.3,57.04,No,Day,OFF,ON,OFF,39.16
Floor,48,25.87,40.39,No,Night,ON,ON,ON,69.76
Office,83,22.73,72.14,Yes,Day,ON,ON,OFF,54.03
Floor,82,32.12,40.5,No,Night,OFF,ON,ON,68.92
Meeting Hall,79,27.6,64.53,No,Day,ON,ON,ON,78.33
Meeting Hall,74,30.82,50.0,No,Night,ON,ON,ON,71.73
Meeting Hall,59,30.67,67.47,No,Day,ON,OFF,ON,69.18
Meeting Hall,27,31.4,51.17,No,Day,ON,OFF,ON,60.73
Office,85,32.78,44.33,No,Day,ON,ON,OFF,58.91
Corridor,26,33.63,78.05,No,Day,OFF,ON,OFF,41.55
Office,80,24.52,67.94,No,Night,ON,OFF,ON,53.47
Floor,7,25.54,71.38,No,Day,OFF,ON,ON,56.85
Office,71,18.85,45.64,Yes,Day,ON,OFF,OFF,43.54
Office,22,33.74,47.4,Yes,Day,ON,OFF,ON,50.2
Floor,31,27.98,38.64,No,Day,ON,ON,ON,73.95
Meeting Hall,14,30.11,52.34,No,Night,ON,ON,ON,56.98
Meeting Hall,90,25.41,79.85,No,Day,OFF,OFF,ON,63.3
Meeting Hall,67,26.06,59.47,Yes,Day,ON,OFF,ON,63.19
Corridor,39,27.23,66.21,No,Night,ON,ON,ON,48.22
Floor,95,31.52,66.87,No,Night,ON,ON,OFF,75.22
Floor,56,28.42,40.14,No,Day,OFF,OFF,OFF,61.02
Office,46,31.79,32.8,No,Day,ON,ON,ON,59.63
Corridor,100,21.68,36.08,No,Night,OFF,OFF,ON,42.61
Meeting Hall,9,21.5,65.98,Yes,Night,ON,OFF,ON,42.0
Corridor,55,21.52,52.79,No,Night,ON,OFF,ON,40.81
Floor,91,18.08,75.23,No,Night,ON,ON,OFF,70.6
Floor,51,21.04,48.33,No,Night,OFF,OFF,ON,47.46
Office,95,20.02,35.13,No,Night,OFF,ON,ON,51.64
Office,95,25.71,78.42,No,Night,ON,ON,OFF,56.52
Floor,62,20.16,50.04,No,Day,OFF,ON,OFF,63.34
Meeting Hall,50,25.07,72.41,No,Day,ON,ON,ON,69.29
Meeting Hall,78,34.99,32.3,No,Day,ON,OFF,ON,69.75
Corridor,69,26.56,47.97,No,Day,ON,OFF,ON,54.88
Floor,8,33.72,59.72,Yes,Night,ON,ON,ON,64.27
Floor,93,29.93,56.2,Yes,Night,ON,ON,ON,72.99
Meeting Hall,40,33.2,66.38,No,Night,ON,ON,OFF,60.61
Meeting Hall,39,28.63,74.15,No,Night,ON,ON,ON,61.9
Floor,15,31.77,67.93,No,Day,ON,OFF,OFF,62.23
Office,24,23.15,45.51,No,Night,ON,ON,OFF,47.25
Floor,9,24.32,78.47,Yes,Day,ON,OFF,ON,66.43
Floor,29,34.32,75.95,Yes,Day,ON,OFF,ON,68.13
Meeting Hall,8,22.55,61.5,No,Day,ON,ON,ON,57.4
Meeting Hall,39,25.16,55.5,Yes,Night,OFF,ON,ON,47.04
Office,56,29.07,55.82,No,Day,ON,ON,ON,68.24
Office,45,24.67,66.76,Yes,Night,ON,ON,ON,50.93
Corridor,6,18.36,54.17,No,Day,ON,ON,OFF,38.21
Floor,42,31.47,79.32,No,Day,ON,ON,ON,74.26
Meeting Hall,47,23.71,65.52,No,Day,ON,OFF,ON,63.03
Office,75,21.87,41.91,No,Day,ON,ON,OFF,59.85
Corridor,56,26.59,62.92,Yes,Night,ON,OFF,OFF,37.82
Corridor,16,18.14,54.22,No,Day,ON,ON,ON,46.56
Meeting Hall,24,32.69,37.99,No,Night,ON,ON,ON,59.45
Meeting Hall,6,22.44,55.94,No,Night,ON,ON,ON,47.8
Corridor,54,33.69,72.95,No,Night,ON,ON,OFF,48.74
Office,18,29.52,31.23,Yes,Day,OFF,ON,ON,41.18
Corridor,80,27.33,72.56,No,Night,OFF,OFF,OFF,37.61
Floor,31,31.71,64.26,No,Day,ON,ON,ON,76.62
Floor,86,34.89,66.28,No,Day,OFF,OFF,OFF,67.83
Meeting Hall,31,22.27,74.63,Yes,Day,ON,OFF,OFF,44.63
Office,25,24.04,77.19,No,Night,ON,OFF,ON,37.77
Office,71,26.24,44.76,No,Day,ON,OFF,OFF,57.65
Floor,21,27.17,75.96,Yes,Day,ON,ON,OFF,60.74
Corridor,54,27.4,40.83,No,Day,OFF,OFF,ON,45.18
Meeting Hall,56,27.33,37.22,No,Day,ON,OFF,ON,64.39
Corridor,7,32.08,57.74,No,Day,OFF,OFF,OFF,34.76
Corridor,45,24.88,76.38,No,Night,ON,ON,OFF,41.57
Corridor,4,18.19,32.72,No,Day,ON,ON,ON,46.67
Office,11,32.89,56.4,No,Night,ON,OFF,ON,50.83
Floor,26,29.26,63.93,No,Day,OFF,OFF,ON,66.5
Office,83,21.22,67.27,Yes,Night,ON,OFF,ON,46.43
Floor,10,18.5,55.2,No,Day,ON,OFF,ON,62.99
Meeting Hall,35,23.37,58.75,No,Day,ON,ON,ON,67.92
Meeting Hall,51,20.12,52.68,No,Day,OFF,ON,ON,52.02
Corridor,1,33.25,66.16,No,Day,OFF,OFF,OFF,29.32
Floor,73,22.72,48.96,No,Night,ON,ON,ON,68.49
Floor,70,30.0,44.02,No,Day,OFF,OFF,ON,68.45
Floor,11,29.19,43.14,No,Night,ON,OFF,ON,62.17
Corridor,54,30.14,62.67,No,Night,ON,ON,ON,46.08
Corridor,79,27.01,76.23,Yes,Day,ON,ON,OFF,52.17
Meeting Hall,30,30.4,43.68,No,Day,ON,OFF,ON,60.15
Office,90,26.71,42.49,No,Day,ON,ON,OFF,62.91
Floor,31,24.42,65.78,No,Day,OFF,ON,OFF,55.78
Floor,63,32.59,30.46,No,Day,ON,OFF,ON,76.82
Office,90,25.8,71.71,No,Night,ON,OFF,OFF,48.77
Floor,58,27.66,48.96,Yes,Day,OFF,OFF,ON,57.5
Corridor,24,25.91,75.08,No,Day,OFF,ON,ON,43.43
Corridor,68,31.18,65.43,No,Day,ON,ON,ON,66.97
Floor,67,27.18,69.64,Yes,Day,ON,OFF,ON,69.39
Corridor,43,26.0,38.56,Yes,Night,ON,ON,ON,45.11
Corridor,42,22.38,48.21,No,Night,OFF,ON,ON,35.18
Floor,14,33.5,44.03,No,Night,ON,ON,ON,60.83
Meeting Hall,12,32.67,65.76,Yes,Night,ON,ON,ON,52.41
Office,96,25.34,31.14,No,Day,OFF,ON,ON,59.32
Corridor,68,29.22,60.96,No,Day,OFF,ON,ON,51.31
Meeting Hall,69,26.64,73.41,No,Day,ON,ON,ON,73.07
Corridor,44,21.0,32.19,No,Night,ON,OFF,ON,37.98
Corridor,24,24.39,44.53,No,Night,ON,ON,ON,50.38
Office,24,32.5,40.4,Yes,Day,OFF,ON,ON,43.82
Corridor,9,31.56,79.9,No,Day,ON,ON,ON,56.03
Office,61,19.74,79.28,No,Day,ON,ON,ON,60.63
Office,11,19.28,36.22,No,Night,ON,OFF,ON,38.57
Office,66,32.51,39.74,No,Day,ON,OFF,OFF,57.46
Meeting Hall,28,33.29,31.15,No,Night,ON,OFF,ON,56.1
Floor,92,23.0,58.31,No,Day,OFF,OFF,OFF,62.88
Meeting Hall,42,23.94,64.29,No,Day,OFF,OFF,ON,51.73
Floor,87,23.71,62.73,Yes,Night,ON,ON,ON,71.53
Floor,87,20.16,43.0,Yes,Day,ON,ON,ON,73.04
Office,88,30.67,40.16,No,Night,ON,ON,OFF,58.57
Corridor,36,24.29,32.79,Yes,Night,ON,ON,ON,41.66
Office,68,32.22,61.63,Yes,Day,ON,OFF,OFF,55.28
Corridor,10,32.93,42.28,No,Night,ON,ON,OFF,35.03
Floor,39,33.52,34.44,No,Day,ON,OFF,OFF,67.64
Office,62,31.91,47.73,No,Day,ON,ON,ON,66.83
Corridor,21,31.41,37.42,No,Night,OFF,ON,ON,38.83
Meeting Hall,14,25.64,55.31,Yes,Day,OFF,ON,ON,48.56
Corridor,8,18.46,37.46,No,Day,OFF,OFF,ON,31.5
Office,69,19.91,79.43,No,Night,OFF,OFF,ON,39.86
Meeting Hall,63,27.02,46.78,No,Day,OFF,OFF,ON,55.48
Corridor,89,24.12,53.74,No,Night,ON,OFF,OFF,44.76
Corridor,5,32.09,59.83,No,Night,ON,ON,OFF,37.32
Corridor,95,27.57,72.53,No,Day,ON,ON,ON,69.68
Corridor,42,19.68,77.4,Yes,Day,OFF,OFF,ON,31.37
Corridor,19,26.14,48.35,No,Day,ON,OFF,OFF,42.4
Meeting Hall,98,31.97,51.18,No,Day,OFF,ON,ON,70.04
Floor,42,32.67,37.55,No,Night,ON,ON,OFF,60.23
Meeting Hall,61,20.82,39.48,No,Night,ON,ON,OFF,52.79
Meeting Hall,66,19.71,66.11,Yes,Day,ON,ON,ON,63.23
Meeting Hall,81,24.58,51.76,No,Day,OFF,OFF,OFF,54.98
Floor,98,19.11,72.11,No,Night,ON,OFF,OFF,66.68
Office,51,30.35,56.46,Yes,Day,ON,ON,ON,56.93
Floor,73,25.61,44.14,Yes,Night,ON,ON,ON,66.95
Meeting Hall,99,21.37,63.97,No,Night,ON,OFF,OFF,59.32
Corridor,93,19.74,53.64,No,Day,ON,OFF,ON,63.28
Corridor,25,33.76,74.51,Yes,Day,ON,ON,OFF,46.97
Meeting Hall,93,18.73,48.59,No,Night,ON,OFF,ON,61.52
Corridor,30,19.66,42.73,No,Day,ON,OFF,ON,42.18
Meeting Hall,54,21.98,51.97,No,Day,OFF,ON,OFF,49.72
Corridor,67,19.61,72.45,No,Night,OFF,OFF,ON,34.98
Floor,56,28.95,71.22,Yes,Night,ON,ON,ON,72.23
Office,23,21.71,74.67,No,Day,ON,ON,ON,50.04
Office,64,26.16,72.48,Yes,Day,ON,ON,ON,56.33
Floor,25,32.62,46.51,No,Day,OFF,ON,ON,65.77
Floor,48,32.02,59.61,Yes,Day,ON,ON,ON,75.3
Meeting Hall,92,20.49,69.74,No,Day,ON,OFF,ON,71.42
Meeting Hall,37,19.51,71.96,Yes,Day,ON,ON,ON,59.21
Meeting Hall,35,29.29,50.09,No,Day,ON,OFF,ON,63.87
Corridor,53,21.58,55.68,No,Day,ON,OFF,ON,53.09
Meeting Hall,8,31.28,44.53,Yes,Day,OFF,ON,ON,48.73
Floor,41,25.39,64.89,No,Day,ON,ON,ON,76.57
Office,95,20.63,63.59,Yes,Day,ON,ON,OFF,55.01
Corridor,100,34.56,59.52,No,Day,ON,ON,ON,68.83
Meeting Hall,81,18.95,61.37,Yes,Night,OFF,ON,ON,50.88
Corridor,23,20.11,74.93,No,Day,ON,ON,OFF,43.66
Corridor,39,31.8,71.0,No,Day,ON,ON,ON,56.99
Meeting Hall,81,25.7,36.24,No,Night,OFF,ON,ON,60.03
Corridor,7,33.95,62.14,No,Day,OFF,ON,ON,49.78
Office,53,19.92,38.08,No,Night,ON,OFF,ON,38.86
Floor,10,20.67,37.42,No,Day,ON,ON,ON,57.46
Floor,98,18.03,52.46,No,Day,ON,ON,OFF,76.5
Office,87,21.69,54.28,No,Day,OFF,ON,ON,48.29
Corridor,76,29.17,35.21,No,Day,ON,ON,ON,67.06
Meeting Hall,94,30.3,55.59,No,Day,ON,OFF,OFF,72.46
Corridor,55,25.31,38.82,No,Day,ON,ON,OFF,51.5
Office,93,22.38,57.53,No,Day,ON,ON,ON,68.12
Corridor,28,30.18,71.61,No,Night,ON,ON,ON,48.12
Floor,41,20.93,34.3,Yes,Day,OFF,ON,OFF,48.21
Corridor,5,31.04,49.96,No,Day,ON,ON,ON,48.73
Office,2,31.37,41.69,No,Day,OFF,ON,ON,45.55
Floor,91,25.5,58.73,No,Day,ON,ON,ON,85.36
Corridor,73,21.29,74.68,No,Night,OFF,ON,ON,45.51
Corridor,97,28.71,39.86,No,Day,OFF,OFF,ON,58.96
Floor,64,32.51,63.82,Yes,Day,ON,ON,OFF,71.55
Meeting Hall,11,27.0,34.65,Yes,Night,ON,ON,OFF,44.35
Floor,35,25.84,57.29,No,Night,ON,OFF,ON,64.34
Meeting Hall,55,34.65,63.8,Yes,Day,ON,OFF,ON,62.77
Office,51,27.14,63.54,Yes,Day,ON,OFF,ON,52.39
Office,31,18.58,66.91,Yes,Day,ON,OFF,ON,45.45
Floor,55,26.53,50.87,No,Day,OFF,ON,ON,64.16
Floor,10,25.57,68.0,No,Day,OFF,ON,ON,58.52
Office,0,22.97,53.64,Yes,Day,ON,OFF,OFF,34.71
Meeting Hall,5,23.4,46.15,No,Night,OFF,OFF,ON,32.17
Office,90,33.82,46.1,No,Day,OFF,ON,ON,62.84
Floor,78,20.27,38.78,No,Day,ON,ON,ON,78.3
Office,73,30.99,66.03,No,Day,ON,OFF,ON,63.65
Floor,23,33.34,37.88,No,Day,ON,ON,ON,74.51
Floor,71,22.41,61.81,No,Day,ON,OFF,ON,76.2
Office,80,19.14,63.27,Yes,Day,ON,ON,OFF,49.9
Meeting Hall,23,23.22,44.33,Yes,Day,ON,OFF,ON,50.08
Corridor,76,25.36,54.43,No,Day,OFF,ON,ON,45.6
Office,8,34.17,63.55,Yes,Day,ON,ON,OFF,53.64
Corridor,58,25.31,30.01,No,Day,ON,ON,OFF,46.7
Office,69,19.56,43.74,No,Day,OFF,ON,OFF,49.93
Corridor,92,20.5,48.98,No,Day,OFF,ON,ON,54.12
Meeting Hall,22,24.0,76.54,No,Day,ON,OFF,ON,54.03
Meeting Hall,85,21.13,53.21,No,Day,OFF,ON,OFF,58.89
Office,84,19.03,55.35,Yes,Night,ON,ON,ON,53.33
Floor,16,20.98,63.21,No,Night,ON,ON,OFF,57.66
Corridor,97,19.79,52.57,No,Day,ON,OFF,ON,61.84
Floor,89,21.45,51.62,No,Night,ON,ON,ON,77.87
Floor,24,34.94,78.72,No,Day,ON,OFF,ON,71.36
Floor,37,25.57,70.62,No,Night,ON,OFF,ON,63.19
Meeting Hall,2,29.2,65.09,No,Day,ON,OFF,OFF,54.23
Office,66,20.81,54.03,No,Day,OFF,ON,OFF,43.28
Office,13,32.44,47.32,No,Day,ON,OFF,ON,53.38
Meeting Hall,9,22.54,59.6,No,Day,ON,ON,ON,55.81
Meeting Hall,65,34.7,52.31,No,Night,OFF,ON,ON,59.86
Office,70,32.22,53.33,No,Day,ON,ON,OFF,61.49
Floor,13,34.16,41.08,Yes,Day,ON,ON,ON,68.26
Corridor,80,29.36,69.56,No,Day,ON,ON,ON,70.2
Corridor,9,29.19,69.55,No,Day,OFF,ON,ON,41.38
Corridor,98,32.3,45.05,No,Day,OFF,ON,OFF,54.87
Floor,48,30.16,44.46,No,Day,OFF,ON,ON,69.97
Office,90,28.31,43.9,Yes,Day,ON,OFF,OFF,54.37
Meeting Hall,61,24.09,38.13,Yes,Night,OFF,OFF,ON,42.22
Office,47,21.79,72.91,Yes,Day,ON,OFF,OFF,40.81
Floor,2,31.3,43.28,No,Day,ON,ON,ON,67.68
Meeting Hall,46,24.56,64.93,No,Day,ON,ON,ON,70.13
Floor,59,19.04,34.98,No,Night,OFF,ON,ON,54.29
Corridor,24,26.15,66.77,No,Day,ON,ON,OFF,46.26
Corridor,6,29.18,37.37,No,Day,ON,OFF,ON,43.75
Floor,76,18.39,37.94,Yes,Night,OFF,ON,OFF,45.17
Meeting Hall,38,29.99,71.58,Yes,Day,OFF,OFF,OFF,42.61
Meeting Hall,42,21.82,44.55,Yes,Day,ON,OFF,ON,54.71
Office,45,21.78,38.62,No,Day,ON,OFF,OFF,52.34
Corridor,88,27.57,56.84,No,Night,OFF,OFF,OFF,38.76
Office,42,23.73,33.74,Yes,Night,OFF,ON,OFF,31.25
Office,28,25.66,65.52,No,Night,ON,ON,OFF,44.07
Floor,82,26.72,72.07,Yes,Day,ON,OFF,OFF,71.65
Floor,85,33.66,42.42,No,Day,ON,ON,ON,81.26
Office,65,21.48,64.9,No,Day,ON,ON,OFF,56.67
Corridor,85,25.89,32.69,No,Night,ON,ON,OFF,50.16
Floor,98,31.36,53.9,No,Night,ON,OFF,ON,78.0
Office,97,21.49,77.6,No,Day,ON,ON,ON,71.12
Office,68,19.4,56.9,Yes,Day,ON,OFF,OFF,47.37
Office,26,18.3,50.54,No,Day,OFF,ON,ON,40.52
Office,81,19.76,30.29,No,Day,ON,OFF,ON,61.09
Office,2,22.67,42.8,No,Day,ON,OFF,ON,46.67
Office,55,24.96,51.42,No,Day,OFF,ON,OFF,48.08
Floor,63,28.09,48.87,No,Day,ON,ON,ON,79.06
Corridor,20,21.4,51.95,No,Day,ON,OFF,OFF,37.72
Office,23,22.58,31.18,Yes,Night,ON,OFF,ON,42.95
Meeting Hall,89,29.88,56.56,No,Night,OFF,OFF,OFF,47.88
Floor,19,33.45,42.57,No,Night,OFF,ON,ON,58.82
Floor,51,20.3,50.03,Yes,Night,ON,ON,OFF,58.99
Office,12,26.03,74.32,No,Day,OFF,ON,ON,46.09
Floor,69,23.02,71.41,No,Day,ON,ON,ON,78.71
Office,89,26.98,49.9,Yes,Night,OFF,OFF,ON,44.4
Corridor,42,20.03,32.7,No,Day,OFF,ON,OFF,34.29
Corridor,93,22.61,74.44,No,Day,ON,OFF,OFF,51.09
Floor,77,30.05,49.95,Yes,Day,OFF,ON,ON,67.89
Floor,36,31.93,53.98,No,Night,ON,ON,OFF,62.52
Meeting Hall,29,28.57,34.28,No,Day,ON,OFF,OFF,50.45
Floor,14,34.06,64.63,No,Day,OFF,OFF,ON,56.02
Meeting Hall,82,29.1,65.61,No,Day,ON,OFF,ON,70.12
Corridor,74,30.69,50.43,No,Night,ON,OFF,ON,53.87
Corridor,83,24.08,74.44,No,Day,OFF,OFF,ON,52.62
Office,24,20.89,32.43,No,Day,OFF,OFF,OFF,32.17
Corridor,37,29.18,45.38,No,Day,OFF,OFF,ON,48.81
Meeting Hall,42,33.62,40.34,Yes,Night,ON,OFF,ON,53.57
Floor,29,34.69,64.9,No,Night,ON,ON,OFF,63.43
Office,39,25.65,40.23,No,Day,OFF,OFF,OFF,41.6
Meeting Hall,58,27.18,65.14,Yes,Day,ON,ON,ON,65.31
Floor,22,23.29,69.83,No,Night,OFF,ON,ON,51.98
Office,43,29.43,69.16,No,Day,OFF,ON,ON,51.51
Corridor,80,31.01,31.4,Yes,Night,OFF,OFF,OFF,36.59
Meeting Hall,0,18.7,76.53,No,Day,ON,ON,OFF,49.86
Floor,77,32.39,65.73,No,Day,ON,OFF,ON,80.56
Office,81,26.73,70.64,No,Night,ON,ON,ON,62.37
Office,40,27.86,62.29,No,Day,ON,ON,ON,57.68
Corridor,61,21.51,56.46,No,Day,OFF,ON,OFF,43.74
Floor,59,18.18,62.23,No,Day,OFF,ON,ON,67.59
Corridor,79,34.19,48.01,No,Night,ON,OFF,OFF,53.91
Corridor,9,33.78,52.89,Yes,Day,OFF,OFF,ON,34.03
Floor,72,31.16,65.62,No,Day,ON,ON,OFF,72.05
Floor,77,26.05,63.38,Yes,Night,ON,ON,ON,75.95
Floor,65,23.4,59.68,No,Day,ON,ON,ON,74.73
Meeting Hall,56,20.65,32.46,No,Day,OFF,OFF,ON,51.31
Floor,41,19.38,44.39,No,Day,ON,ON,ON,71.24
Office,53,25.77,60.17,No,Night,ON,ON,ON,48.45
Corridor,84,31.47,53.18,Yes,Day,ON,ON,ON,64.85
Meeting Hall,41,30.34,46.9,Yes,Day,ON,OFF,ON,62.39
Floor,65,30.85,65.85,Yes,Day,ON,ON,ON,79.09
Meeting Hall,69,20.02,49.35,No,Night,ON,ON,ON,60.58
Floor,10,32.67,75.42,No,Night,OFF,OFF,OFF,44.02
Meeting Hall,66,31.67,56.58,Yes,Day,ON,OFF,OFF,57.53
Corridor,10,19.6,54.18,No,Day,ON,OFF,ON,43.03
Corridor,3,24.06,46.86,No,Night,ON,ON,ON,39.1
Office,78,24.38,36.71,No,Day,OFF,ON,OFF,42.17
Office,89,30.5,30.48,No,Night,ON,OFF,ON,58.94
Floor,99,32.63,63.84,No,Day,OFF,ON,ON,83.48
Corridor,78,24.39,33.27,Yes,Day,OFF,ON,ON,44.38
Meeting Hall,48,20.22,46.25,No,Day,OFF,ON,ON,52.97
Meeting Hall,21,19.4,73.78,No,Night,OFF,OFF,ON,38.85
Meeting Hall,36,28.86,53.9,No,Day,ON,OFF,OFF,52.02
Office,9,26.47,74.17,No,Day,OFF,OFF,ON,38.49
Meeting Hall,19,33.33,33.08,Yes,Day,ON,ON,OFF,57.91
Office,95,34.21,72.17,No,Day,OFF,ON,OFF,56.96
Office,72,33.27,76.57,No,Day,OFF,ON,OFF,49.92
Floor,49,19.29,75.68,No,Day,OFF,ON,ON,63.37
Meeting Hall,30,22.83,46.83,No,Night,ON,OFF,ON,48.73
Meeting Hall,43,22.06,34.76,No,Day,ON,ON,ON,65.71
Corridor,30,19.17,75.75,No,Night,ON,ON,ON,47.4
Floor,91,33.61,37.87,No,Day,ON,OFF,OFF,72.4
Corridor,74,33.21,57.3,No,Day,ON,ON,ON,72.21
Floor,99,24.64,50.37,No,Day,ON,OFF,OFF,71.95
Meeting Hall,40,34.3,77.89,Yes,Night,OFF,OFF,ON,44.16
Office,3,27.58,50.8,Yes,Night,ON,OFF,OFF,30.01
Office,13,25.38,48.52,Yes,Day,ON,OFF,ON,47.29
Office,45,27.34,59.34,No,Night,ON,OFF,ON,54.93
Office,53,25.17,56.39,No,Day,OFF,ON,OFF,43.72
Office,92,22.96,52.61,No,Day,OFF,ON,ON,59.16
Corridor,91,21.08,55.13,No,Day,ON,OFF,ON,63.27
Floor,88,25.83,34.92,Yes,Day,ON,ON,ON,76.21
Meeting Hall,86,27.02,76.75,Yes,Day,ON,OFF,ON,68.17
Corridor,32,31.97,42.52,Yes,Night,OFF,ON,ON,38.73
Floor,29,26.05,58.51,No,Day,ON,ON,ON,72.79
Office,8,32.1,31.77,Yes,Night,ON,ON,ON,42.84
Floor,37,34.23,44.78,Yes,Day,ON,ON,OFF,65.53
Floor,88,30.27,64.44,No,Day,ON,OFF,ON,82.73
Office,81,20.04,52.87,No,Night,OFF,OFF,OFF,32.01
Office,42,25.84,66.51,Yes,Night,ON,ON,ON,48.02
Office,6,32.56,37.77,No,Night,ON,OFF,OFF,37.83
Meeting Hall,87,26.36,79.4,No,Day,ON,ON,ON,77.32
Office,39,31.78,52.29,No,Night,OFF,OFF,ON,41.43
Meeting Hall,84,31.19,56.94,No,Night,ON,OFF,ON,64.91
Office,61,20.72,42.88,Yes,Day,OFF,ON,ON,46.31
Meeting Hall,54,23.6,46.96,No,Day,ON,ON,OFF,58.66
Floor,34,30.99,62.73,No,Day,OFF,OFF,OFF,56.84
Corridor,42,20.71,47.09,Yes,Day,OFF,OFF,ON,33.84
Floor,10,25.19,65.93,No,Day,ON,OFF,OFF,62.83
Floor,1,20.34,44.29,No,Night,ON,OFF,ON,52.21
Office,78,22.01,68.27,No,Day,ON,OFF,ON,57.82
Meeting Hall,78,22.86,63.75,Yes,Night,OFF,ON,OFF,43.28
Corridor,4,27.01,40.61,No,Day,ON,OFF,ON,47.36
Office,39,33.5,32.5,Yes,Day,ON,ON,ON,54.43
Office,79,24.55,76.51,No,Day,ON,ON,ON,60.89
Office,45,32.45,41.76,Yes,Day,ON,OFF,ON,56.28
Floor,20,29.82,58.86,Yes,Night,ON,ON,ON,64.0
Meeting Hall,8,31.27,44.89,No,Night,OFF,ON,ON,37.81
Meeting Hall,70,30.96,62.91,No,Day,OFF,OFF,OFF,59.88
Corridor,26,23.14,65.06,No,Night,ON,ON,ON,44.09
Meeting Hall,16,22.02,33.72,No,Day,ON,OFF,ON,48.99
Meeting Hall,65,34.62,32.5,Yes,Day,ON,OFF,OFF,59.09
Office,25,30.54,79.54,No,Day,OFF,ON,ON,53.72
Office,71,24.22,68.4,No,Day,ON,ON,ON,58.45
Floor,44,27.42,43.08,Yes,Day,ON,OFF,OFF,61.59
Office,54,31.19,54.57,No,Day,ON,ON,OFF,62.96
Office,39,18.95,77.9,Yes,Day,OFF,ON,ON,41.9
Office,15,19.68,57.19,No,Night,ON,OFF,OFF,33.68
Office,83,18.43,50.96,No,Day,ON,OFF,OFF,55.83
Floor,95,20.79,31.88,No,Day,ON,ON,ON,82.23
Office,31,20.03,59.24,No,Day,ON,OFF,ON,48.58
Corridor,34,25.87,74.08,No,Night,ON,OFF,ON,46.75
Corridor,63,22.88,57.14,Yes,Night,ON,ON,ON,51.29
Corridor,63,18.78,69.09,No,Night,ON,OFF,ON,41.2
Corridor,14,25.64,74.3,Yes,Day,OFF,ON,OFF,33.77
Office,41,27.84,50.37,No,Day,ON,ON,OFF,49.91
Corridor,49,24.29,50.58,No,Night,ON,OFF,ON,45.13
Office,31,22.43,76.07,No,Day,ON,OFF,ON,50.01
Floor,29,24.64,47.03,No,Day,ON,ON,ON,67.97
Corridor,82,26.84,63.08,No,Day,ON,OFF,ON,64.8
Meeting Hall,23,25.41,60.99,No,Day,OFF,ON,ON,54.3
Corridor,65,19.59,54.26,Yes,Day,ON,ON,ON,57.38
Corridor,20,25.77,62.1,No,Day,OFF,ON,OFF,33.47
Office,41,30.25,65.16,Yes,Day,OFF,ON,ON,50.38
Corridor,79,31.94,76.24,No,Day,OFF,ON,ON,61.62
Meeting Hall,99,25.47,70.04,Yes,Night,OFF,OFF,ON,53.13
Office,57,34.89,47.9,No,Day,ON,ON,OFF,58.09
Office,1,32.33,51.61,No,Day,ON,ON,ON,53.45
Floor,15,21.66,75.18,Yes,Day,OFF,OFF,ON,46.52
Floor,92,25.77,43.55,No,Day,ON,ON,OFF,76.54
Corridor,6,23.02,46.24,Yes,Day,ON,OFF,ON,38.14
Floor,54,27.35,64.46,No,Day,ON,ON,ON,72.65
Floor,14,21.81,35.54,Yes,Day,ON,ON,OFF,57.17
Floor,22,18.6,69.36,No,Day,ON,OFF,OFF,54.91
Office,68,33.37,77.42,No,Night,OFF,ON,ON,54.62
Office,0,26.84,62.16,No,Day,ON,ON,ON,54.42
Office,68,33.55,33.61,Yes,Day,OFF,ON,OFF,41.88
Floor,12,20.01,41.93,No,Day,ON,ON,OFF,60.53
Office,25,20.58,34.88,No,Night,ON,OFF,ON,42.88
Floor,51,21.85,45.45,No,Day,ON,ON,OFF,70.59
Office,12,25.77,76.98,No,Night,ON,ON,OFF,42.45
Office,95,32.96,47.96,No,Day,ON,ON,ON,66.32
Meeting Hall,54,29.06,39.22,Yes,Day,OFF,ON,ON,51.79
Corridor,28,18.94,63.08,No,Day,ON,OFF,OFF,38.64
Floor,17,24.92,74.98,Yes,Day,ON,OFF,ON,59.38
Meeting Hall,1,30.3,31.72,Yes,Day,ON,ON,OFF,46.31
Office,26,23.48,63.42,Yes,Day,ON,ON,OFF,44.51
Floor,49,26.37,44.45,No,Day,ON,ON,OFF,71.0
Office,41,30.09,48.7,No,Day,ON,ON,ON,64.9
Corridor,66,34.4,41.86,No,Day,OFF,ON,OFF,52.01
Meeting Hall,93,23.66,75.3,Yes,Night,OFF,ON,ON,57.05
Corridor,9,30.65,74.3,No,Night,ON,OFF,ON,43.43
Meeting Hall,8,30.71,60.24,No,Day,ON,ON,ON,62.0
Office,2,27.23,30.8,No,Night,ON,OFF,OFF,33.64
Corridor,85,31.83,77.33,Yes,Day,OFF,ON,ON,53.1
Corridor,37,27.11,53.37,Yes,Day,OFF,OFF,OFF,27.61
Office,74,28.62,54.45,Yes,Day,OFF,OFF,ON,47.3
Corridor,69,32.23,68.65,No,Day,ON,ON,OFF,58.42
Floor,68,26.1,60.69,No,Day,ON,OFF,ON,78.17
Meeting Hall,29,26.13,36.07,Yes,Day,ON,ON,ON,61.85
Meeting Hall,13,28.05,35.27,Yes,Day,OFF,OFF,OFF,32.82
Meeting Hall,1,31.67,42.61,No,Day,OFF,OFF,ON,45.76
Floor,96,20.16,33.53,No,Night,ON,ON,ON,72.11
Meeting Hall,100,31.11,71.65,No,Night,OFF,OFF,OFF,53.43
Office,7,23.01,31.97,No,Day,OFF,ON,OFF,25.46
Corridor,73,19.21,77.3,No,Day,ON,ON,ON,50.33
Floor,84,31.47,35.56,Yes,Day,OFF,ON,ON,70.12
Meeting Hall,82,20.47,72.88,No,Day,ON,ON,ON,74.35
Office,98,21.63,41.86,No,Day,ON,OFF,ON,65.72
Corridor,17,30.0,63.04,No,Day,ON,ON,ON,51.15
Corridor,70,27.6,47.11,Yes,Day,ON,OFF,ON,57.63
Floor,12,33.65,33.36,No,Day,OFF,ON,ON,61.28
Floor,45,34.22,66.52,No,Night,ON,OFF,ON,70.67
Floor,53,23.34,70.39,No,Night,ON,ON,ON,70.02
Office,11,23.51,44.94,Yes,Day,ON,ON,ON,49.89
Office,39,21.57,69.23,No,Day,ON,OFF,ON,50.89
Floor,87,26.8,52.87,No,Night,ON,OFF,ON,70.69
Meeting Hall,81,24.43,66.48,No,Day,ON,OFF,ON,66.67
Corridor,37,18.25,62.26,No,Day,ON,ON,OFF,42.31
Corridor,11,24.71,76.49,No,Day,OFF,ON,OFF,32.12
Office,66,19.05,46.4,No,Day,OFF,ON,ON,48.22
Corridor,24,31.58,35.5,No,Night,ON,ON,ON,53.63
Meeting Hall,34,33.79,69.41,No,Day,OFF,ON,OFF,58.08
Corridor,15,23.03,70.64,No,Day,OFF,ON,OFF,35.96
Office,44,29.06,31.31,No,Day,ON,ON,ON,58.26
Office,12,19.5,36.31,No,Day,OFF,OFF,ON,34.99
Meeting Hall,23,24.18,71.61,No,Day,OFF,OFF,ON,53.13
Meeting Hall,75,27.79,60.03,No,Night,ON,ON,OFF,59.97
Corridor,1,19.77,52.64,No,Day,ON,ON,OFF,34.71
Corridor,89,24.41,71.34,Yes,Day,OFF,ON,OFF,53.51
Office,9,34.24,42.3,No,Day,ON,ON,ON,56.6
Meeting Hall,18,20.82,46.24,No,Day,OFF,OFF,OFF,45.08
Meeting Hall,85,28.54,68.68,No,Day,ON,OFF,ON,73.12
Meeting Hall,23,32.17,59.55,No,Day,ON,OFF,OFF,56.31
Corridor,89,31.11,40.42,Yes,Day,ON,ON,ON,66.81
Meeting Hall,60,31.11,74.7,No,Day,ON,OFF,ON,69.74
Office,4,19.01,79.72,No,Day,OFF,ON,ON,39.89
Office,79,34.55,37.23,No,Night,ON,OFF,OFF,56.41
Corridor,100,30.36,44.83,Yes,Day,OFF,ON,OFF,54.95
Floor,33,34.22,67.47,Yes,Day,ON,ON,ON,76.09
Corridor,91,34.65,36.17,No,Day,OFF,ON,ON,58.8
Floor,63,24.07,53.23,No,Day,OFF,ON,ON,66.34
Meeting Hall,11,27.24,40.92,No,Day,ON,ON,ON,59.69
Corridor,58,30.4,63.22,Yes,Day,OFF,OFF,ON,44.74
Office,20,32.43,47.99,No,Day,ON,ON,ON,56.58
Meeting Hall,95,34.51,72.41,Yes,Day,OFF,OFF,ON,64.39
Office,88,34.57,52.91,Yes,Day,ON,OFF,OFF,62.02
Meeting Hall,77,23.57,56.83,No,Day,OFF,OFF,OFF,50.67
Corridor,46,29.57,74.45,No,Day,OFF,ON,ON,51.82
Floor,52,20.5,68.43,Yes,Day,ON,OFF,ON,63.51
Meeting Hall,98,31.78,70.44,Yes,Night,ON,ON,ON,68.61
Floor,72,20.71,30.62,Yes,Night,ON,ON,ON,68.47
Meeting Hall,93,33.14,62.87,No,Day,ON,OFF,OFF,74.25
Office,92,34.64,53.3,No,Day,ON,ON,OFF,63.53
Office,38,19.47,74.18,No,Day,ON,OFF,ON,57.39
Meeting Hall,30,26.71,31.91,No,Day,ON,ON,OFF,58.31
Floor,77,22.5,72.24,No,Day,ON,ON,OFF,67.49
Corridor,80,25.99,36.77,Yes,Day,OFF,ON,ON,45.58
Corridor,88,22.99,59.59,No,Night,OFF,OFF,OFF,39.8
Office,45,19.12,66.33,No,Day,OFF,OFF,ON,45.16
Corridor,56,24.7,39.88,Yes,Day,ON,ON,ON,55.78
Office,36,21.48,38.33,Yes,Night,ON,ON,ON,35.85
Corridor,26,27.34,64.11,Yes,Day,ON,ON,OFF,44.16
Meeting Hall,81,29.57,38.36,Yes,Day,OFF,ON,ON,59.8
Office,28,24.89,55.65,No,Day,ON,OFF,ON,51.84
Office,17,21.46,43.13,No,Day,ON,OFF,OFF,39.03
Meeting Hall,3,21.26,31.58,No,Day,ON,OFF,ON,44.35
Office,83,18.04,33.36,No,Day,OFF,ON,OFF,36.98
Corridor,0,29.94,36.57,No,Day,ON,ON,ON,50.61
Corridor,23,22.3,57.26,No,Day,ON,ON,ON,48.47
Office,41,34.5,40.57,Yes,Day,ON,ON,ON,56.15
Corridor,59,30.7,72.47,No,Night,OFF,ON,OFF,41.1
Floor,23,23.02,31.36,No,Day,ON,OFF,ON,63.91
Office,55,20.7,62.97,Yes,Day,OFF,ON,ON,45.5
Meeting Hall,68,28.61,34.48,Yes,Day,OFF,ON,ON,62.02
Floor,89,32.7,74.52,No,Day,OFF,ON,ON,83.18
Office,17,27.93,32.06,No,Day,ON,OFF,ON,55.27
Meeting Hall,99,18.19,37.15,Yes,Night,OFF,OFF,ON,44.7
Corridor,64,31.37,43.88,No,Day,OFF,ON,ON,56.47
Meeting Hall,9,34.39,35.03,No,Night,ON,OFF,ON,48.29
Floor,16,18.81,75.58,No,Night,ON,ON,OFF,55.86
Corridor,57,31.76,36.62,Yes,Night,OFF,ON,ON,37.86
Office,34,30.22,34.15,No,Day,ON,ON,ON,58.94
Corridor,3,24.76,32.99,No,Night,OFF,ON,ON,30.79
Office,43,28.78,70.3,Yes,Day,ON,ON,ON,58.08
Office,90,20.7,62.49,No,Day,OFF,OFF,OFF,48.9
Meeting Hall,74,30.24,67.85,No,Day,ON,ON,OFF,69.68
Meeting Hall,66,27.88,65.25,Yes,Night,OFF,ON,ON,49.38
Meeting Hall,27,19.47,78.4,Yes,Day,ON,ON,ON,55.74
Floor,10,32.76,68.42,Yes,Day,OFF,OFF,OFF,46.3
Floor,2,20.18,49.13,No,Day,ON,OFF,OFF,52.87
Meeting Hall,99,25.45,44.49,Yes,Day,ON,ON,OFF,67.27
Floor,2,20.23,44.6,No,Day,ON,ON,ON,60.56
Corridor,24,28.98,45.64,No,Night,OFF,ON,OFF,28.32
Corridor,75,30.54,39.32,Yes,Night,ON,ON,OFF,48.51
Floor,11,34.1,49.66,No,Night,OFF,ON,ON,57.97
Floor,48,22.29,35.5,No,Day,OFF,ON,ON,60.85
Corridor,55,24.23,44.86,No,Day,OFF,OFF,OFF,37.97
Office,52,24.57,38.76,Yes,Day,OFF,ON,ON,45.16
Corridor,95,19.65,75.98,No,Day,ON,OFF,OFF,60.75
Corridor,9,31.73,53.06,No,Day,OFF,OFF,ON,42.36
Floor,18,19.41,71.13,No,Night,OFF,ON,ON,47.62
Corridor,46,23.76,59.42,Yes,Day,ON,OFF,OFF,41.29
Floor,53,21.24,59.93,No,Night,ON,ON,OFF,60.91
Floor,6,29.29,30.16,No,Night,ON,OFF,ON,54.16
Meeting Hall,87,33.39,30.64,Yes,Day,ON,ON,OFF,65.18
Corridor,38,30.69,43.94,No,Night,ON,ON,ON,53.05
Office,31,31.17,32.95,No,Night,ON,ON,ON,44.66
Meeting Hall,22,19.33,43.86,No,Day,OFF,ON,ON,48.15
Floor,49,30.56,60.9,No,Day,ON,ON,ON,80.48
Floor,18,19.06,65.46,No,Day,OFF,ON,ON,60.97
Office,66,26.23,60.61,No,Day,ON,ON,OFF,61.33
Floor,24,29.76,57.72,No,Day,ON,OFF,OFF,58.24
Corridor,24,22.33,34.06,No,Day,ON,ON,ON,51.52
Meeting Hall,5,29.6,36.41,No,Day,OFF,ON,OFF,49.6
Floor,96,32.97,32.05,No,Day,ON,ON,OFF,78.64
Floor,96,32.93,70.62,No,Day,ON,ON,ON,87.29
Office,14,21.27,46.18,No,Day,ON,OFF,ON,46.67
Corridor,62,22.67,50.12,No,Day,ON,ON,OFF,54.02
Floor,19,29.32,61.21,Yes,Day,ON,OFF,OFF,61.09
Office,42,32.3,78.45,Yes,Day,OFF,ON,OFF,43.04
Floor,95,25.74,60.75,No,Night,OFF,ON,ON,71.55
Office,87,33.68,35.87,Yes,Day,ON,OFF,OFF,55.64
Office,66,27.77,75.13,Yes,Day,OFF,ON,OFF,41.62
Corridor,3,22.45,41.48,No,Day,ON,ON,OFF,40.88
Floor,5,18.34,69.53,Yes,Day,OFF,ON,ON,49.53
Corridor,58,31.73,67.38,Yes,Day,ON,ON,ON,58.8
Office,51,19.58,50.75,No,Day,OFF,ON,ON,49.64
Meeting Hall,18,19.33,56.11,No,Night,OFF,ON,ON,40.78
Floor,25,31.21,41.43,No,Night,OFF,ON,ON,58.99
Meeting Hall,47,18.54,65.13,No,Day,ON,OFF,OFF,59.54
Floor,88,32.33,78.96,No,Night,OFF,OFF,ON,68.65
Corridor,54,28.18,51.36,No,Day,OFF,OFF,ON,48.37
Corridor,88,28.82,79.9,No,Night,OFF,OFF,ON,40.03
Corridor,58,33.95,42.62,Yes,Day,ON,OFF,ON,56.49
Corridor,73,32.73,36.03,Yes,Day,ON,OFF,ON,57.07
Corridor,37,19.29,79.92,No,Day,ON,ON,ON,51.85
Meeting Hall,83,32.5,48.8,No,Day,ON,ON,OFF,66.2
Corridor,4,29.34,72.97,No,Night,OFF,ON,OFF,29.76
Office,41,23.39,31.48,No,Day,OFF,ON,ON,43.93
Office,34,32.51,61.4,No,Day,ON,ON,OFF,51.1
Meeting Hall,68,18.4,30.17,No,Day,OFF,ON,ON,61.16
Floor,98,32.24,55.23,No,Day,ON,ON,OFF,81.13
Office,2,28.54,66.83,Yes,Day,ON,OFF,OFF,35.43
Floor,40,22.44,61.07,No,Night,ON,OFF,ON,61.4
Meeting Hall,31,18.1,61.38,Yes,Night,OFF,OFF,ON,35.16
Floor,35,26.86,46.33,No,Day,OFF,ON,ON,65.7
Floor,29,25.18,61.69,No,Day,ON,OFF,ON,68.19
Floor,38,32.66,72.74,No,Day,OFF,OFF,ON,66.09
Floor,92,31.39,54.83,No,Night,ON,OFF,ON,70.23
Meeting Hall,89,28.02,57.09,No,Night,ON,OFF,ON,68.0
Office,88,20.56,71.92,No,Day,ON,ON,ON,70.09
Corridor,59,30.34,36.09,No,Night,ON,ON,ON,52.06
Floor,55,28.09,60.05,No,Day,OFF,OFF,ON,66.22
Office,75,18.38,53.72,No,Day,OFF,ON,ON,47.48
Office,81,30.95,50.86,No,Night,ON,ON,OFF,59.25
Meeting Hall,57,32.14,50.38,Yes,Day,ON,ON,ON,64.87
Office,25,31.17,61.64,No,Day,ON,ON,OFF,55.44
Meeting Hall,78,21.0,74.88,No,Day,ON,OFF,OFF,59.76
Floor,4,26.54,62.5,No,Day,ON,ON,ON,66.34
Floor,55,26.96,43.22,No,Day,ON,ON,ON,74.09
Corridor,32,33.88,36.89,No,Night,OFF,OFF,ON,38.49
Corridor,8,33.74,78.91,No,Day,ON,ON,OFF,48.16
Corridor,31,19.06,45.21,No,Night,ON,OFF,ON,34.51
Office,76,34.99,53.31,No,Day,OFF,ON,ON,60.59
Floor,27,31.37,30.87,Yes,Day,ON,OFF,OFF,59.14
Meeting Hall,22,24.38,70.56,No,Night,ON,ON,OFF,45.55
Corridor,87,30.64,69.66,Yes,Day,ON,ON,OFF,58.8
Meeting Hall,94,24.4,64.73,Yes,Day,ON,ON,ON,73.84
Meeting Hall,68,33.92,47.8,No,Day,ON,OFF,ON,65.33
Corridor,61,24.43,48.68,Yes,Day,ON,ON,OFF,45.05
Floor,47,31.02,54.8,No,Day,OFF,ON,ON,68.36
Corridor,65,20.64,50.1,No,Night,OFF,OFF,ON,37.81
Meeting Hall,61,32.49,38.42,No,Night,OFF,ON,ON,54.92
Corridor,93,28.55,41.55,No,Day,ON,OFF,OFF,60.21
Meeting Hall,68,31.73,46.54,No,Night,ON,OFF,OFF,54.45
Meeting Hall,55,25.11,30.99,No,Night,ON,ON,ON,61.64
Corridor,73,23.89,47.06,Yes,Night,ON,ON,OFF,41.85
Office,35,27.05,71.05,No,Day,ON,OFF,ON,62.16
Corridor,35,24.6,53.46,No,Day,ON,ON,ON,55.67
Office,55,26.74,39.28,No,Day,ON,ON,OFF,50.79
Meeting Hall,6,25.32,64.74,No,Day,ON,OFF,OFF,54.81
Meeting Hall,92,21.34,31.08,No,Day,ON,ON,ON,67.08
Office,31,34.6,37.73,No,Day,ON,OFF,ON,59.48
Meeting Hall,90,18.27,59.11,No,Day,ON,ON,ON,69.24
Office,0,33.74,63.62,Yes,Day,ON,OFF,ON,50.93
Office,57,32.07,44.74,No,Day,ON,ON,OFF,57.76
Meeting Hall,19,25.16,43.9,No,Day,ON,ON,ON,56.34
Floor,33,23.48,31.03,No,Night,ON,OFF,OFF,54.67
Office,50,20.8,44.25,Yes,Day,ON,ON,ON,49.79
Corridor,35,20.26,77.97,No,Night,ON,ON,ON,43.18
Corridor,25,27.37,49.85,No,Night,OFF,OFF,ON,28.98
Meeting Hall,86,19.79,46.39,Yes,Night,ON,OFF,ON,55.05
Floor,32,26.1,61.33,No,Night,ON,ON,ON,63.6
Meeting Hall,0,31.85,79.45,No,Night,ON,ON,ON,54.79
Floor,66,30.87,51.89,No,Day,ON,OFF,ON,74.52
Office,49,20.25,34.75,No,Night,ON,ON,OFF,38.03
Office,34,34.34,65.87,No,Night,OFF,OFF,ON,42.86
Office,34,22.86,74.87,Yes,Night,OFF,ON,ON,37.14
Office,58,30.0,64.02,No,Day,ON,OFF,ON,60.61
Corridor,76,23.11,54.86,Yes,Day,ON,ON,ON,57.62
Corridor,96,28.5,42.32,No,Day,ON,ON,OFF,64.32
Meeting Hall,12,27.73,52.3,Yes,Day,ON,ON,ON,58.14
Floor,21,21.03,51.11,No,Night,OFF,ON,ON,52.48
Office,55,29.09,78.13,No,Day,ON,ON,ON,64.6
Office,4,23.54,31.85,Yes,Day,ON,ON,ON,48.46
Floor,80,28.39,48.23,Yes,Day,ON,OFF,ON,77.03
Floor,42,27.2,45.55,No,Day,ON,ON,ON,68.98
Meeting Hall,73,32.33,79.11,Yes,Day,OFF,OFF,ON,55.26
Floor,54,21.63,30.32,Yes,Day,OFF,ON,OFF,50.09
Office,90,20.57,44.62,No,Day,OFF,OFF,ON,52.47
Office,14,32.53,78.69,No,Day,ON,OFF,OFF,51.71
Office,41,25.56,37.96,No,Day,ON,OFF,ON,54.36
Office,8,31.29,69.47,No,Night,OFF,ON,OFF,34.65
Office,70,34.31,58.19,No,Night,OFF,OFF,ON,40.08
Meeting Hall,56,27.25,75.3,No,Night,ON,ON,ON,65.12
Office,9,23.11,73.66,No,Day,OFF,ON,ON,39.86
Meeting Hall,63,31.5,58.81,Yes,Day,ON,OFF,ON,70.49
Office,40,33.83,57.71,No,Day,ON,ON,ON,69.01
Corridor,12,22.17,37.55,No,Night,ON,ON,ON,40.53
Corridor,15,29.7,33.02,No,Night,ON,ON,ON,44.39
Corridor,97,31.27,66.6,Yes,Day,OFF,ON,ON,57.3
Corridor,71,18.45,60.63,No,Night,ON,ON,ON,51.14
Meeting Hall,59,28.07,69.77,No,Day,OFF,OFF,ON,59.48
Meeting Hall,30,28.76,30.91,Yes,Day,ON,ON,ON,59.07
Floor,54,28.82,76.68,No,Day,ON,OFF,ON,72.91
Office,91,19.43,33.65,No,Day,OFF,OFF,OFF,44.88
Corridor,70,18.37,75.23,No,Day,ON,ON,ON,58.57
Meeting Hall,33,22.99,39.56,Yes,Night,OFF,OFF,ON,38.08
Office,96,24.08,43.0,No,Day,ON,OFF,ON,65.21
Office,3,20.46,73.59,No,Day,ON,ON,ON,53.42
Meeting Hall,54,26.66,52.57,No,Night,ON,ON,ON,60.03
Corridor,89,21.87,64.72,Yes,Day,OFF,OFF,OFF,38.74
Floor,65,23.74,75.0,Yes,Day,ON,OFF,OFF,65.41
Office,95,22.98,44.58,No,Day,ON,OFF,ON,59.07
Floor,58,31.12,36.79,Yes,Day,OFF,ON,OFF,53.72
Corridor,40,32.91,57.02,No,Day,ON,ON,ON,59.49
Corridor,65,23.07,49.41,No,Day,OFF,ON,ON,47.71
Floor,89,24.4,69.94,No,Day,ON,OFF,OFF,70.53
Corridor,46,31.86,30.25,No,Day,ON,OFF,ON,54.71
Office,26,30.9,59.02,Yes,Night,ON,ON,OFF,37.89
Floor,78,30.05,55.8,Yes,Night,ON,OFF,ON,63.53
Corridor,20,30.03,72.49,Yes,Night,ON,ON,ON,37.29
Floor,90,23.05,58.83,No,Day,ON,OFF,ON,77.21
Office,97,33.92,79.78,No,Day,ON,ON,ON,74.61
Corridor,10,31.76,31.33,Yes,Night,OFF,OFF,OFF,21.58
Office,86,21.6,55.18,No,Day,ON,ON,ON,65.97
Corridor,21,29.26,78.8,No,Day,ON,ON,OFF,51.02
Meeting Hall,22,20.63,77.28,No,Night,ON,ON,ON,54.56
Corridor,64,27.82,40.93,Yes,Day,OFF,OFF,OFF,35.97
Floor,58,22.91,71.36,Yes,Day,ON,OFF,OFF,67.27
Corridor,75,19.79,70.27,Yes,Night,ON,ON,ON,49.18
Office,88,28.25,78.12,No,Night,ON,OFF,OFF,57.53
Office,69,33.03,55.47,Yes,Day,ON,OFF,ON,59.83
Corridor,97,20.39,56.46,No,Day,ON,OFF,ON,58.06
Floor,27,33.28,69.32,No,Day,OFF,ON,ON,66.13
Meeting Hall,24,20.17,79.95,No,Night,OFF,ON,OFF,44.14
Floor,81,30.61,45.46,No,Day,OFF,ON,ON,74.77
Meeting Hall,0,34.82,64.17,Yes,Day,ON,ON,ON,64.81
Office,31,19.59,63.56,No,Night,ON,OFF,ON,50.27
Floor,28,21.62,72.87,No,Day,OFF,ON,ON,58.47
Meeting Hall,19,25.88,62.47,No,Night,ON,ON,OFF,43.14
Corridor,45,30.54,52.91,No,Night,OFF,ON,ON,40.86
Office,76,33.26,45.54,No,Day,ON,ON,ON,65.43
Corridor,56,30.39,78.46,Yes,Night,OFF,OFF,ON,35.99
Office,11,31.11,46.79,Yes,Day,OFF,OFF,ON,39.22
Floor,71,25.69,42.76,Yes,Night,OFF,ON,OFF,54.0
Floor,38,24.05,69.63,No,Night,ON,OFF,ON,61.3
Office,7,26.63,54.88,Yes,Day,ON,ON,OFF,47.58
Office,81,29.04,39.16,No,Night,OFF,OFF,ON,48.85
Office,84,26.54,47.95,No,Night,OFF,ON,ON,52.6
Floor,27,31.44,40.17,No,Day,ON,ON,OFF,62.8
Meeting Hall,30,20.67,40.45,No,Day,ON,OFF,OFF,52.83
Corridor,14,24.74,33.79,No,Day,OFF,OFF,OFF,25.43
Corridor,59,19.13,62.26,Yes,Day,ON,ON,ON,53.8
Floor,38,29.41,48.56,Yes,Night,OFF,OFF,ON,53.16
Corridor,96,30.87,32.98,No,Night,OFF,OFF,OFF,39.94
Office,86,29.35,62.55,No,Day,OFF,ON,ON,56.96
Meeting Hall,79,34.24,44.84,Yes,Day,ON,ON,ON,70.44
Corridor,87,33.85,38.1,No,Day,ON,ON,ON,68.75
Meeting Hall,20,22.6,78.02,Yes,Day,ON,OFF,ON,58.64
Office,7,22.13,33.74,No,Day,OFF,OFF,ON,32.0
Corridor,41,18.43,49.33,No,Day,ON,ON,OFF,46.41
Floor,58,26.54,60.78,No,Day,ON,OFF,ON,71.32
Meeting Hall,80,32.64,79.67,No,Night,ON,OFF,OFF,57.05
Office,78,20.68,34.12,No,Day,ON,ON,ON,65.15
Meeting Hall,77,28.09,76.58,Yes,Day,OFF,ON,ON,59.67
Corridor,19,30.25,74.04,Yes,Day,OFF,ON,ON,44.72
Corridor,95,24.25,68.96,No,Night,OFF,ON,ON,45.66
Floor,60,29.95,35.13,No,Night,ON,OFF,ON,72.9
Office,10,32.23,44.54,No,Night,OFF,ON,OFF,34.68
Office,31,18.18,43.56,No,Day,ON,ON,OFF,44.82
Floor,3,30.5,56.71,Yes,Day,ON,OFF,ON,63.35
Floor,28,28.2,36.0,No,Day,ON,ON,ON,73.64
Office,4,32.36,70.81,No,Day,ON,ON,ON,61.11
Meeting Hall,75,20.36,64.11,No,Day,ON,ON,ON,66.3
Meeting Hall,38,31.72,73.05,No,Night,ON,ON,OFF,54.33
Floor,22,20.4,41.13,No,Day,ON,OFF,ON,59.98
Meeting Hall,96,27.94,61.02,No,Day,ON,ON,ON,77.06
Office,15,22.61,72.55,No,Night,ON,OFF,OFF,31.44
Corridor,49,22.08,32.52,Yes,Day,OFF,ON,ON,36.09
Corridor,10,26.48,57.53,No,Day,ON,ON,ON,50.39
Meeting Hall,71,30.87,66.36,Yes,Day,ON,ON,ON,67.75
Floor,96,28.97,48.58,Yes,Day,ON,OFF,ON,77.83
Floor,47,34.81,47.68,No,Night,OFF,ON,OFF,55.8
Floor,33,20.02,31.61,No,Day,ON,ON,ON,65.33
Floor,20,30.27,54.49,Yes,Night,OFF,OFF,ON,50.11
Floor,62,18.94,59.82,No,Night,ON,ON,ON,64.32
Meeting Hall,16,24.08,67.02,Yes,Night,ON,ON,ON,51.36
Corridor,33,23.84,34.32,No,Day,ON,ON,ON,49.38
Corridor,50,22.36,50.83,No,Day,OFF,OFF,OFF,35.93
Meeting Hall,66,27.05,42.88,No,Day,ON,OFF,ON,67.06
Floor,23,22.14,40.34,No,Day,ON,ON,OFF,59.95
Meeting Hall,21,24.25,42.28,No,Night,ON,ON,ON,55.6
Corridor,9,32.61,48.03,No,Day,ON,ON,ON,55.46
Office,4,23.5,66.64,No,Night,OFF,OFF,ON,29.62
Meeting Hall,30,34.76,51.78,No,Day,OFF,ON,OFF,56.62
Floor,23,22.69,33.16,No,Day,ON,ON,ON,66.08
Corridor,10,33.35,47.37,No,Night,ON,OFF,ON,42.76
Corridor,50,25.33,35.48,No,Day,ON,ON,ON,55.02
Corridor,47,33.43,40.59,No,Night,ON,ON,ON,56.09
Corridor,77,25.26,36.47,Yes,Day,ON,OFF,ON,54.49
Floor,3,31.1,78.6,No,Night,ON,OFF,OFF,56.13
Office,7,24.8,74.0,No,Day,ON,ON,ON,51.96
Corridor,6,28.56,61.25,No,Night,OFF,ON,ON,30.89
Meeting Hall,98,18.88,42.53,No,Day,ON,ON,ON,71.32
Office,31,28.18,38.71,No,Day,ON,ON,ON,59.4
Corridor,85,23.37,72.1,Yes,Night,ON,OFF,ON,46.34
Office,21,34.94,33.64,No,Night,OFF,OFF,ON,41.81
Meeting Hall,89,31.78,64.66,No,Day,OFF,OFF,ON,66.03
Corridor,35,19.35,44.74,No,Day,ON,ON,OFF,41.36
Meeting Hall,28,21.37,54.48,No,Day,ON,ON,ON,62.33
Floor,67,28.47,66.44,Yes,Day,ON,ON,OFF,68.85
Corridor,94,23.11,31.82,No,Night,ON,ON,OFF,46.42
Corridor,85,21.62,38.78,No,Day,ON,ON,ON,63.24
Corridor,60,24.05,62.36,Yes,Day,OFF,ON,ON,45.63
Corridor,52,19.81,75.99,No,Day,ON,ON,OFF,53.22
Floor,71,27.43,42.91,No,Day,ON,ON,ON,81.24
Corridor,84,22.81,37.48,No,Night,OFF,ON,ON,43.08
Office,14,32.74,76.24,Yes,Night,OFF,ON,ON,40.17
Corridor,47,18.56,73.27,No,Day,ON,ON,ON,52.19
Floor,53,23.97,75.49,No,Night,OFF,ON,ON,57.19
Corridor,67,27.34,36.24,No,Day,ON,ON,ON,60.38
Office,68,22.0,76.18,No,Day,ON,OFF,OFF,49.05
Floor,99,18.97,59.07,No,Day,OFF,ON,ON,75.23
Floor,63,19.23,63.35,No,Day,OFF,OFF,OFF,54.87
Office,65,20.71,52.71,No,Day,OFF,OFF,ON,46.83
Office,49,22.62,47.77,No,Day,ON,ON,ON,64.86
Office,71,30.0,35.64,Yes,Night,OFF,ON,OFF,40.62
Office,46,26.07,41.18,Yes,Night,ON,ON,ON,45.0
Office,67,18.56,59.38,Yes,Night,ON,ON,OFF,47.65
Floor,12,20.64,45.84,Yes,Day,OFF,ON,ON,51.57
Floor,13,24.25,35.98,Yes,Day,ON,OFF,ON,55.18
Corridor,8,25.14,65.48,Yes,Day,OFF,ON,ON,36.09
Corridor,27,19.07,56.43,Yes,Day,ON,OFF,OFF,35.74
Meeting Hall,37,20.06,32.05,No,Day,ON,OFF,ON,53.23
Corridor,11,22.46,63.63,Yes,Day,OFF,ON,OFF,29.5
Corridor,91,32.22,73.08,No,Day,OFF,ON,ON,61.45
Office,12,21.56,68.79,Yes,Day,ON,ON,OFF,35.05
Office,20,21.86,76.23,No,Day,ON,ON,ON,53.53
Corridor,54,26.41,46.89,No,Day,OFF,ON,ON,52.1
Meeting Hall,37,33.15,34.4,No,Day,ON,OFF,ON,62.34
Office,51,26.98,65.71,No,Day,ON,ON,ON,63.16
Corridor,25,19.35,75.1,Yes,Night,ON,ON,ON,40.58
Corridor,88,21.17,45.95,No,Day,ON,OFF,ON,51.4
Floor,21,32.55,43.27,No,Night,OFF,ON,OFF,48.14
Meeting Hall,50,32.9,65.74,No,Day,ON,ON,OFF,68.57
Floor,71,31.52,66.41,No,Day,OFF,ON,OFF,68.72
Meeting Hall,36,27.21,71.48,No,Night,ON,ON,ON,62.44
Office,44,25.47,67.29,No,Day,OFF,OFF,ON,45.63
Meeting Hall,85,22.56,50.02,No,Day,ON,OFF,ON,72.35
Corridor,76,27.31,51.15,No,Night,ON,ON,ON,59.67
Corridor,36,29.61,70.23,Yes,Day,ON,ON,ON,59.08
Meeting Hall,13,28.19,43.36,No,Day,ON,ON,OFF,59.57
Meeting Hall,17,21.83,35.44,Yes,Night,ON,OFF,OFF,37.23
Meeting Hall,96,33.35,40.9,Yes,Night,ON,OFF,ON,59.45
Floor,6,24.64,55.27,No,Day,ON,ON,OFF,58.52
Meeting Hall,73,33.04,58.52,No,Day,ON,ON,ON,74.44
Office,59,24.76,33.53,No,Night,ON,OFF,ON,48.56
Floor,57,18.65,45.17,Yes,Day,ON,ON,ON,66.88
Floor,93,30.55,67.46,Yes,Day,OFF,OFF,ON,73.01
Meeting Hall,54,33.64,73.12,No,Day,ON,OFF,OFF,63.39
Office,33,22.33,36.5,No,Night,OFF,ON,OFF,32.23
Floor,44,27.22,55.94,No,Day,ON,OFF,ON,70.42
Corridor,2,31.73,37.49,No,Night,OFF,ON,OFF,24.8
Floor,39,23.46,66.1,No,Day,ON,OFF,ON,70.47
Meeting Hall,75,22.86,37.85,No,Day,OFF,ON,OFF,54.62
Office,99,24.99,34.83,No,Night,ON,ON,ON,65.61
Meeting Hall,52,27.36,52.04,No,Night,OFF,ON,OFF,49.59
Corridor,30,27.39,34.74,No,Day,OFF,OFF,ON,40.24
Corridor,22,26.27,70.8,No,Day,ON,ON,ON,53.73
Corridor,71,31.95,71.34,No,Night,ON,ON,ON,57.58
Meeting Hall,64,20.6,55.59,No,Day,OFF,ON,ON,61.79
Floor,54,19.45,58.62,Yes,Day,ON,ON,ON,72.27
Meeting Hall,98,20.87,36.63,Yes,Day,ON,OFF,ON,67.56
Office,78,29.97,43.83,No,Night,OFF,ON,OFF,44.32
Floor,91,20.47,36.05,Yes,Night,ON,OFF,ON,66.47
Corridor,11,23.49,40.72,Yes,Night,OFF,OFF,OFF,18.96
Meeting Hall,0,32.95,49.73,No,Day,ON,OFF,ON,54.7
Corridor,10,20.38,64.09,No,Day,ON,OFF,OFF,37.81
Corridor,50,26.98,66.4,No,Day,ON,ON,OFF,50.13
Office,100,26.6,52.22,No,Day,ON,ON,ON,69.78
Floor,65,18.58,44.65,No,Day,OFF,OFF,OFF,55.99
Office,44,19.96,70.48,No,Day,ON,OFF,OFF,50.79
Office,98,34.16,51.88,No,Day,ON,ON,ON,73.07
Office,71,34.34,58.03,No,Day,ON,OFF,OFF,55.29
Corridor,30,32.87,43.34,No,Day,OFF,OFF,ON,42.63
Office,84,25.34,33.33,No,Night,ON,OFF,ON,55.48
Office,52,28.08,38.23,Yes,Day,ON,OFF,ON,50.87
Floor,44,32.01,65.66,Yes,Day,ON,OFF,ON,68.57
Floor,66,29.49,43.83,No,Day,ON,OFF,ON,75.84
Office,88,33.22,36.32,Yes,Night,ON,ON,OFF,56.8
Floor,40,23.37,62.1,No,Day,ON,OFF,OFF,59.05
Floor,27,28.61,53.9,No,Day,OFF,ON,OFF,55.89
Office,61,27.64,31.16,No,Day,OFF,ON,ON,56.76
Corridor,91,34.74,79.54,No,Day,OFF,OFF,OFF,49.7
Office,1,32.93,49.11,No,Night,ON,OFF,ON,44.64
Floor,71,20.81,62.76,Yes,Day,ON,OFF,OFF,63.73
Corridor,64,19.0,79.18,No,Day,ON,ON,ON,60.07
Meeting Hall,20,25.59,61.73,No,Day,OFF,ON,OFF,45.94
Corridor,14,27.27,45.58,No,Day,ON,ON,OFF,45.73
Floor,54,31.43,54.42,No,Day,OFF,ON,OFF,65.99
Corridor,7,20.72,35.14,Yes,Day,ON,OFF,OFF,33.44
Office,85,33.64,38.46,Yes,Night,OFF,ON,OFF,45.77
Meeting Hall,19,27.72,45.58,Yes,Night,OFF,ON,ON,43.43
Meeting Hall,76,32.33,34.24,No,Night,ON,ON,OFF,61.29
Meeting Hall,63,32.22,35.68,No,Day,OFF,OFF,OFF,49.37
Floor,89,34.18,71.98,No,Day,OFF,ON,ON,83.93
Floor,38,29.2,42.48,No,Day,OFF,OFF,ON,61.42
Meeting Hall,6,31.33,46.13,No,Day,OFF,ON,ON,54.63
Corridor,56,31.95,38.68,No,Day,ON,ON,OFF,48.8
Meeting Hall,74,25.96,50.21,Yes,Night,OFF,OFF,ON,52.32
Corridor,30,25.35,64.89,Yes,Day,OFF,ON,OFF,32.13
Corridor,33,34.09,77.27,No,Night,ON,ON,ON,53.16
Floor,74,19.14,56.94,No,Day,ON,OFF,ON,71.94
Corridor,87,34.2,45.01,No,Day,ON,OFF,OFF,53.83
Meeting Hall,88,27.83,55.49,No,Day,ON,OFF,ON,72.97
Floor,50,23.01,36.38,No,Day,OFF,OFF,ON,64.08
Office,55,27.47,63.86,Yes,Day,ON,ON,OFF,51.62
Office,96,28.84,46.42,Yes,Night,ON,ON,ON,58.46
Floor,28,19.88,77.24,No,Night,ON,ON,ON,66.54
Meeting Hall,62,29.39,62.93,No,Day,ON,OFF,OFF,62.88
Office,84,33.34,53.81,Yes,Day,ON,OFF,OFF,54.79
Office,32,34.51,41.53,Yes,Night,ON,ON,ON,47.92
Corridor,44,28.2,34.6,Yes,Night,ON,ON,ON,44.59
Corridor,5,23.56,39.41,No,Day,OFF,ON,ON,39.03
Meeting Hall,36,27.58,58.5,No,Night,ON,OFF,ON,49.67
Floor,52,18.05,55.98,Yes,Day,ON,ON,ON,68.0
Meeting Hall,1,33.63,30.47,Yes,Day,ON,OFF,ON,52.87
Floor,93,31.34,67.2,Yes,Day,ON,OFF,ON,81.23
Office,56,20.83,32.01,No,Day,ON,OFF,OFF,49.38
Corridor,91,28.36,33.9,Yes,Day,ON,ON,ON,61.14
Meeting Hall,95,18.35,65.59,No,Day,ON,OFF,ON,66.01
Meeting Hall,50,21.67,62.31,Yes,Day,ON,OFF,OFF,53.39
Floor,90,20.89,40.77,Yes,Night,ON,ON,ON,72.64
Floor,38,20.65,63.14,No,Night,OFF,ON,OFF,46.23
Meeting Hall,21,27.39,30.95,No,Day,ON,OFF,ON,55.07
Floor,78,34.4,43.9,Yes,Day,OFF,OFF,ON,66.64
Meeting Hall,42,20.22,67.98,No,Day,OFF,ON,ON,55.63
Meeting Hall,37,32.84,53.74,No,Day,OFF,ON,ON,58.28
Meeting Hall,63,19.4,72.78,No,Day,ON,ON,OFF,65.15
Office,36,19.41,37.18,No,Day,OFF,OFF,OFF,35.14
Floor,99,28.68,73.13,No,Day,ON,OFF,ON,84.31
Corridor,37,27.77,54.31,No,Day,ON,ON,ON,50.53
Corridor,70,23.85,35.07,Yes,Day,ON,ON,ON,58.82
Floor,30,27.07,32.33,No,Night,OFF,OFF,OFF,37.01
Meeting Hall,43,30.83,30.06,No,Day,ON,OFF,ON,57.3
Corridor,93,31.15,61.85,Yes,Day,OFF,OFF,ON,49.49
Corridor,13,18.2,41.1,Yes,Day,ON,OFF,ON,41.0
Floor,97,19.33,37.3,Yes,Day,OFF,ON,ON,67.25
Corridor,51,18.06,60.07,No,Day,OFF,OFF,ON,39.39
Meeting Hall,90,18.27,50.46,No,Night,OFF,ON,OFF,48.67
Floor,86,32.27,52.48,No,Day,ON,OFF,OFF,79.47
Meeting Hall,66,19.42,36.7,Yes,Night,OFF,OFF,OFF,29.5
Corridor,4,30.09,42.66,No,Day,OFF,OFF,ON,36.08
Corridor,41,34.66,34.95,No,Day,ON,OFF,ON,52.91
Meeting Hall,93,31.96,46.75,No,Day,ON,ON,ON,77.29
Office,6,19.13,45.43,No,Day,OFF,ON,ON,41.24
Corridor,17,33.2,68.88,No,Day,ON,ON,ON,52.47
Office,56,34.29,79.34,No,Night,OFF,OFF,ON,44.02
Corridor,73,30.01,79.96,No,Day,ON,OFF,ON,62.14
Office,43,28.48,49.3,No,Day,ON,OFF,ON,54.12
Office,97,28.23,69.65,No,Night,ON,OFF,ON,64.81
Office,60,31.94,43.96,No,Day,ON,ON,ON,66.97
Meeting Hall,96,27.41,37.15,Yes,Day,ON,ON,ON,71.16
Office,62,23.67,62.0,No,Day,OFF,ON,ON,56.47
Office,31,34.5,53.84,Yes,Day,ON,OFF,ON,55.67
Office,94,18.82,59.68,No,Day,OFF,OFF,ON,55.4
Corridor,27,29.31,48.31,No,Day,OFF,ON,ON,41.97
Office,3,27.96,45.1,Yes,Day,ON,OFF,ON,46.62
Corridor,14,28.87,76.39,Yes,Day,ON,ON,OFF,39.58
Office,1,28.92,74.18,No,Day,ON,ON,ON,55.14
Office,22,20.1,36.19,No,Day,ON,ON,ON,47.54
Meeting Hall,58,20.27,62.62,No,Day,ON,ON,OFF,57.26
Corridor,22,19.15,47.89,No,Night,ON,OFF,ON,36.91
Office,98,33.95,58.38,No,Day,OFF,ON,ON,64.07
Corridor,90,28.37,40.36,No,Night,ON,ON,ON,59.28
Corridor,25,19.31,66.18,No,Day,ON,OFF,OFF,40.96
Floor,33,25.37,45.49,Yes,Day,OFF,OFF,OFF,47.98
Meeting Hall,12,24.11,64.43,No,Day,OFF,OFF,OFF,43.41
Meeting Hall,39,20.52,37.16,No,Night,OFF,ON,OFF,38.22
Meeting Hall,50,31.97,36.68,No,Day,OFF,ON,ON,59.22
Floor,9,31.19,47.38,No,Night,ON,ON,OFF,53.17
Floor,38,25.89,79.86,No,Night,OFF,ON,ON,57.04
Meeting Hall,89,26.88,73.05,Yes,Day,OFF,OFF,ON,55.21
Floor,3,25.42,61.04,No,Day,ON,ON,ON,64.15
Floor,81,27.37,45.44,Yes,Day,ON,ON,ON,76.1
Floor,98,30.45,38.2,Yes,Day,ON,OFF,ON,78.86
Meeting Hall,51,32.89,67.2,Yes,Day,ON,OFF,ON,66.51
Meeting Hall,80,28.07,40.21,No,Night,ON,ON,OFF,58.18
Meeting Hall,55,20.14,50.57,No,Day,ON,ON,ON,70.54
Floor,26,31.12,56.46,No,Day,ON,ON,OFF,69.13
Meeting Hall,7,24.33,34.63,No,Day,ON,ON,ON,54.88
Floor,52,28.71,68.97,No,Night,ON,ON,ON,74.79
Office,12,21.38,77.06,No,Day,OFF,ON,ON,41.35
Floor,45,20.78,37.33,No,Night,ON,ON,OFF,57.65
Corridor,85,18.9,73.38,No,Night,ON,ON,ON,52.95
Meeting Hall,35,23.35,54.24,No,Day,ON,ON,ON,64.87
Meeting Hall,42,28.15,36.79,No,Day,ON,OFF,OFF,53.73
Corridor,93,23.42,60.39,No,Day,ON,ON,OFF,56.58
Floor,34,22.09,76.51,No,Day,ON,OFF,ON,62.32
Office,50,34.91,77.87,Yes,Night,OFF,ON,ON,48.33
Corridor,62,34.98,65.99,Yes,Day,ON,OFF,ON,55.87
Corridor,67,28.28,54.68,No,Day,ON,ON,ON,67.5
Floor,12,23.5,39.33,No,Day,ON,ON,OFF,61.71
Meeting Hall,46,32.65,60.0,Yes,Day,ON,OFF,ON,65.16
Floor,5,30.53,60.67,No,Day,OFF,OFF,ON,58.36
Corridor,17,28.47,35.55,Yes,Day,ON,OFF,OFF,37.9
Corridor,7,33.44,42.69,No,Night,OFF,OFF,ON,32.67
Meeting Hall,40,25.57,45.37,No,Day,ON,ON,ON,68.37
Meeting Hall,60,22.34,72.98,No,Day,OFF,ON,ON,60.41
Meeting Hall,19,34.44,59.17,Yes,Night,OFF,ON,OFF,36.83
Floor,84,32.62,42.2,Yes,Night,OFF,ON,ON,62.52
Meeting Hall,95,33.51,45.5,No,Day,OFF,OFF,ON,66.57
Corridor,55,33.61,37.29,Yes,Day,ON,ON,ON,54.14
Corridor,95,24.5,32.21,No,Day,OFF,OFF,ON,49.6
Office,1,32.63,55.49,No,Day,ON,ON,ON,53.09
Floor,65,33.12,31.59,Yes,Night,OFF,ON,ON,56.33
Office,31,27.31,79.6,Yes,Day,ON,ON,ON,55.71
Corridor,21,28.63,68.62,No,Night,OFF,ON,OFF,33.6
Office,89,27.82,68.89,Yes,Day,OFF,OFF,ON,53.38
Corridor,40,18.27,67.73,Yes,Day,ON,OFF,OFF,32.69
Office,9,27.1,62.06,No,Day,OFF,ON,ON,40.96
Meeting Hall,38,18.64,33.5,No,Day,OFF,OFF,OFF,43.52
Office,44,25.67,52.8,No,Day,ON,OFF,ON,57.09
Meeting Hall,4,18.78,43.95,Yes,Day,ON,OFF,ON,49.19
Meeting Hall,11,25.74,44.91,No,Day,ON,ON,OFF,51.54
Floor,31,23.18,48.54,No,Night,ON,ON,OFF,56.91
Meeting Hall,39,31.16,46.03,No,Day,ON,ON,ON,72.42
Meeting Hall,17,26.14,63.11,No,Night,ON,ON,ON,51.77
Office,73,26.71,30.37,No,Day,ON,ON,OFF,58.17
Corridor,63,33.36,48.31,No,Night,ON,ON,ON,57.3
Floor,86,26.2,77.22,Yes,Night,ON,OFF,OFF,62.15
Meeting Hall,0,20.66,42.89,No,Day,OFF,ON,OFF,37.47
Floor,52,19.91,61.07,No,Night,ON,OFF,ON,70.31
Office,41,23.2,58.02,No,Day,OFF,OFF,OFF,38.39
Meeting Hall,100,22.51,54.46,Yes,Night,ON,OFF,ON,62.79
Office,81,31.91,36.11,Yes,Day,ON,ON,OFF,63.55
Floor,93,30.9,71.79,No,Day,ON,ON,ON,85.02
Office,82,19.0,58.36,No,Day,OFF,ON,ON,52.11
Floor,37,21.42,56.93,No,Day,OFF,ON,OFF,50.39
Office,16,25.63,77.46,Yes,Day,OFF,OFF,ON,35.42
Floor,61,19.48,34.14,Yes,Night,ON,ON,OFF,56.53
Corridor,27,20.83,54.58,No,Night,OFF,ON,ON,33.8
Office,21,33.44,65.3,No,Day,ON,ON,ON,60.0
Office,45,27.2,69.86,No,Night,OFF,ON,ON,43.8
Corridor,37,31.54,30.04,No,Night,ON,OFF,OFF,41.13
Corridor,31,23.62,64.11,No,Day,ON,OFF,ON,50.41
Office,54,24.37,77.79,No,Day,ON,ON,OFF,53.33
Corridor,88,32.59,66.51,No,Day,OFF,ON,ON,61.33
Meeting Hall,8,29.17,50.95,No,Night,ON,OFF,ON,53.43
Floor,99,29.53,73.8,No,Night,ON,OFF,OFF,75.25
Floor,49,28.86,73.93,Yes,Day,ON,OFF,ON,70.43
Floor,36,27.2,64.41,No,Day,OFF,ON,ON,66.94
Meeting Hall,64,34.85,63.3,Yes,Night,ON,ON,OFF,62.97
Corridor,92,33.2,47.22,No,Night,OFF,ON,ON,54.62
Corridor,78,30.09,42.13,No,Night,OFF,OFF,OFF,36.65
Office,43,29.53,61.49,Yes,Day,OFF,OFF,OFF,39.32
Corridor,59,19.43,30.39,No,Day,OFF,ON,ON,45.94
Office,28,26.25,72.15,Yes,Day,OFF,ON,OFF,41.14
Meeting Hall,84,26.43,75.13,No,Day,ON,OFF,ON,73.12
Floor,62,18.88,38.2,No,Night,ON,OFF,OFF,57.08
Floor,75,30.85,58.63,Yes,Day,ON,OFF,ON,78.38
Floor,25,18.03,38.91,No,Night,ON,OFF,OFF,50.74
Corridor,44,25.23,54.73,Yes,Day,ON,ON,OFF,51.16
Office,94,33.36,61.92,Yes,Night,OFF,ON,ON,53.13
Office,34,23.79,49.53,No,Day,ON,OFF,ON,57.55
Meeting Hall,77,27.9,74.74,No,Day,OFF,OFF,ON,62.76
Corridor,6,23.24,74.56,Yes,Day,ON,ON,OFF,40.18
Meeting Hall,66,21.04,56.54,No,Day,ON,ON,OFF,60.78
Office,52,30.41,59.02,No,Night,ON,OFF,ON,49.51
Office,40,21.48,30.14,No,Day,ON,ON,OFF,54.42
Floor,3,19.23,46.9,Yes,Day,OFF,ON,ON,48.04
Corridor,1,25.4,68.04,No,Night,ON,OFF,ON,40.32
Office,34,30.05,79.7,No,Night,ON,OFF,ON,45.83
Floor,32,27.86,77.26,No,Day,OFF,OFF,ON,59.71
Corridor,100,22.15,34.73,No,Night,ON,ON,ON,61.14
Meeting Hall,49,31.9,50.86,No,Day,ON,ON,OFF,67.13
Corridor,12,19.65,32.73,Yes,Day,ON,ON,ON,43.15
Corridor,6,29.4,71.87,No,Day,ON,OFF,ON,45.91
Office,38,28.31,66.5,No,Day,ON,OFF,ON,56.98
Office,90,33.28,76.09,No,Day,OFF,ON,OFF,56.46
Corridor,48,26.96,55.09,No,Day,ON,ON,OFF,52.06
Office,2,31.92,35.16,No,Day,ON,ON,ON,52.01
Office,16,21.66,59.2,No,Night,ON,ON,OFF,30.02
Office,24,27.27,73.36,No,Day,ON,ON,ON,53.34
Floor,93,27.05,32.5,Yes,Night,OFF,OFF,ON,60.85
Floor,13,23.02,70.74,No,Night,ON,OFF,OFF,50.69
Corridor,92,18.09,61.18,No,Day,OFF,OFF,ON,51.83
Office,4,30.65,36.61,No,Day,ON,OFF,OFF,39.76
Floor,70,24.74,62.96,No,Day,OFF,ON,OFF,67.46
Corridor,82,23.1,33.1,No,Night,ON,OFF,ON,52.31
Office,32,21.3,38.72,No,Day,ON,ON,OFF,43.26
Meeting Hall,84,32.48,32.92,No,Day,ON,ON,ON,77.61
Office,50,23.68,59.22,No,Night,ON,ON,ON,54.49
Office,84,21.47,44.39,No,Day,ON,ON,OFF,58.58
Floor,16,26.9,44.42,No,Day,ON,ON,OFF,68.63
Corridor,86,31.29,62.32,Yes,Day,OFF,ON,ON,53.48
Corridor,60,28.24,35.5,Yes,Night,ON,ON,OFF,38.07
Floor,90,34.32,61.66,No,Night,ON,OFF,ON,78.79
Office,30,34.27,64.89,Yes,Day,OFF,ON,ON,45.87
Meeting Hall,14,33.34,72.87,No,Day,ON,ON,OFF,59.36
Office,39,27.61,63.57,Yes,Night,OFF,OFF,ON,34.05
Office,64,31.06,62.67,No,Night,ON,OFF,OFF,51.78
Meeting Hall,19,22.9,62.83,Yes,Night,ON,ON,OFF,39.64
Floor,33,27.78,32.06,No,Day,ON,ON,OFF,69.06
Corridor,64,19.13,52.09,No,Night,OFF,OFF,ON,37.12
Floor,31,22.48,57.56,No,Day,OFF,ON,OFF,56.5
Floor,21,23.53,63.25,No,Day,OFF,ON,OFF,45.87
Office,61,24.14,44.56,No,Night,ON,ON,ON,59.21
Corridor,92,20.74,63.9,No,Day,OFF,OFF,OFF,40.49
Corridor,44,19.42,49.79,Yes,Night,ON,ON,ON,45.1
Floor,10,27.83,65.77,No,Day,ON,ON,ON,65.02
Meeting Hall,32,26.35,39.25,No,Night,OFF,ON,ON,44.9
Floor,37,27.94,45.23,No,Day,ON,OFF,OFF,64.75
Meeting Hall,64,20.2,77.48,Yes,Day,ON,OFF,ON,59.61
Corridor,62,34.11,67.9,No,Day,ON,OFF,ON,60.55
Floor,37,25.03,74.93,Yes,Day,OFF,ON,ON,54.89
Office,72,25.64,40.01,No,Night,ON,OFF,ON,56.54
Floor,12,27.3,77.14,No,Day,ON,ON,ON,70.05
Corridor,47,29.73,67.21,Yes,Day,OFF,ON,OFF,44.3
Office,23,24.54,59.53,No,Day,ON,OFF,ON,54.92
Office,35,20.43,30.64,No,Night,ON,OFF,OFF,34.27
Meeting Hall,19,31.31,32.6,No,Day,ON,OFF,ON,59.39
Office,42,22.43,68.62,No,Day,OFF,OFF,ON,45.54
Office,56,25.53,63.45,No,Day,ON,ON,OFF,56.63
Floor,64,28.75,40.68,Yes,Night,ON,ON,ON,66.69
Corridor,59,34.41,52.06,No,Day,ON,ON,ON,63.65
Meeting Hall,98,18.57,62.8,No,Day,ON,ON,OFF,65.12
Floor,42,26.82,30.76,No,Night,ON,OFF,ON,64.15
Office,83,33.91,63.86,Yes,Day,ON,ON,ON,69.28
Office,64,22.34,50.08,No,Day,ON,OFF,ON,53.45
Meeting Hall,45,19.91,34.74,Yes,Night,OFF,ON,ON,49.0
Corridor,61,28.15,38.18,No,Day,OFF,ON,ON,51.0
Meeting Hall,69,20.59,51.33,Yes,Day,OFF,ON,OFF,46.81
Floor,25,32.94,61.32,No,Day,OFF,OFF,ON,58.61
Meeting Hall,28,30.29,47.22,Yes,Night,ON,OFF,ON,54.42
Office,40,20.06,35.5,Yes,Day,ON,OFF,OFF,35.86
Floor,14,27.82,71.32,Yes,Day,OFF,OFF,ON,53.04
Office,100,18.46,55.01,No,Day,ON,OFF,ON,67.27
Corridor,18,32.37,44.15,Yes,Night,OFF,OFF,ON,23.91
Office,72,21.49,64.17,No,Day,ON,ON,ON,61.0
Office,58,30.44,46.81,No,Day,ON,ON,ON,64.13
Meeting Hall,80,19.81,48.09,No,Day,ON,ON,ON,71.11
Office,95,26.03,43.88,No,Day,ON,OFF,OFF,61.49
Floor,27,33.8,48.05,Yes,Night,ON,OFF,ON,57.94
Floor,14,19.27,43.12,No,Day,ON,OFF,OFF,54.51
Corridor,57,23.02,79.12,Yes,Night,ON,ON,ON,54.63
Floor,52,31.3,42.88,No,Day,ON,ON,ON,79.67
Meeting Hall,41,25.88,62.35,Yes,Night,ON,ON,ON,50.23
Corridor,27,29.06,39.61,No,Day,OFF,ON,ON,42.02
Floor,72,31.8,57.84,No,Day,ON,ON,ON,76.71
Meeting Hall,90,31.33,55.45,No,Night,ON,ON,OFF,66.28
Floor,18,24.72,57.69,Yes,Night,ON,OFF,OFF,45.21
Floor,70,25.32,47.82,No,Day,OFF,ON,ON,65.08
Office,88,27.71,73.54,Yes,Day,ON,OFF,ON,58.09
Floor,93,20.09,44.89,No,Day,OFF,OFF,ON,72.19
Floor,76,32.78,73.57,No,Night,ON,ON,OFF,73.61
Meeting Hall,1,19.59,50.32,No,Day,ON,ON,ON,51.11
Meeting Hall,17,21.14,62.61,No,Day,ON,OFF,ON,53.78
Office,39,34.06,30.5,No,Day,ON,OFF,ON,58.69
Floor,52,22.79,52.05,No,Night,ON,ON,ON,65.91
Office,7,22.15,62.48,No,Day,OFF,ON,ON,41.95
Floor,83,25.23,44.88,No,Day,ON,OFF,OFF,71.26
Corridor,8,30.31,46.07,No,Day,OFF,ON,ON,42.9
Corridor,76,24.23,49.85,Yes,Day,OFF,ON,ON,48.21
Office,20,32.87,43.45,No,Day,OFF,OFF,OFF,36.35
Office,91,20.54,60.15,No,Night,ON,OFF,ON,56.41
Office,43,20.01,32.46,Yes,Night,OFF,ON,OFF,25.9
Meeting Hall,59,19.32,71.56,No,Day,ON,OFF,ON,62.08
Meeting Hall,70,23.07,78.0,No,Night,ON,OFF,ON,60.82
Meeting Hall,30,21.39,38.28,Yes,Day,OFF,OFF,ON,41.77
Office,86,25.84,41.26,No,Day,ON,ON,ON,69.98
Floor,12,34.93,77.44,No,Night,OFF,ON,ON,60.16
Corridor,44,32.77,38.21,No,Day,ON,ON,ON,55.2
Office,99,33.21,35.32,No,Day,ON,ON,ON,74.67
Meeting Hall,1,32.12,69.66,No,Night,ON,OFF,OFF,46.59
Meeting Hall,33,22.62,63.88,Yes,Day,ON,OFF,ON,60.9
Office,68,21.85,63.99,No,Night,ON,OFF,ON,58.28
Office,65,30.45,41.33,No,Night,ON,ON,ON,58.83
Meeting Hall,61,28.18,48.8,No,Day,OFF,OFF,OFF,50.85
Floor,46,21.5,37.97,No,Day,OFF,ON,ON,61.75
Meeting Hall,97,34.44,38.08,No,Day,OFF,ON,ON,68.96
Meeting Hall,1,25.21,54.78,No,Day,OFF,ON,ON,48.99
Office,83,31.85,63.64,No,Day,ON,ON,OFF,60.79
Floor,71,19.25,46.04,No,Night,OFF,ON,OFF,55.17
Meeting Hall,86,18.6,53.77,No,Day,ON,ON,ON,71.58
Meeting Hall,36,25.75,47.42,No,Day,ON,ON,OFF,62.0
Corridor,79,20.03,75.74,No,Day,OFF,OFF,ON,45.65
Office,85,34.65,65.17,Yes,Day,ON,ON,ON,67.22
Corridor,62,31.8,61.26,No,Night,OFF,OFF,OFF,41.43
Corridor,55,25.72,66.52,No,Day,ON,ON,ON,51.64
Meeting Hall,45,34.65,43.4,No,Night,ON,ON,ON,68.8
Office,62,22.05,76.49,No,Day,ON,OFF,ON,53.05
Floor,7,29.54,39.97,No,Day,ON,ON,OFF,66.26
Meeting Hall,54,18.3,36.9,Yes,Day,OFF,ON,ON,49.13
Floor,42,24.33,75.3,No,Day,OFF,OFF,ON,59.28
Floor,89,19.35,43.0,No,Day,ON,ON,ON,83.87
Office,22,24.25,72.42,Yes,Day,ON,OFF,ON,49.09
Corridor,15,24.47,44.88,Yes,Night,ON,ON,ON,44.86
Office,84,24.38,44.72,No,Day,OFF,ON,OFF,59.63
Floor,51,25.05,77.89,No,Night,ON,OFF,ON,62.71
Meeting Hall,92,28.49,78.26,No,Day,OFF,ON,ON,69.75
Floor,53,21.22,78.09,No,Day,OFF,ON,OFF,59.06
Meeting Hall,83,21.98,36.86,No,Day,OFF,ON,ON,61.47
Meeting Hall,75,28.97,58.58,No,Day,ON,ON,ON,72.14
Office,36,25.93,31.82,No,Night,OFF,OFF,ON,29.32
Floor,89,20.75,64.32,Yes,Day,ON,OFF,OFF,66.86
Corridor,66,31.38,63.56,No,Day,OFF,OFF,ON,51.52
Floor,17,33.82,79.62,No,Day,OFF,ON,ON,62.35
Floor,58,25.91,73.89,No,Day,ON,OFF,ON,78.31
Corridor,0,28.44,40.91,No,Night,ON,ON,ON,45.09
Office,18,31.86,52.19,No,Day,OFF,OFF,ON,42.5
Floor,12,34.38,42.86,Yes,Night,OFF,OFF,OFF,39.08
Floor,32,34.48,32.39,Yes,Day,OFF,ON,ON,66.26
Meeting Hall,93,33.69,49.12,Yes,Night,ON,OFF,ON,66.17
Floor,21,31.87,35.39,Yes,Night,ON,OFF,OFF,48.16
Corridor,26,25.24,68.24,No,Day,OFF,OFF,ON,39.36
Meeting Hall,49,29.38,49.47,Yes,Day,ON,OFF,OFF,57.98
Office,76,30.98,31.56,Yes,Night,ON,OFF,ON,55.79
Meeting Hall,71,19.56,43.53,No,Day,ON,OFF,ON,64.76
Corridor,52,19.98,46.64,No,Night,ON,OFF,ON,43.91
Corridor,59,29.99,52.66,Yes,Day,ON,ON,ON,59.43
Meeting Hall,49,29.34,64.06,No,Day,ON,OFF,ON,64.14
Office,65,31.67,69.39,No,Night,ON,ON,ON,66.93
Meeting Hall,82,21.14,79.29,Yes,Day,OFF,OFF,ON,53.34
Office,23,33.92,72.71,No,Day,OFF,OFF,ON,45.88
Meeting Hall,68,22.05,52.88,No,Day,ON,ON,ON,68.3
Corridor,7,20.3,35.27,No,Day,ON,OFF,ON,44.14
Floor,19,23.51,63.2,No,Night,ON,OFF,ON,66.15
Floor,98,31.75,51.12,Yes,Night,OFF,ON,ON,71.23
Office,65,18.48,50.28,No,Night,OFF,ON,ON,41.52
Office,69,21.86,46.89,No,Day,OFF,ON,ON,53.46
Office,58,34.25,38.44,Yes,Day,OFF,OFF,ON,49.45
Corridor,79,18.29,34.44,No,Night,ON,ON,ON,51.57
Meeting Hall,46,22.73,70.94,No,Day,ON,OFF,ON,59.84
Corridor,35,23.54,39.25,No,Day,ON,ON,OFF,51.46
Floor,1,33.71,64.99,No,Night,OFF,ON,OFF,50.87
Office,63,32.47,66.34,No,Day,ON,ON,ON,72.5
Meeting Hall,77,25.82,45.37,No,Day,OFF,ON,ON,67.96
Floor,37,23.4,57.81,No,Day,OFF,ON,ON,69.01
Floor,25,34.06,65.57,Yes,Day,OFF,ON,ON,63.17
Floor,19,21.2,36.72,No,Day,ON,OFF,OFF,57.3
Corridor,92,26.11,38.47,Yes,Night,ON,ON,ON,55.46
Office,3,25.11,65.88,Yes,Day,OFF,OFF,OFF,27.25
Floor,83,33.9,43.99,No,Day,ON,ON,OFF,84.76
Office,87,30.85,35.36,No,Night,ON,ON,ON,59.84
Corridor,64,25.88,56.01,No,Day,OFF,ON,ON,53.3
Floor,88,28.32,70.32,No,Day,OFF,OFF,ON,68.72
Corridor,13,33.43,45.31,No,Day,ON,ON,ON,48.96
Corridor,34,32.13,43.03,No,Night,OFF,ON,ON,35.64
Office,84,28.46,40.39,No,Day,ON,OFF,OFF,61.39
Floor,99,33.56,53.83,No,Day,ON,OFF,OFF,74.23
Corridor,51,24.46,58.64,No,Day,ON,ON,OFF,49.21
Floor,22,30.46,36.73,No,Day,OFF,OFF,OFF,49.71
Office,19,18.27,70.07,No,Day,ON,OFF,ON,42.41
Corridor,89,27.91,56.5,No,Day,ON,OFF,ON,58.74
Office,26,20.33,58.14,Yes,Day,ON,ON,ON,50.05
Floor,40,26.91,35.88,No,Day,OFF,ON,ON,63.79
Floor,77,22.19,61.16,No,Day,OFF,OFF,ON,67.03
Office,35,24.47,63.92,No,Day,ON,ON,ON,61.99
Meeting Hall,3,31.47,50.19,No,Day,ON,OFF,ON,52.28
Corridor,25,19.0,59.96,No,Night,ON,ON,ON,49.65
Floor,39,27.14,41.67,No,Night,ON,ON,ON,64.43
Floor,79,20.46,61.96,No,Night,OFF,OFF,ON,57.92
Corridor,83,27.75,56.65,No,Day,ON,ON,ON,63.88
Office,87,28.77,59.14,No,Day,OFF,ON,ON,58.6
Office,73,21.1,42.59,No,Day,ON,OFF,OFF,46.8
Office,65,18.1,69.46,No,Day,ON,ON,ON,59.73
Meeting Hall,72,19.45,71.3,Yes,Day,ON,OFF,OFF,56.64
Meeting Hall,81,29.72,35.24,No,Day,ON,ON,ON,74.58
Floor,93,24.46,73.38,Yes,Day,OFF,ON,ON,68.88
Office,2,24.34,68.79,No,Day,OFF,ON,OFF,36.2
Corridor,63,29.76,57.66,No,Day,ON,OFF,OFF,51.61
Floor,28,26.45,32.75,No,Day,ON,ON,ON,74.48
Corridor,53,28.83,56.16,No,Day,ON,ON,ON,61.1
Floor,6,33.63,53.43,No,Day,ON,OFF,OFF,62.43
Meeting Hall,24,26.62,41.17,Yes,Night,OFF,OFF,ON,42.58
Floor,23,28.85,71.68,No,Day,OFF,OFF,OFF,53.07
Meeting Hall,42,28.88,46.03,No,Day,ON,ON,OFF,61.33
Floor,5,27.09,59.01,No,Night,ON,ON,ON,62.65
Office,14,29.3,52.53,No,Day,ON,OFF,OFF,45.74
Corridor,78,32.18,73.92,No,Day,OFF,OFF,ON,49.98
Office,39,31.73,55.05,No,Day,ON,OFF,OFF,51.23
Floor,90,18.97,43.9,No,Day,ON,OFF,OFF,67.86
Floor,60,34.18,66.11,No,Day,ON,OFF,ON,80.31
Floor,20,32.4,68.37,Yes,Day,ON,ON,ON,65.98
Meeting Hall,57,34.5,76.73,No,Day,ON,OFF,OFF,65.58
Corridor,95,21.3,67.31,No,Night,OFF,OFF,ON,36.52
Corridor,31,27.12,32.48,No,Day,OFF,OFF,ON,39.08
Floor,11,25.48,71.45,Yes,Day,ON,OFF,OFF,57.43
Floor,8,24.41,54.12,No,Day,ON,ON,ON,65.4
Meeting Hall,19,24.91,37.31,No,Day,OFF,OFF,ON,49.02
Office,14,33.36,78.92,Yes,Night,OFF,ON,ON,37.41
Office,76,29.87,62.5,No,Day,ON,ON,ON,72.61
Corridor,7,23.52,74.62,No,Night,OFF,ON,OFF,33.69
Meeting Hall,20,24.44,38.88,Yes,Day,OFF,OFF,ON,47.63
Floor,44,25.96,68.82,Yes,Night,ON,OFF,OFF,53.91
Corridor,88,24.24,59.83,No,Day,ON,OFF,ON,60.81
Meeting Hall,98,21.57,49.32,Yes,Day,OFF,ON,OFF,52.11
Office,39,25.4,40.68,No,Night,OFF,ON,ON,44.06
Meeting Hall,93,19.35,47.04,No,Night,ON,OFF,ON,65.94
Office,94,32.53,56.7,No,Day,ON,ON,OFF,65.13
Meeting Hall,5,32.02,66.65,Yes,Night,ON,ON,ON,52.58
Corridor,10,33.16,51.8,Yes,Day,OFF,OFF,ON,32.28
Office,63,25.58,49.63,Yes,Day,ON,ON,ON,53.32
Corridor,41,29.07,30.43,Yes,Day,ON,ON,OFF,51.12
Corridor,58,31.77,77.47,No,Night,OFF,ON,ON,41.94
Office,7,23.35,68.54,Yes,Night,ON,OFF,ON,40.47
Office,71,28.77,79.79,No,Day,OFF,OFF,ON,52.36
Floor,54,25.45,76.02,No,Day,ON,OFF,ON,72.63
Floor,38,24.35,73.15,No,Day,ON,OFF,ON,70.92
Floor,50,32.61,32.9,Yes,Day,ON,ON,OFF,68.24
Corridor,54,28.61,60.78,Yes,Day,OFF,OFF,OFF,38.04
Corridor,75,28.6,41.27,Yes,Day,OFF,ON,OFF,39.8
Floor,2,20.67,74.08,No,Day,ON,ON,OFF,58.29
Corridor,42,23.9,70.99,No,Day,OFF,ON,OFF,40.38
Corridor,44,32.3,38.52,No,Day,OFF,OFF,OFF,38.47
Office,79,21.63,69.32,No,Night,ON,OFF,OFF,46.89
Office,90,34.5,79.35,No,Day,ON,ON,OFF,71.79
Corridor,15,32.14,47.88,No,Day,ON,ON,ON,54.31
Floor,4,22.55,48.26,No,Day,ON,OFF,ON,58.73
Meeting Hall,39,19.84,31.26,Yes,Day,ON,ON,ON,54.96
Floor,75,20.88,66.35,Yes,Day,ON,OFF,ON,64.33
Meeting Hall,66,22.12,71.34,No,Day,ON,ON,ON,68.94
Floor,98,22.04,32.33,No,Night,ON,ON,OFF,69.35
Office,44,18.28,77.26,No,Day,ON,ON,OFF,45.65
Corridor,2,30.16,33.67,No,Day,ON,ON,ON,50.2
Corridor,30,34.61,58.44,No,Day,ON,OFF,ON,52.07
Office,23,22.87,76.37,No,Day,ON,OFF,OFF,41.89
Meeting Hall,28,18.28,76.42,No,Night,OFF,ON,ON,41.3
Meeting Hall,54,33.61,36.66,No,Night,ON,OFF,ON,59.27
Meeting Hall,32,21.51,78.57,No,Day,ON,OFF,OFF,47.45
Office,50,18.12,43.52,No,Day,ON,ON,ON,57.25
Meeting Hall,79,21.81,47.08,No,Night,ON,ON,ON,66.15
Office,96,19.77,63.76,No,Day,OFF,OFF,ON,54.85
Floor,73,30.34,35.6,No,Night,ON,ON,OFF,65.59
Floor,29,18.03,56.71,No,Night,ON,ON,OFF,53.27
Office,97,25.5,70.8,No,Day,ON,OFF,ON,64.06
Corridor,60,26.36,54.81,No,Night,ON,OFF,OFF,49.44
Floor,59,31.33,33.05,Yes,Night,ON,ON,OFF,60.35
Meeting Hall,34,26.88,70.25,No,Night,ON,ON,OFF,60.18
Office,6,20.12,42.01,Yes,Day,ON,ON,OFF,35.7
Meeting Hall,5,25.25,70.28,No,Day,OFF,ON,OFF,43.6
Meeting Hall,14,33.89,76.91,No,Day,ON,ON,ON,65.77
Corridor,95,22.03,67.74,No,Day,ON,ON,ON,65.45
Meeting Hall,65,23.09,31.66,Yes,Day,ON,ON,ON,66.87
Corridor,95,32.85,62.98,No,Day,OFF,OFF,ON,55.35
Floor,91,31.36,43.61,No,Day,ON,ON,OFF,84.9
Office,84,23.02,39.95,No,Day,ON,ON,ON,63.33
Meeting Hall,16,30.04,68.04,Yes,Day,ON,ON,ON,57.2
Office,18,19.45,44.48,No,Day,ON,ON,ON,47.6
Meeting Hall,13,27.23,37.18,No,Night,ON,ON,ON,50.22
Office,48,32.81,38.55,Yes,Day,OFF,ON,ON,51.56
Meeting Hall,50,32.32,63.86,No,Day,ON,ON,OFF,66.05
Meeting Hall,33,21.45,52.87,No,Night,OFF,ON,OFF,41.19
Meeting Hall,83,27.06,40.43,No,Day,ON,OFF,OFF,59.17
Meeting Hall,20,24.77,33.98,No,Day,OFF,ON,ON,52.35
Meeting Hall,47,27.53,76.86,No,Night,ON,ON,OFF,61.81
Meeting Hall,66,19.28,79.88,No,Night,ON,ON,ON,61.73
Meeting Hall,57,34.68,49.71,No,Day,OFF,OFF,ON,56.49
Meeting Hall,77,27.58,42.43,No,Night,ON,OFF,ON,60.38
Meeting Hall,20,20.03,32.09,Yes,Night,OFF,ON,OFF,27.78
Office,26,28.92,45.36,No,Day,ON,ON,ON,54.06
Corridor,70,18.13,59.14,No,Day,OFF,ON,ON,52.65
Meeting Hall,28,18.11,56.22,No,Day,ON,ON,OFF,61.06
Corridor,8,21.05,50.56,No,Day,OFF,ON,ON,35.83
Meeting Hall,78,22.61,48.1,No,Day,ON,ON,ON,71.05
Meeting Hall,43,22.47,78.91,No,Night,ON,ON,ON,57.97
Office,27,25.53,55.01,Yes,Day,OFF,ON,OFF,31.13
Floor,37,26.72,30.44,No,Day,OFF,ON,ON,60.81
Floor,14,25.18,64.96,No,Day,ON,OFF,OFF,58.25
Office,14,24.36,59.16,No,Day,ON,ON,OFF,39.87
Corridor,29,29.39,37.91,Yes,Day,ON,OFF,OFF,35.48
Floor,31,22.22,65.42,No,Day,ON,ON,ON,72.65
Office,39,28.67,30.99,Yes,Day,ON,ON,ON,57.01
Office,75,34.26,66.27,Yes,Night,OFF,OFF,ON,46.72
Floor,83,26.02,37.47,Yes,Day,ON,ON,OFF,70.26
Corridor,90,26.69,79.23,No,Day,ON,ON,OFF,59.17
Office,1,30.38,55.57,No,Day,OFF,ON,OFF,34.89
Meeting Hall,21,26.63,30.53,No,Day,ON,ON,OFF,54.15
Corridor,25,20.45,71.9,No,Day,ON,ON,OFF,40.95
Corridor,39,28.38,71.24,No,Day,OFF,ON,OFF,43.04
Floor,7,26.65,68.17,No,Night,OFF,ON,ON,53.77
Floor,35,34.18,56.9,No,Day,OFF,ON,ON,70.73
Meeting Hall,25,19.58,40.92,No,Day,OFF,ON,OFF,47.35
Office,100,27.12,62.0,No,Day,ON,ON,OFF,57.01
Floor,80,28.49,72.4,No,Night,ON,OFF,ON,76.73
Floor,6,28.54,54.65,No,Day,OFF,ON,ON,59.14
Corridor,0,19.01,33.36,No,Night,ON,OFF,ON,29.21
Floor,90,23.57,78.76,No,Day,ON,OFF,ON,77.74
Floor,89,22.46,63.84,Yes,Day,OFF,ON,OFF,61.02
Floor,31,29.56,79.09,No,Night,OFF,ON,ON,54.66
Floor,77,30.5,39.35,No,Night,ON,ON,ON,74.62
Corridor,82,21.56,40.17,No,Day,OFF,ON,OFF,44.03
Meeting Hall,8,32.04,35.02,No,Day,OFF,OFF,ON,42.66
Meeting Hall,58,26.25,40.52,No,Day,OFF,ON,ON,59.6
Office,43,22.47,35.42,No,Day,OFF,ON,ON,50.3
Floor,64,23.1,43.65,No,Night,ON,ON,ON,68.79
Corridor,20,22.48,59.02,Yes,Day,OFF,OFF,ON,32.64
Office,19,28.28,70.99,No,Day,OFF,ON,OFF,39.03
Office,48,26.96,34.82,No,Night,OFF,OFF,ON,40.52
Meeting Hall,96,33.96,37.88,Yes,Day,OFF,OFF,OFF,58.82
Corridor,32,22.65,44.49,No,Day,ON,ON,ON,50.94
Corridor,17,23.43,47.17,No,Night,ON,ON,OFF,35.5
Corridor,40,18.11,74.46,No,Day,ON,ON,ON,55.2
Meeting Hall,16,23.07,41.34,Yes,Day,OFF,ON,ON,44.31
Meeting Hall,12,22.26,36.4,No,Day,OFF,OFF,OFF,31.37
Meeting Hall,42,24.83,73.69,No,Day,ON,ON,ON,65.83
Meeting Hall,72,26.43,74.13,No,Day,ON,ON,ON,73.22
Meeting Hall,64,29.39,69.26,No,Day,OFF,ON,OFF,54.9
Floor,22,21.26,49.07,Yes,Night,ON,ON,OFF,50.32
Floor,39,27.46,75.64,No,Night,ON,ON,OFF,65.54
Corridor,33,30.39,51.97,Yes,Night,ON,ON,OFF,37.32
Office,35,22.1,69.58,Yes,Day,OFF,ON,OFF,34.72
Corridor,49,23.97,51.75,No,Night,OFF,ON,OFF,34.1
Office,77,21.49,54.09,No,Day,ON,ON,ON,64.21
Meeting Hall,84,19.89,73.01,No,Day,ON,ON,ON,71.61
Office,84,30.86,30.05,Yes,Night,ON,ON,ON,54.98
Corridor,91,22.08,43.7,No,Day,OFF,ON,ON,51.47
Corridor,95,24.25,62.19,No,Day,OFF,ON,ON,63.47
Office,29,22.21,76.1,No,Night,ON,ON,OFF,39.13
Floor,39,18.75,30.63,No,Day,ON,ON,ON,66.75
Meeting Hall,11,30.39,53.21,No,Day,OFF,ON,ON,53.44
Meeting Hall,92,28.94,55.82,No,Day,ON,ON,ON,86.52
Corridor,0,26.09,79.97,Yes,Night,ON,ON,ON,37.99
Floor,89,29.46,64.86,No,Day,OFF,ON,OFF,70.5
Office,15,32.39,36.32,No,Day,OFF,ON,ON,42.37
Meeting Hall,81,28.51,57.77,No,Day,OFF,ON,OFF,56.23
Floor,96,33.42,37.7,No,Day,ON,ON,ON,88.14
Meeting Hall,49,21.43,66.31,No,Night,ON,OFF,OFF,50.77
Floor,42,33.02,48.17,Yes,Day,ON,ON,ON,71.49
Floor,86,27.21,63.05,Yes,Day,ON,ON,ON,77.65
Corridor,59,32.31,74.73,No,Day,ON,ON,OFF,53.17
Meeting Hall,4,30.64,69.58,No,Night,ON,ON,ON,57.51
Office,20,18.98,69.84,No,Day,OFF,ON,ON,43.23
Corridor,64,32.24,44.03,No,Day,ON,ON,OFF,60.06
Corridor,94,23.73,59.55,No,Day,ON,ON,ON,65.78
Office,81,25.19,39.38,No,Day,ON,OFF,ON,64.22
Corridor,20,18.19,41.05,No,Night,ON,ON,ON,38.95
Floor,70,30.9,65.39,No,Night,ON,OFF,ON,69.96
Floor,64,25.94,50.34,Yes,Night,OFF,OFF,OFF,46.08
Meeting Hall,22,33.97,74.43,No,Night,ON,OFF,OFF,48.54
Meeting Hall,90,22.78,54.36,No,Night,OFF,OFF,ON,54.75
Office,59,26.43,33.45,No,Day,ON,ON,OFF,50.99
Meeting Hall,1,24.99,50.74,Yes,Night,ON,ON,ON,46.05
Floor,33,31.47,36.7,No,Day,ON,ON,ON,69.02
Office,56,27.11,79.72,No,Day,ON,ON,OFF,61.4
Office,15,25.82,31.19,No,Day,OFF,ON,ON,44.34
Meeting Hall,73,34.1,58.09,No,Night,OFF,OFF,ON,53.1
Floor,83,24.43,48.22,No,Day,ON,ON,OFF,76.14
Office,47,26.33,60.34,No,Night,ON,ON,OFF,48.77
Floor,100,27.42,56.95,Yes,Day,ON,OFF,ON,74.06
Floor,24,18.92,75.9,No,Day,OFF,ON,ON,58.46
Floor,67,26.95,39.12,No,Day,ON,ON,ON,80.51
Meeting Hall,31,23.71,35.98,No,Day,OFF,ON,ON,52.94
Corridor,44,29.05,73.52,No,Day,ON,OFF,OFF,51.38
Corridor,91,28.94,76.59,Yes,Day,ON,ON,OFF,56.09
Office,39,30.09,47.76,Yes,Night,ON,OFF,OFF,41.39
Floor,12,24.79,77.81,No,Day,ON,ON,OFF,66.9
Meeting Hall,4,19.78,47.14,No,Day,ON,OFF,ON,50.86
Floor,16,25.47,59.22,No,Day,ON,ON,ON,68.36
Floor,70,27.39,63.34,No,Day,ON,OFF,OFF,71.05
Meeting Hall,9,18.42,79.7,No,Day,ON,OFF,OFF,43.86
Corridor,90,27.31,38.52,No,Day,ON,ON,ON,67.29
Floor,58,24.79,44.73,No,Day,ON,ON,ON,75.09
Floor,34,26.13,57.31,No,Day,ON,ON,ON,74.03
Corridor,22,23.16,40.73,No,Night,ON,ON,OFF,40.19
Meeting Hall,55,26.37,59.0,No,Night,ON,OFF,ON,57.99
Office,15,32.99,68.91,No,Day,ON,ON,OFF,54.04
Corridor,51,31.39,73.96,No,Day,ON,OFF,ON,54.05
Office,26,28.47,46.81,No,Day,OFF,OFF,OFF,36.24
Office,14,28.65,38.63,No,Day,ON,ON,ON,55.48
Corridor,61,33.22,64.29,No,Night,OFF,ON,OFF,37.41
Floor,5,26.15,64.33,Yes,Day,ON,ON,ON,67.59
Office,23,27.17,51.89,No,Day,OFF,ON,ON,48.14
Office,86,32.62,59.68,No,Day,OFF,ON,ON,59.73
Meeting Hall,4,30.83,69.93,No,Night,OFF,ON,ON,44.65
Floor,70,25.36,66.66,Yes,Night,OFF,OFF,OFF,48.96
Office,85,23.19,63.65,Yes,Night,ON,ON,OFF,48.58
Meeting Hall,92,26.8,63.09,Yes,Day,ON,ON,ON,67.83
Floor,52,20.05,66.21,No,Day,ON,ON,ON,71.87
Corridor,30,29.57,60.37,Yes,Day,ON,OFF,OFF,43.91
Corridor,34,25.9,34.22,No,Day,ON,ON,OFF,47.79
Meeting Hall,97,28.11,59.14,Yes,Day,ON,ON,ON,77.06
Corridor,18,32.39,74.48,Yes,Day,ON,OFF,ON,44.56
Office,33,24.06,31.88,Yes,Day,ON,OFF,ON,49.76
Floor,93,26.45,49.95,Yes,Night,ON,OFF,ON,71.27
Office,82,27.45,49.65,No,Day,ON,OFF,OFF,55.6
Office,81,22.76,42.7,No,Day,OFF,ON,ON,55.14
Corridor,0,22.67,58.73,No,Day,ON,OFF,ON,40.27
Office,40,26.95,38.53,Yes,Day,ON,ON,ON,56.02
Corridor,52,22.37,75.82,No,Day,ON,ON,OFF,56.34
Floor,79,32.64,37.78,No,Day,OFF,OFF,ON,70.65
Floor,63,34.91,78.25,No,Day,ON,ON,ON,81.38
Office,39,21.58,30.58,Yes,Day,OFF,ON,OFF,34.15
Meeting Hall,61,27.78,54.4,No,Day,ON,ON,ON,78.08
Corridor,54,20.47,31.81,No,Day,ON,ON,OFF,44.71
Corridor,91,21.15,73.86,No,Day,OFF,ON,OFF,46.4
Office,10,31.02,69.94,No,Day,OFF,OFF,OFF,36.39
Corridor,51,21.39,41.25,Yes,Day,ON,OFF,ON,51.33
Corridor,95,30.73,36.9,No,Night,ON,ON,ON,56.99
Meeting Hall,25,24.87,40.6,Yes,Day,OFF,OFF,OFF,34.81
Meeting Hall,73,26.15,33.92,No,Day,ON,ON,ON,65.64
Office,86,22.41,41.85,Yes,Night,ON,ON,ON,53.32
Meeting Hall,47,27.33,33.41,No,Night,ON,OFF,ON,52.49
Office,44,23.64,72.63,Yes,Night,ON,OFF,OFF,41.41
Floor,32,20.97,72.65,No,Day,OFF,ON,ON,56.08
Office,63,20.36,57.45,No,Day,ON,ON,ON,64.92
Floor,77,34.99,75.99,No,Day,OFF,ON,OFF,74.81
Office,8,23.88,47.51,No,Day,ON,OFF,ON,45.59
Corridor,77,31.68,38.94,No,Night,ON,ON,ON,50.63
Meeting Hall,99,23.8,45.22,No,Day,ON,ON,ON,77.45
Floor,1,28.59,36.18,Yes,Night,OFF,OFF,ON,44.83
Office,74,32.3,71.12,No,Day,OFF,ON,ON,55.61
Meeting Hall,13,29.83,68.02,Yes,Day,OFF,OFF,OFF,36.78
Office,35,19.17,39.49,No,Night,ON,OFF,ON,43.21
Meeting Hall,34,21.28,57.28,Yes,Night,OFF,ON,OFF,33.71
Meeting Hall,63,32.85,44.03,No,Night,OFF,ON,ON,62.06
Office,24,26.01,36.56,No,Night,ON,ON,ON,47.54
Floor,96,28.17,42.27,No,Day,ON,OFF,OFF,76.75
Floor,8,18.42,59.99,No,Day,ON,ON,OFF,60.56
Corridor,76,26.28,62.53,Yes,Night,ON,OFF,ON,43.24
Meeting Hall,42,25.32,39.34,No,Day,OFF,ON,ON,55.89
Corridor,9,29.67,68.69,No,Day,ON,ON,ON,50.43
Corridor,56,22.67,58.75,No,Day,ON,ON,ON,55.38
Office,32,30.65,51.46,No,Day,ON,ON,ON,57.92
Office,8,29.41,62.31,No,Day,ON,ON,ON,54.05
Office,53,26.67,46.66,Yes,Night,OFF,ON,OFF,32.34
Meeting Hall,12,24.39,43.19,No,Day,ON,ON,ON,58.75
Office,23,23.13,76.32,Yes,Day,ON,ON,ON,47.73
Office,61,27.1,74.96,Yes,Night,OFF,ON,ON,46.52
Meeting Hall,39,27.81,53.76,Yes,Day,OFF,ON,ON,51.65
Meeting Hall,58,25.62,60.19,No,Night,ON,ON,OFF,59.15
Floor,55,23.45,62.85,Yes,Day,ON,ON,OFF,69.88
Office,63,32.96,62.78,No,Night,ON,OFF,OFF,55.51
Office,59,23.27,56.41,No,Day,OFF,ON,OFF,45.04
Office,80,29.43,45.64,No,Day,OFF,OFF,ON,48.09
Floor,96,33.38,74.48,No,Night,ON,ON,OFF,77.75
Office,22,29.0,58.1,No,Night,OFF,OFF,ON,35.93
Floor,26,24.22,75.36,No,Day,ON,ON,ON,70.68
Corridor,60,23.05,71.42,Yes,Night,ON,ON,ON,49.33
Floor,43,32.51,62.48,No,Day,ON,ON,ON,80.04
Corridor,56,26.33,65.53,No,Night,ON,ON,ON,52.96
Office,42,28.09,75.56,No,Day,ON,ON,OFF,54.52
Corridor,61,28.14,61.56,No,Day,OFF,OFF,ON,49.87
Floor,25,27.07,53.42,No,Day,ON,ON,OFF,68.88
Meeting Hall,87,33.83,52.11,No,Day,OFF,ON,OFF,67.89
Corridor,74,33.83,78.99,Yes,Day,OFF,OFF,OFF,45.86
Corridor,92,18.69,67.58,No,Day,OFF,ON,OFF,44.97
Office,63,26.6,63.56,No,Day,ON,ON,OFF,65.94
Floor,68,27.61,34.8,Yes,Day,ON,ON,ON,72.81
Corridor,23,33.73,59.4,Yes,Day,ON,ON,ON,52.63
Corridor,72,19.18,39.44,Yes,Night,ON,ON,OFF,46.58
Corridor,73,31.41,49.49,No,Day,OFF,ON,OFF,49.48
Corridor,10,28.92,57.87,Yes,Night,ON,ON,OFF,43.13
Meeting Hall,94,30.45,30.4,No,Night,ON,ON,OFF,63.58
Floor,66,22.96,73.11,No,Day,ON,ON,ON,76.69
Office,88,30.69,51.93,No,Night,OFF,OFF,OFF,44.75
Office,52,22.81,61.13,No,Day,ON,OFF,OFF,47.8
Meeting Hall,42,29.49,40.1,No,Day,ON,ON,ON,71.23
Floor,26,31.38,65.06,No,Day,OFF,ON,ON,62.16
Corridor,0,31.32,45.5,Yes,Day,ON,ON,OFF,41.96
Meeting Hall,48,27.25,55.81,No,Night,ON,ON,ON,62.85
Floor,47,25.03,46.16,No,Day,ON,ON,OFF,70.07
Corridor,79,22.14,62.23,No,Day,ON,ON,ON,65.1
Meeting Hall,98,18.57,72.52,No,Night,ON,ON,ON,65.63
Floor,78,18.83,62.05,Yes,Day,ON,OFF,ON,70.74
Office,97,25.11,38.91,No,Day,OFF,OFF,OFF,48.15
Office,52,19.61,42.48,Yes,Day,OFF,OFF,ON,43.49
Floor,10,19.9,56.14,No,Night,OFF,ON,ON,49.05
Office,8,21.31,43.56,No,Night,ON,OFF,OFF,38.34
Floor,60,26.18,39.77,No,Day,ON,ON,ON,81.83
Corridor,87,28.06,32.33,Yes,Day,OFF,ON,ON,47.64
Floor,100,29.8,35.21,No,Day,ON,OFF,OFF,76.5
Corridor,98,26.27,58.24,No,Day,OFF,OFF,ON,54.33
Meeting Hall,21,29.3,39.73,Yes,Night,ON,OFF,OFF,41.48
Floor,70,32.66,54.92,No,Day,OFF,ON,ON,71.45
Meeting Hall,43,24.36,62.09,No,Day,OFF,ON,OFF,49.42
Office,29,29.7,42.51,No,Night,ON,OFF,ON,48.73
Corridor,59,29.19,77.48,No,Night,ON,OFF,OFF,47.99
Floor,92,28.82,42.83,No,Day,ON,OFF,ON,78.02
Meeting Hall,54,27.92,38.11,No,Day,ON,ON,ON,64.29
Corridor,38,30.34,52.84,No,Day,ON,ON,OFF,47.94
Corridor,40,31.92,52.11,No,Day,OFF,ON,OFF,42.48
Office,8,24.67,72.92,No,Day,ON,OFF,OFF,43.27
Office,0,29.13,32.37,Yes,Day,ON,ON,ON,47.94
Corridor,2,22.22,43.62,Yes,Night,ON,ON,ON,33.68
Corridor,68,30.85,73.95,Yes,Night,ON,OFF,ON,49.16
Floor,10,32.97,67.94,No,Day,ON,ON,ON,67.47
Corridor,3,30.95,30.19,No,Day,OFF,OFF,ON,34.77
Floor,32,26.35,56.39,No,Night,OFF,OFF,OFF,47.53
Corridor,32,20.27,42.24,Yes,Night,ON,ON,ON,39.03
Office,44,32.84,79.41,No,Night,ON,ON,ON,52.29
Floor,19,31.85,79.18,No,Day,OFF,OFF,ON,65.05
Meeting Hall,36,29.87,76.37,No,Day,ON,ON,OFF,59.3
Office,83,32.48,30.5,No,Night,ON,ON,ON,62.99
Floor,97,27.06,75.25,No,Day,ON,ON,ON,87.86
Floor,20,34.84,46.33,Yes,Day,ON,ON,OFF,68.32
Meeting Hall,57,32.23,62.1,Yes,Day,ON,ON,ON,68.37
Floor,50,20.78,52.46,Yes,Night,OFF,ON,ON,53.14
Corridor,70,24.84,47.73,No,Day,ON,ON,ON,59.38
Meeting Hall,15,20.89,44.35,No,Night,OFF,ON,ON,39.27
Office,95,21.81,51.39,No,Day,ON,ON,ON,67.1
Office,35,26.52,44.85,No,Night,OFF,ON,ON,43.93
Corridor,49,24.14,76.3,No,Day,ON,OFF,ON,56.52
Office,74,33.47,51.85,Yes,Day,ON,ON,ON,63.08
Floor,47,18.0,77.23,Yes,Night,OFF,OFF,ON,48.46
Floor,28,18.18,48.57,No,Night,OFF,ON,ON,50.81
Corridor,41,33.65,43.0,No,Night,ON,ON,ON,51.72
Office,97,22.06,70.46,No,Day,OFF,OFF,ON,51.12
Office,58,18.04,56.02,No,Day,ON,ON,ON,59.27
Corridor,54,25.44,38.14,Yes,Day,OFF,ON,OFF,38.79
Meeting Hall,73,21.33,76.4,No,Day,OFF,ON,ON,60.36
Office,66,18.91,78.11,No,Night,ON,ON,OFF,47.7
Meeting Hall,21,27.02,64.41,Yes,Day,ON,ON,OFF,58.7
Office,95,20.38,78.59,No,Day,ON,ON,OFF,61.02
Office,83,32.23,63.71,No,Day,OFF,ON,OFF,58.02
Office,1,23.14,61.16,Yes,Day,ON,OFF,ON,41.06
Office,7,21.77,71.3,No,Night,ON,OFF,ON,40.1
Floor,40,30.58,33.39,No,Day,ON,ON,OFF,68.31
Meeting Hall,88,32.43,52.14,No,Day,OFF,OFF,ON,64.35
Meeting Hall,10,19.58,51.52,No,Night,ON,ON,ON,46.02
Office,23,20.58,61.04,No,Day,OFF,ON,ON,45.35
Office,25,26.07,47.36,No,Day,OFF,OFF,OFF,33.89
Meeting Hall,34,28.03,52.67,Yes,Day,ON,ON,ON,57.69
Floor,4,19.42,72.47,No,Day,ON,ON,OFF,61.17
Corridor,14,24.38,77.4,No,Day,OFF,ON,ON,45.76
Corridor,13,33.26,54.21,No,Day,ON,ON,ON,54.0
Meeting Hall,36,32.89,65.26,No,Day,OFF,ON,ON,59.85
Office,17,23.29,57.37,No,Day,OFF,OFF,ON,41.82
Office,75,21.87,73.38,Yes,Day,OFF,ON,OFF,42.09
Floor,66,27.91,43.09,No,Day,ON,ON,ON,80.04
Corridor,45,19.63,73.17,No,Night,ON,ON,ON,51.53
Floor,96,21.97,55.75,Yes,Day,OFF,OFF,ON,65.25
Corridor,67,20.83,52.81,No,Night,ON,ON,ON,50.58
Meeting Hall,56,21.53,77.6,Yes,Day,OFF,ON,ON,54.2
Corridor,39,21.65,45.25,No,Day,ON,OFF,OFF,40.52
Floor,89,28.67,34.12,No,Day,ON,ON,OFF,82.7
Floor,84,26.3,63.59,Yes,Night,ON,ON,ON,75.07
Floor,44,32.66,43.15,No,Day,OFF,ON,ON,69.03
Meeting Hall,15,30.51,62.09,No,Day,ON,ON,OFF,57.88
Corridor,61,26.48,32.8,No,Night,ON,ON,ON,51.62
Corridor,22,23.23,58.11,Yes,Night,OFF,ON,ON,28.06
Floor,87,32.14,41.86,Yes,Day,OFF,ON,ON,68.89
Corridor,72,19.35,33.76,No,Night,OFF,OFF,ON,40.23
Office,82,29.58,32.78,Yes,Night,ON,ON,ON,59.58
Office,90,19.92,77.88,No,Day,OFF,ON,ON,53.98
Office,94,27.06,43.27,No,Day,ON,OFF,OFF,58.94
Corridor,50,33.33,59.09,No,Day,OFF,ON,ON,50.91
Meeting Hall,0,22.05,54.23,No,Day,OFF,ON,ON,47.66
Meeting Hall,76,19.34,48.15,No,Night,ON,ON,ON,65.35
Meeting Hall,44,23.77,57.13,No,Day,ON,ON,ON,63.0
Meeting Hall,3,26.13,57.98,No,Day,OFF,ON,OFF,40.43
Office,54,30.32,71.86,No,Night,ON,ON,OFF,50.07
Office,88,18.51,49.31,No,Day,OFF,OFF,ON,49.65
Floor,9,20.23,47.64,No,Night,ON,ON,ON,51.49
Corridor,86,24.98,63.96,Yes,Night,OFF,ON,ON,37.36
Corridor,29,19.62,48.59,No,Night,ON,ON,OFF,37.41
Meeting Hall,13,34.25,55.55,No,Night,ON,OFF,OFF,48.2
Office,95,26.69,38.66,No,Day,ON,ON,OFF,63.2
Meeting Hall,29,24.41,44.19,No,Day,ON,OFF,OFF,55.68
Floor,4,34.66,40.06,Yes,Day,ON,OFF,ON,57.17
Corridor,14,28.98,72.03,No,Day,ON,ON,ON,58.05
Corridor,16,26.77,69.9,No,Day,ON,ON,ON,51.73
Meeting Hall,47,22.1,49.61,No,Day,OFF,ON,ON,54.98
Floor,96,22.3,52.01,No,Night,ON,ON,ON,76.98
Corridor,75,24.16,50.53,No,Night,OFF,ON,ON,41.59
Floor,24,30.76,39.64,No,Day,ON,OFF,OFF,60.82
Floor,18,31.87,69.17,No,Day,ON,OFF,OFF,67.41
Meeting Hall,58,21.27,71.45,Yes,Day,ON,ON,OFF,59.17
Office,52,31.9,60.5,No,Night,ON,OFF,OFF,47.12
Meeting Hall,86,23.63,67.11,No,Day,ON,OFF,ON,66.21
Office,38,21.41,62.63,No,Day,ON,ON,ON,52.49
Floor,4,21.31,35.13,No,Day,ON,ON,ON,61.81
Office,39,25.88,57.55,Yes,Day,ON,ON,ON,54.88
Floor,84,31.04,47.35,No,Night,ON,ON,ON,80.77
Corridor,57,27.7,41.01,Yes,Day,ON,ON,ON,57.96
Corridor,99,25.9,63.24,No,Day,ON,OFF,ON,67.43
Corridor,77,18.31,74.44,Yes,Night,OFF,ON,OFF,32.52
Meeting Hall,5,27.58,79.99,No,Night,ON,OFF,ON,46.19
Meeting Hall,18,29.47,58.86,No,Night,ON,ON,ON,54.21
Floor,67,19.67,63.62,No,Day,ON,ON,ON,76.72
Corridor,23,34.26,62.57,Yes,Day,ON,OFF,OFF,44.08
Meeting Hall,89,19.56,64.75,No,Day,ON,ON,ON,69.81
Corridor,18,29.74,42.31,No,Day,OFF,OFF,ON,37.33
Meeting Hall,58,26.92,37.97,No,Day,OFF,ON,ON,56.21
Office,60,33.03,50.37,No,Day,ON,OFF,ON,68.14
Office,31,25.04,53.29,No,Day,ON,ON,ON,58.73
Corridor,44,26.65,68.17,No,Night,ON,ON,OFF,43.77
Floor,34,27.4,61.14,No,Day,ON,OFF,ON,68.39
Meeting Hall,53,32.87,57.61,Yes,Night,OFF,OFF,ON,51.76
Meeting Hall,1,31.59,54.92,No,Day,OFF,ON,ON,47.97
Office,96,22.76,41.15,No,Day,ON,OFF,OFF,57.36
Office,73,34.24,48.64,Yes,Day,OFF,OFF,ON,48.8
Floor,44,30.8,35.47,No,Night,ON,ON,OFF,61.03
Floor,32,18.2,33.29,No,Day,ON,ON,OFF,62.44
Floor,22,21.12,30.66,No,Night,ON,ON,ON,52.94
Corridor,97,32.55,34.38,No,Day,ON,ON,OFF,68.44
Office,35,28.98,59.75,Yes,Night,OFF,ON,ON,40.42
Corridor,93,22.39,78.58,No,Day,OFF,OFF,ON,51.24
Office,68,20.91,31.43,No,Night,ON,OFF,ON,46.35
Office,84,20.49,69.16,Yes,Day,ON,ON,ON,55.06
Meeting Hall,79,23.41,63.27,No,Night,OFF,ON,ON,55.15
Office,70,33.28,72.94,Yes,Day,OFF,OFF,ON,49.59
Office,8,23.98,77.27,No,Day,ON,ON,OFF,45.65
Corridor,87,29.23,70.65,No,Night,ON,ON,ON,60.59
Office,48,19.9,69.89,No,Day,OFF,OFF,OFF,40.51
Corridor,25,27.03,34.31,Yes,Day,OFF,OFF,ON,36.34
Floor,95,23.83,47.95,Yes,Night,OFF,OFF,OFF,53.29
Office,26,20.73,60.83,Yes,Day,ON,OFF,OFF,43.63
Office,40,31.56,30.85,Yes,Day,ON,OFF,OFF,45.85
Corridor,82,31.86,53.73,No,Day,OFF,ON,OFF,51.45
Floor,71,23.21,30.42,No,Night,OFF,ON,OFF,58.74
Meeting Hall,100,29.11,67.08,No,Day,ON,ON,ON,85.34
Floor,5,24.7,43.28,No,Day,ON,ON,OFF,60.0
Corridor,82,18.76,67.75,No,Night,OFF,ON,ON,43.54
Floor,86,25.27,54.0,No,Night,OFF,ON,ON,69.52
Corridor,65,27.79,35.4,No,Night,OFF,ON,OFF,37.64
Corridor,60,23.08,75.96,No,Night,ON,ON,ON,51.38
Meeting Hall,66,34.13,64.9,No,Day,OFF,ON,ON,65.12
Office,65,27.49,66.22,No,Day,ON,ON,ON,68.18
Corridor,76,24.31,41.54,Yes,Day,OFF,OFF,ON,43.48
Corridor,95,30.5,36.28,Yes,Night,ON,OFF,ON,52.54
Meeting Hall,42,23.8,77.72,No,Night,OFF,OFF,ON,42.75
Corridor,24,18.42,47.31,Yes,Night,ON,ON,ON,35.91
Office,61,18.14,41.72,No,Day,OFF,ON,ON,50.16
Meeting Hall,12,23.13,73.92,No,Day,ON,ON,ON,61.82
Office,93,20.65,53.17,Yes,Day,ON,OFF,OFF,48.35
Office,82,23.99,62.71,Yes,Day,OFF,OFF,OFF,43.2
Meeting Hall,23,31.08,43.31,No,Night,ON,ON,OFF,54.49
Corridor,96,23.25,78.46,No,Day,ON,OFF,ON,56.52
Office,58,27.51,53.7,Yes,Day,OFF,ON,ON,50.44
Office,76,33.63,51.22,No,Night,ON,ON,OFF,59.01
Office,94,29.87,33.23,No,Day,OFF,OFF,ON,59.62
Office,37,27.55,65.4,No,Day,ON,ON,OFF,55.87
Meeting Hall,7,32.74,57.05,Yes,Day,OFF,ON,ON,47.3
Meeting Hall,57,23.62,78.31,No,Night,OFF,ON,OFF,42.47
Floor,29,21.36,36.38,Yes,Night,OFF,OFF,ON,44.1
Floor,18,30.7,49.55,No,Day,OFF,ON,ON,62.88
Office,95,19.0,42.7,No,Day,ON,ON,OFF,57.74
Corridor,29,25.21,63.38,No,Day,OFF,OFF,OFF,34.15
Office,54,22.88,33.58,No,Day,OFF,ON,ON,47.57
Corridor,45,34.51,79.63,No,Day,ON,ON,ON,63.42
Office,37,24.41,65.72,No,Day,ON,ON,OFF,51.3
Floor,16,29.28,49.06,Yes,Day,OFF,OFF,ON,47.85
Floor,97,22.56,48.42,No,Night,ON,ON,ON,76.96
Corridor,79,34.71,54.02,No,Day,ON,OFF,ON,66.43
Office,58,21.07,64.89,Yes,Day,ON,OFF,OFF,49.56
Corridor,36,33.41,59.57,No,Day,ON,OFF,ON,53.98
Floor,54,25.57,54.2,Yes,Day,OFF,ON,OFF,57.7
Office,5,25.26,39.77,Yes,Day,ON,OFF,ON,38.84
Office,65,29.92,38.69,Yes,Day,ON,OFF,ON,63.37
Corridor,68,19.59,75.79,No,Night,OFF,ON,ON,37.38
Meeting Hall,41,27.29,57.58,No,Night,ON,ON,ON,53.28
Corridor,82,21.74,59.0,No,Night,OFF,OFF,ON,44.63
Floor,64,20.67,51.64,No,Day,OFF,ON,ON,69.28
Floor,88,32.92,65.41,No,Night,OFF,ON,ON,70.7
Floor,79,34.95,70.08,No,Day,OFF,OFF,ON,78.7
Floor,93,34.51,50.56,Yes,Night,ON,OFF,ON,75.86
Floor,93,31.96,32.63,No,Day,ON,ON,ON,84.37
Meeting Hall,9,33.64,42.62,Yes,Day,ON,ON,ON,60.83
Office,39,33.71,71.08,No,Day,ON,OFF,ON,55.85
Corridor,51,21.0,58.01,Yes,Night,ON,OFF,OFF,32.72
Corridor,23,19.46,74.06,No,Night,ON,OFF,ON,43.58
Floor,58,20.16,49.09,Yes,Night,ON,OFF,ON,58.94
Corridor,20,20.76,45.75,Yes,Day,ON,OFF,ON,40.17
Floor,51,31.98,30.07,No,Day,ON,OFF,ON,75.41
Meeting Hall,78,34.0,39.01,No,Night,ON,ON,ON,72.62
Meeting Hall,4,23.98,46.76,No,Day,ON,ON,ON,62.67
Office,35,18.58,33.97,No,Night,ON,ON,ON,45.6
Meeting Hall,21,23.23,60.23,No,Day,OFF,ON,OFF,41.19
Meeting Hall,7,30.0,79.49,No,Day,OFF,ON,OFF,49.15
Office,94,34.03,32.91,No,Night,OFF,ON,OFF,45.21
Corridor,51,25.64,49.59,No,Day,OFF,OFF,ON,43.44
Floor,0,23.71,50.0,No,Night,OFF,OFF,OFF,34.45
Floor,83,29.1,33.49,No,Day,ON,ON,ON,83.22
Corridor,27,21.59,39.27,No,Night,ON,ON,ON,40.27
Office,30,31.02,52.64,Yes,Day,OFF,ON,ON,43.33
Corridor,52,25.04,77.78,Yes,Night,ON,OFF,ON,41.52
Meeting Hall,23,34.61,58.51,No,Day,ON,ON,ON,58.7
Office,44,33.88,34.99,No,Day,ON,OFF,OFF,50.59
Office,6,29.31,67.11,Yes,Day,ON,ON,OFF,50.2
Office,1,29.02,72.86,No,Night,OFF,ON,ON,38.89
Floor,72,20.09,70.41,No,Day,ON,ON,OFF,73.82
Corridor,62,22.78,70.92,Yes,Day,ON,ON,OFF,44.81
Office,82,32.65,70.59,No,Night,ON,OFF,ON,58.58
Office,40,24.17,41.14,No,Day,OFF,OFF,ON,43.52
Office,88,25.21,59.71,No,Day,OFF,ON,OFF,57.53
Corridor,22,32.28,38.13,No,Day,ON,OFF,ON,43.85
Floor,49,25.26,46.42,No,Night,OFF,ON,OFF,51.79
Meeting Hall,73,32.45,50.86,No,Day,ON,ON,ON,70.44
Floor,86,19.18,51.6,No,Day,OFF,OFF,OFF,59.9
Office,32,29.75,51.89,No,Night,OFF,ON,OFF,36.81
Floor,42,19.07,69.18,No,Night,OFF,ON,ON,54.17
Floor,82,31.43,61.01,No,Day,ON,ON,ON,90.32
Meeting Hall,54,27.39,62.09,No,Night,ON,ON,ON,55.37
Corridor,50,27.45,68.43,No,Night,ON,ON,ON,49.47
Corridor,97,24.4,40.35,Yes,Day,ON,OFF,ON,56.38
Floor,36,33.36,53.22,Yes,Night,ON,ON,OFF,57.1
Floor,62,26.65,72.76,Yes,Day,ON,ON,OFF,65.37
Corridor,66,22.43,65.29,No,Day,ON,ON,OFF,48.48
Corridor,44,32.01,74.0,No,Day,OFF,ON,ON,51.83
Meeting Hall,70,34.12,52.66,No,Day,ON,OFF,OFF,67.27
Office,48,22.12,68.29,No,Day,OFF,OFF,ON,39.28
Floor,0,28.29,43.3,No,Night,OFF,OFF,ON,49.36
Corridor,53,28.01,73.39,No,Day,OFF,ON,ON,49.57
Floor,35,28.36,44.83,No,Day,OFF,OFF,OFF,50.98
Floor,64,27.59,47.03,No,Day,OFF,ON,ON,70.15
Corridor,40,19.7,65.88,No,Night,OFF,ON,OFF,28.03
Meeting Hall,93,25.01,67.39,No,Day,ON,OFF,ON,74.84
Floor,49,34.76,32.63,Yes,Day,ON,ON,ON,75.78
Meeting Hall,95,19.5,37.51,No,Day,OFF,ON,ON,64.33
Corridor,48,29.38,42.49,No,Night,ON,OFF,ON,44.48
Office,82,33.2,79.99,Yes,Day,ON,OFF,ON,67.29
Office,46,21.41,71.12,No,Night,OFF,ON,ON,45.93
Floor,9,31.64,65.75,No,Day,ON,OFF,ON,64.84
Corridor,43,22.11,78.17,Yes,Day,OFF,OFF,ON,35.38
Meeting Hall,43,18.52,64.36,No,Day,ON,OFF,OFF,46.76
Floor,96,26.86,64.58,No,Night,ON,ON,ON,73.5
Corridor,3,30.08,74.91,No,Day,ON,OFF,ON,48.95
Corridor,63,21.35,45.1,No,Day,OFF,OFF,OFF,35.17
Meeting Hall,19,19.2,30.09,No,Day,ON,OFF,ON,55.66
Floor,53,27.41,65.75,No,Day,OFF,OFF,OFF,60.69
Corridor,78,20.51,37.81,No,Day,ON,ON,OFF,52.59
Corridor,40,21.13,44.36,No,Night,ON,ON,ON,49.09
Corridor,29,29.96,71.13,Yes,Day,ON,OFF,OFF,43.57
Meeting Hall,70,28.41,68.9,No,Day,ON,ON,OFF,70.75
Floor,40,34.1,53.74,No,Day,ON,ON,OFF,65.56
Floor,81,23.5,35.22,No,Day,ON,OFF,ON,75.22
Floor,93,21.64,44.92,No,Day,ON,ON,OFF,78.78
Floor,7,29.15,53.78,No,Day,ON,ON,ON,64.52
Office,84,34.52,68.41,No,Night,OFF,ON,ON,58.04
Office,70,27.41,79.24,No,Day,ON,OFF,ON,63.53
Floor,68,22.99,61.28,Yes,Night,ON,OFF,ON,66.42
Meeting Hall,31,33.48,32.67,No,Day,ON,OFF,OFF,55.96
Office,79,28.38,41.06,No,Day,OFF,ON,OFF,52.02
Corridor,39,21.62,42.98,No,Night,OFF,OFF,OFF,20.9
Office,61,34.14,61.72,No,Night,OFF,ON,ON,52.75
Corridor,89,22.64,30.92,Yes,Day,ON,ON,OFF,53.58
Floor,26,33.27,55.33,No,Day,OFF,ON,ON,61.88
Office,38,28.45,79.79,No,Day,OFF,OFF,ON,44.24
Meeting Hall,91,26.55,68.43,Yes,Day,OFF,ON,ON,56.63
Office,32,23.65,68.47,Yes,Day,ON,OFF,ON,47.85
Office,65,20.02,67.27,Yes,Night,OFF,ON,ON,42.36
Office,78,22.16,64.17,No,Day,ON,ON,OFF,57.39
Floor,70,23.63,44.92,No,Day,ON,OFF,ON,75.88
Meeting Hall,83,22.91,69.15,No,Day,ON,ON,OFF,63.86
Office,12,19.25,62.29,No,Day,ON,OFF,ON,46.3
Meeting Hall,95,27.86,41.45,No,Day,ON,ON,ON,77.07
Floor,28,26.08,78.95,Yes,Day,ON,OFF,ON,66.41
Corridor,67,19.81,79.23,No,Night,OFF,OFF,OFF,36.12
Office,82,25.89,48.7,No,Day,ON,ON,ON,66.45
Meeting Hall,9,19.34,67.66,No,Night,OFF,ON,ON,38.7
Meeting Hall,99,33.84,64.07,No,Day,ON,OFF,ON,76.11
Floor,75,22.4,59.2,No,Night,OFF,OFF,OFF,54.3
Office,57,30.32,39.04,No,Night,OFF,ON,ON,50.88
Corridor,85,22.27,53.39,No,Night,ON,OFF,ON,50.51
Meeting Hall,26,26.07,66.5,No,Night,OFF,OFF,OFF,35.03
Office,98,33.87,79.42,Yes,Day,ON,ON,ON,71.67
Corridor,57,32.82,60.68,No,Night,ON,ON,ON,56.04
Meeting Hall,80,31.24,67.61,No,Night,ON,OFF,OFF,57.36
Meeting Hall,69,31.43,75.69,Yes,Day,ON,OFF,OFF,68.79
Corridor,44,32.0,60.69,Yes,Day,ON,OFF,ON,47.99
Corridor,49,30.62,68.23,Yes,Day,ON,ON,OFF,46.05
Floor,47,33.25,52.9,No,Day,OFF,OFF,OFF,54.24
Office,42,23.95,44.59,No,Day,ON,OFF,ON,53.52
Office,13,26.94,54.65,No,Day,ON,ON,OFF,48.33
Floor,96,28.99,34.45,No,Day,OFF,OFF,OFF,62.22
Meeting Hall,43,21.36,76.5,No,Night,ON,OFF,OFF,53.92
Corridor,27,26.56,45.52,No,Day,OFF,ON,ON,41.42
Corridor,60,20.11,53.05,Yes,Night,ON,OFF,OFF,28.29
Corridor,37,28.4,62.67,No,Day,ON,OFF,ON,52.23
Meeting Hall,70,19.66,55.22,No,Day,ON,ON,OFF,65.32
Corridor,74,26.56,44.14,Yes,Day,OFF,OFF,ON,38.77
Corridor,32,25.85,79.21,No,Day,ON,OFF,ON,53.78
Floor,66,19.9,72.41,No,Day,ON,ON,OFF,69.04
Meeting Hall,21,25.47,35.14,Yes,Day,OFF,ON,ON,48.41
Office,12,29.52,48.37,Yes,Day,OFF,ON,ON,44.09
Floor,92,28.11,39.71,Yes,Day,ON,ON,ON,84.79
Floor,5,25.79,53.93,No,Day,OFF,OFF,OFF,41.73
Office,63,24.2,40.44,No,Day,ON,ON,ON,66.26
Floor,53,18.98,45.61,No,Day,ON,OFF,ON,71.49
Meeting Hall,42,34.25,56.04,Yes,Day,ON,OFF,ON,58.51
Corridor,54,24.85,37.2,No,Day,ON,ON,ON,51.59
Meeting Hall,27,25.08,73.05,No,Day,ON,ON,ON,61.38
Office,57,20.18,48.13,Yes,Day,ON,ON,ON,61.5
Office,14,27.06,75.71,No,Day,ON,ON,ON,56.08
Floor,23,34.65,31.5,No,Day,ON,ON,OFF,64.94
Meeting Hall,89,22.3,68.59,No,Day,ON,ON,OFF,68.9
Meeting Hall,61,23.33,73.25,Yes,Day,OFF,ON,ON,60.1
Office,64,22.02,79.23,Yes,Day,OFF,ON,ON,48.82
Meeting Hall,25,32.73,36.59,No,Day,ON,OFF,OFF,53.26
Office,94,26.08,51.69,No,Night,OFF,ON,OFF,45.75
Meeting Hall,60,32.0,68.02,No,Night,ON,ON,ON,62.94
Meeting Hall,86,32.45,55.68,No,Day,ON,OFF,ON,72.08
Meeting Hall,95,30.73,71.04,No,Night,ON,ON,OFF,65.72
Office,0,22.44,79.2,No,Day,ON,ON,ON,50.53
Floor,81,18.6,67.83,No,Day,OFF,OFF,OFF,57.27
Meeting Hall,80,20.44,67.11,No,Night,OFF,ON,ON,51.04
Office,45,29.85,58.39,No,Night,ON,ON,ON,55.6
Office,91,30.59,53.16,No,Day,ON,ON,ON,71.25
Meeting Hall,0,31.03,71.75,No,Day,ON,ON,OFF,49.83
Meeting Hall,50,22.15,41.64,No,Day,ON,ON,ON,61.15
Floor,35,20.6,73.07,No,Day,OFF,OFF,ON,57.04
Office,68,33.69,71.87,Yes,Day,ON,ON,ON,69.97
Office,68,29.29,66.86,No,Day,ON,ON,OFF,56.85
Corridor,65,30.61,64.79,No,Night,OFF,OFF,OFF,29.35
Office,74,19.6,30.4,No,Day,ON,OFF,ON,57.15
Floor,98,25.01,79.52,No,Night,OFF,OFF,OFF,65.04
Corridor,29,19.08,49.6,No,Day,ON,ON,ON,47.27
Corridor,95,29.18,48.99,No,Day,ON,ON,ON,67.51
Corridor,7,26.32,79.42,No,Day,ON,ON,ON,54.1
Meeting Hall,1,25.67,42.09,Yes,Day,ON,OFF,OFF,49.6
Meeting Hall,99,33.35,77.66,No,Day,OFF,OFF,ON,62.24
Office,24,30.58,49.26,No,Day,ON,ON,ON,57.5
Corridor,18,34.39,34.91,No,Day,OFF,ON,ON,45.93
Floor,70,18.79,56.15,No,Day,ON,ON,ON,72.56
Meeting Hall,13,28.47,65.31,Yes,Day,OFF,ON,OFF,44.19
Floor,3,28.71,60.45,No,Day,OFF,OFF,ON,60.33
Floor,45,18.45,77.61,No,Day,ON,ON,ON,73.04
Meeting Hall,32,31.38,49.19,No,Day,ON,ON,ON,66.92
Meeting Hall,36,20.61,52.1,No,Day,OFF,OFF,ON,43.45
Meeting Hall,29,29.92,42.3,No,Night,ON,ON,ON,54.07
Meeting Hall,83,18.64,58.89,Yes,Day,OFF,ON,ON,59.56
Corridor,77,28.43,76.98,Yes,Day,ON,ON,ON,65.5
Corridor,26,26.85,47.28,No,Day,OFF,ON,ON,42.55
Corridor,12,26.22,35.75,No,Day,ON,ON,ON,44.87
Corridor,70,24.23,48.31,No,Day,OFF,ON,ON,51.12
Office,81,25.14,74.16,No,Day,ON,ON,OFF,63.56
Corridor,37,26.11,75.01,No,Night,OFF,ON,ON,36.33
Meeting Hall,51,23.06,36.1,No,Day,ON,ON,OFF,55.06
Floor,72,33.9,68.23,No,Day,ON,OFF,OFF,75.55
Corridor,86,34.41,37.08,No,Day,OFF,ON,ON,56.8
Office,94,23.1,74.22,Yes,Day,OFF,ON,OFF,50.18
Meeting Hall,65,31.24,53.76,No,Day,OFF,ON,OFF,57.97
Floor,39,30.78,74.94,No,Night,ON,ON,OFF,67.28
Floor,37,32.88,33.72,Yes,Night,ON,ON,OFF,59.92
Corridor,40,18.07,33.82,No,Night,ON,OFF,ON,36.62
Floor,4,23.75,76.77,No,Day,OFF,ON,ON,56.76
Corridor,63,20.46,68.62,No,Night,ON,OFF,ON,46.12
Corridor,55,24.64,37.28,No,Day,ON,ON,ON,56.77
Meeting Hall,86,27.79,74.52,No,Night,OFF,OFF,ON,60.86
Meeting Hall,48,33.45,72.69,No,Night,ON,OFF,OFF,53.88
Office,58,32.27,56.89,No,Day,OFF,ON,ON,54.33
Meeting Hall,95,26.48,38.25,No,Day,ON,ON,ON,75.28
Meeting Hall,38,18.4,51.12,No,Day,OFF,ON,ON,48.13
Corridor,79,23.12,57.51,No,Night,OFF,OFF,ON,39.58
Meeting Hall,54,19.81,40.48,Yes,Day,OFF,ON,ON,48.06
Corridor,74,29.06,72.92,No,Night,ON,OFF,OFF,47.3
Corridor,77,29.82,71.68,No,Day,OFF,OFF,OFF,45.13
Meeting Hall,63,29.03,31.17,No,Day,ON,ON,ON,62.77
Office,2,22.67,30.98,No,Day,OFF,ON,ON,40.92
Office,7,33.63,51.84,No,Night,ON,ON,OFF,45.46
Floor,78,28.0,76.21,No,Day,ON,OFF,OFF,71.46
Floor,72,28.15,68.41,Yes,Day,OFF,ON,OFF,62.83
Meeting Hall,15,31.86,77.92,No,Day,ON,ON,ON,64.16
Office,25,19.18,44.2,Yes,Day,OFF,ON,ON,41.18
Corridor,31,21.56,78.41,No,Day,ON,ON,ON,56.67
Floor,81,28.02,56.58,No,Day,OFF,ON,ON,81.11
Corridor,7,28.38,60.55,No,Night,OFF,OFF,OFF,22.3
Floor,59,25.94,41.45,No,Night,ON,OFF,OFF,57.81
Meeting Hall,95,31.26,53.07,No,Day,ON,OFF,OFF,71.18
Office,73,23.88,67.81,Yes,Night,OFF,OFF,ON,35.97
Floor,11,18.19,47.55,No,Night,ON,OFF,OFF,49.21
Office,75,23.78,33.48,No,Day,ON,ON,ON,66.73
Corridor,58,34.42,71.89,No,Day,ON,OFF,ON,63.54
Meeting Hall,58,31.24,31.67,No,Day,ON,ON,OFF,60.71
Office,73,23.41,34.81,No,Day,ON,ON,ON,62.23
Meeting Hall,33,21.78,61.86,No,Day,ON,ON,OFF,57.46
Office,29,31.77,63.43,Yes,Night,ON,ON,ON,51.44
Corridor,43,21.4,57.49,No,Night,ON,ON,OFF,39.16
Corridor,94,27.86,33.89,No,Day,ON,ON,ON,64.92
Meeting Hall,37,26.64,68.84,Yes,Day,ON,OFF,OFF,49.94
Corridor,24,25.19,59.91,No,Day,ON,ON,OFF,48.06
Floor,23,25.24,63.52,No,Night,OFF,ON,OFF,46.64
Office,96,29.94,30.15,No,Day,ON,OFF,ON,66.14
Corridor,60,19.75,34.39,No,Day,OFF,ON,ON,47.68
Floor,8,24.72,66.05,No,Day,OFF,ON,OFF,55.26
Meeting Hall,88,34.46,63.89,Yes,Day,ON,OFF,OFF,62.3
Floor,83,31.23,39.92,Yes,Day,ON,ON,ON,79.34
Meeting Hall,47,18.36,55.24,No,Night,ON,ON,ON,62.4
Meeting Hall,80,25.6,45.62,Yes,Day,OFF,ON,ON,61.35
Office,51,19.99,61.25,No,Night,ON,ON,ON,48.85
Office,69,26.24,69.87,No,Day,OFF,ON,ON,52.05
Floor,63,19.76,39.4,No,Day,OFF,ON,ON,62.66
Office,35,24.62,62.47,No,Day,ON,ON,OFF,47.85
Office,19,27.26,51.72,No,Night,ON,ON,ON,47.75
Office,89,24.24,39.64,No,Night,ON,OFF,OFF,44.99
Floor,49,27.84,49.83,No,Day,ON,ON,OFF,69.81
Corridor,11,34.75,35.21,No,Night,ON,OFF,OFF,37.14
Office,6,22.18,62.88,No,Day,OFF,ON,ON,35.03
Office,39,27.6,79.91,Yes,Day,OFF,OFF,ON,38.96
Floor,93,26.01,66.66,No,Day,ON,ON,ON,92.34
Corridor,85,31.76,72.6,No,Night,ON,ON,OFF,56.85
Office,41,23.35,41.29,No,Day,ON,ON,ON,58.39
Meeting Hall,92,28.85,35.31,No,Day,ON,OFF,ON,71.08
Floor,85,29.78,30.11,No,Day,OFF,ON,ON,73.48
Office,87,34.59,66.48,No,Day,ON,ON,ON,76.24
Office,66,20.57,71.16,Yes,Day,OFF,ON,OFF,38.65
Meeting Hall,49,34.97,39.45,No,Day,OFF,ON,ON,58.73
Meeting Hall,40,30.26,53.91,No,Day,ON,OFF,OFF,57.34
Floor,23,25.76,59.25,No,Night,ON,OFF,ON,56.96
Floor,89,22.48,77.91,No,Day,ON,ON,OFF,74.28
Meeting Hall,68,28.69,75.7,Yes,Day,ON,ON,ON,77.14
Floor,12,20.41,30.79,Yes,Day,ON,ON,OFF,57.1
Meeting Hall,100,34.1,32.46,No,Day,OFF,OFF,ON,66.85
Office,85,21.14,77.95,Yes,Night,ON,ON,OFF,51.22
Meeting Hall,33,31.16,32.9,Yes,Day,OFF,ON,ON,47.07
Meeting Hall,2,23.87,59.1,No,Night,OFF,ON,ON,41.43
Corridor,95,21.67,33.96,No,Night,OFF,ON,ON,43.45
Meeting Hall,87,31.75,63.34,No,Night,ON,OFF,ON,68.61
Meeting Hall,72,33.09,39.21,No,Day,OFF,ON,ON,61.72
Corridor,2,18.1,31.71,Yes,Day,OFF,OFF,ON,26.43
Floor,85,34.56,43.94,No,Day,ON,ON,ON,88.0
Corridor,23,25.17,56.57,No,Night,OFF,OFF,ON,30.76
Office,73,19.63,56.75,No,Day,OFF,ON,ON,52.08
Corridor,34,25.71,68.18,No,Day,ON,OFF,ON,54.16
Office,19,20.02,33.02,No,Day,OFF,ON,ON,41.15
Floor,43,22.4,30.41,No,Day,ON,OFF,ON,68.19
Corridor,75,27.48,65.71,Yes,Night,ON,OFF,ON,48.75
Corridor,47,24.11,77.71,Yes,Day,ON,ON,ON,49.53
Floor,42,21.87,39.64,No,Day,ON,ON,ON,75.29
Office,75,21.34,37.5,Yes,Day,ON,OFF,ON,55.81
Corridor,80,28.82,47.15,No,Day,ON,ON,OFF,56.87
Office,67,33.46,65.11,No,Night,OFF,OFF,OFF,41.06
Corridor,71,18.96,68.09,Yes,Night,ON,ON,OFF,42.24
Meeting Hall,70,22.15,76.83,No,Day,ON,ON,ON,66.12
Corridor,54,29.31,70.1,Yes,Day,ON,ON,ON,59.07
Floor,81,34.78,31.39,No,Day,ON,ON,ON,90.68
Floor,25,29.58,40.32,No,Night,ON,ON,ON,66.65
Office,30,18.89,47.78,No,Night,ON,ON,ON,41.91
Corridor,53,21.04,77.35,No,Night,ON,OFF,ON,42.09
Office,55,23.91,60.28,Yes,Day,ON,OFF,ON,50.71
Office,55,20.68,79.82,No,Night,ON,ON,OFF,51.17
Meeting Hall,52,21.1,45.88,No,Night,OFF,ON,OFF,45.64
Meeting Hall,71,22.65,76.07,No,Day,ON,OFF,ON,62.34
Floor,60,24.34,64.93,No,Day,OFF,ON,ON,66.8
Office,33,24.66,74.35,No,Night,ON,OFF,ON,44.98
Floor,45,26.49,76.13,No,Day,ON,ON,ON,74.9
Corridor,79,33.78,52.65,No,Day,ON,OFF,ON,57.25
Office,83,34.89,73.6,Yes,Day,OFF,ON,ON,58.69
Office,73,18.34,79.16,No,Day,ON,OFF,ON,56.1
Corridor,49,26.39,63.36,No,Day,OFF,ON,OFF,41.08
Corridor,68,30.79,42.95,No,Day,ON,ON,ON,63.52
Floor,10,19.25,43.47,Yes,Night,ON,ON,OFF,48.76
Floor,85,34.0,67.62,No,Night,OFF,ON,OFF,58.59
Corridor,74,33.94,46.43,Yes,Night,ON,ON,ON,50.9
Floor,17,21.54,50.55,No,Day,ON,OFF,OFF,57.66
Corridor,81,31.36,56.33,No,Day,ON,ON,ON,65.95
Office,30,27.88,75.58,No,Day,ON,ON,ON,55.26
Office,83,18.58,65.57,No,Day,ON,ON,ON,62.97
Meeting Hall,61,23.05,44.55,Yes,Day,ON,OFF,ON,60.66
Office,22,22.48,36.68,Yes,Night,ON,OFF,ON,38.85
Corridor,52,32.96,44.49,No,Day,ON,OFF,ON,53.63
Floor,61,33.26,46.68,Yes,Day,ON,OFF,ON,72.63
Meeting Hall,73,18.59,66.63,No,Day,OFF,OFF,ON,53.46
Floor,16,30.6,51.26,Yes,Day,ON,OFF,OFF,62.48
Corridor,40,20.04,79.9,No,Night,OFF,ON,ON,33.81
Office,7,31.45,31.72,No,Night,OFF,ON,ON,34.73
Meeting Hall,30,32.38,47.71,No,Day,ON,ON,OFF,59.75
Corridor,48,19.01,34.3,No,Day,ON,OFF,ON,48.28
Meeting Hall,56,23.55,47.84,No,Day,ON,ON,OFF,58.05
Meeting Hall,47,24.45,51.69,No,Night,ON,ON,OFF,55.29
Office,52,34.24,74.56,No,Day,ON,OFF,OFF,56.59
Corridor,61,24.31,51.27,No,Day,OFF,ON,ON,54.34
Floor,89,22.35,31.28,No,Day,ON,OFF,ON,78.02
Meeting Hall,49,28.53,77.76,No,Day,ON,OFF,OFF,60.56
Meeting Hall,54,20.7,37.26,No,Day,ON,OFF,ON,57.62
Floor,8,28.63,68.69,Yes,Day,OFF,OFF,ON,51.2
Corridor,31,25.8,40.01,No,Day,ON,OFF,ON,51.08
Meeting Hall,86,30.43,76.17,No,Day,ON,OFF,OFF,68.78
Meeting Hall,95,27.84,41.33,Yes,Night,ON,ON,ON,68.56
Meeting Hall,56,21.0,72.76,Yes,Day,ON,OFF,ON,60.71
Corridor,99,33.94,50.73,No,Day,OFF,OFF,ON,59.57
Corridor,4,25.63,52.36,No,Night,OFF,ON,OFF,22.38
Floor,64,30.66,61.46,No,Night,OFF,ON,ON,64.86
Corridor,49,27.04,54.37,No,Day,ON,ON,ON,56.04
Corridor,94,32.71,46.84,No,Day,OFF,ON,ON,58.4
Office,62,23.73,42.13,No,Day,ON,ON,ON,54.92
Floor,94,28.86,43.31,Yes,Night,ON,OFF,ON,75.4
Meeting Hall,57,19.35,65.18,No,Night,ON,ON,ON,54.27
Corridor,56,19.32,35.44,Yes,Day,ON,ON,OFF,43.01
Meeting Hall,8,32.34,58.08,Yes,Day,ON,ON,OFF,51.77
Meeting Hall,96,31.91,48.98,Yes,Day,ON,ON,OFF,73.42
Office,98,24.11,47.66,No,Day,ON,ON,OFF,60.13
Corridor,25,29.49,65.77,Yes,Day,ON,ON,ON,48.32
Floor,62,32.09,55.16,Yes,Day,OFF,OFF,ON,65.9
Corridor,65,20.45,33.86,No,Day,OFF,OFF,OFF,35.34
Meeting Hall,33,34.74,75.48,No,Day,ON,OFF,OFF,55.8
Floor,80,33.06,74.9,No,Day,OFF,ON,OFF,68.22
Corridor,5,29.75,51.27,No,Day,OFF,OFF,OFF,33.28
Meeting Hall,100,27.23,30.69,No,Day,OFF,OFF,OFF,58.73
Meeting Hall,61,33.21,33.01,Yes,Day,ON,OFF,OFF,60.02
Office,94,30.57,54.58,Yes,Night,OFF,ON,OFF,47.44
Office,91,27.94,34.07,No,Day,ON,ON,ON,70.88
Office,84,33.16,52.16,Yes,Night,ON,ON,ON,59.83
Meeting Hall,74,21.58,39.49,No,Day,OFF,OFF,OFF,52.8
Corridor,40,22.15,70.12,Yes,Night,OFF,OFF,OFF,21.68
Office,53,33.81,48.38,No,Night,ON,ON,ON,59.93
Corridor,35,19.14,48.92,No,Day,OFF,ON,ON,37.41
Office,90,18.78,31.25,No,Day,ON,OFF,ON,61.56
Floor,83,31.46,62.69,No,Day,ON,OFF,ON,83.83
Floor,83,25.04,68.67,No,Night,ON,OFF,ON,70.65
Office,1,33.58,43.17,No,Day,OFF,OFF,ON,45.65
Meeting Hall,100,23.11,60.84,No,Day,OFF,ON,OFF,59.7
Office,26,22.88,62.34,No,Day,OFF,ON,ON,46.68
Office,17,34.27,61.48,Yes,Night,ON,OFF,ON,48.59
Meeting Hall,76,27.41,64.92,Yes,Day,ON,OFF,OFF,64.22
Floor,81,28.43,69.25,No,Day,ON,OFF,ON,82.52
Corridor,10,33.27,67.9,Yes,Day,ON,ON,ON,47.56
Office,77,24.47,58.7,No,Day,ON,ON,OFF,58.48
Meeting Hall,43,22.21,76.94,Yes,Day,ON,ON,OFF,51.69
Office,3,27.71,69.02,No,Day,ON,ON,ON,52.23
Meeting Hall,76,24.97,74.54,Yes,Night,OFF,ON,OFF,48.95
Corridor,82,20.78,55.39,No,Night,ON,OFF,OFF,45.61
Corridor,42,20.02,65.02,Yes,Night,OFF,OFF,OFF,19.14
Floor,38,30.33,73.15,Yes,Day,ON,ON,ON,77.81
Meeting Hall,58,18.58,56.99,Yes,Night,ON,ON,ON,54.56
Meeting Hall,24,26.97,73.7,No,Day,ON,OFF,OFF,52.99
Floor,78,23.6,66.26,Yes,Day,ON,ON,ON,76.38
Floor,83,20.57,67.69,No,Night,ON,OFF,ON,72.83
Meeting Hall,80,33.14,76.37,Yes,Night,ON,ON,ON,65.39
Floor,54,30.59,46.51,Yes,Day,OFF,ON,ON,66.19
Corridor,64,31.14,59.73,No,Night,OFF,ON,ON,48.95
Office,92,25.41,43.63,No,Night,ON,ON,ON,66.3
Corridor,82,29.02,56.46,No,Day,ON,ON,OFF,55.37
Floor,93,19.54,52.18,No,Day,OFF,OFF,ON,65.69
Meeting Hall,24,20.37,52.87,No,Night,OFF,OFF,ON,36.78
Meeting Hall,91,23.48,40.43,No,Day,ON,OFF,OFF,63.41
Corridor,36,25.78,61.28,No,Day,OFF,OFF,ON,40.83
Meeting Hall,74,19.59,69.78,No,Night,ON,ON,OFF,56.77
Floor,79,27.6,43.43,No,Day,ON,ON,ON,83.8
Corridor,81,22.08,36.2,No,Day,ON,OFF,ON,56.1
Meeting Hall,53,31.17,42.77,No,Day,ON,ON,ON,71.6
Office,72,18.01,67.76,Yes,Day,ON,OFF,OFF,49.86
Office,27,32.72,33.17,Yes,Night,ON,ON,ON,49.24
Floor,90,30.45,60.89,No,Day,OFF,OFF,OFF,66.66
Meeting Hall,51,27.28,70.99,No,Day,ON,OFF,ON,67.75
Floor,63,30.54,70.08,No,Night,ON,ON,ON,71.79
Corridor,37,24.2,79.38,Yes,Night,ON,ON,ON,42.7
Office,43,20.76,69.5,No,Day,ON,ON,OFF,49.99
Corridor,86,18.15,36.74,Yes,Night,ON,ON,ON,50.64
Meeting Hall,61,27.33,47.36,No,Day,OFF,OFF,ON,57.36
Floor,85,22.96,40.85,Yes,Day,OFF,ON,OFF,63.7
Floor,67,21.62,48.82,No,Day,ON,ON,ON,74.4
Floor,95,32.74,61.85,No,Day,ON,OFF,ON,90.24
Corridor,87,30.33,44.49,Yes,Day,OFF,OFF,ON,48.97
Office,37,34.83,36.44,No,Day,ON,ON,OFF,54.08
Corridor,49,29.25,65.71,No,Day,ON,OFF,ON,58.85
Corridor,60,33.22,35.86,Yes,Day,ON,ON,OFF,54.35
Meeting Hall,27,20.01,77.4,No,Day,OFF,OFF,ON,47.05
Meeting Hall,69,30.29,60.93,No,Day,ON,ON,ON,72.93
Meeting Hall,96,19.47,68.22,No,Day,OFF,OFF,OFF,53.24
Office,30,19.61,71.21,Yes,Day,ON,OFF,ON,47.03
Office,56,32.58,62.15,No,Day,ON,ON,ON,65.71
Meeting Hall,9,24.12,65.1,No,Day,OFF,ON,ON,44.99
Meeting Hall,11,23.38,69.52,No,Day,ON,ON,ON,58.43
Office,6,21.12,52.7,No,Day,ON,OFF,ON,47.55
Floor,87,26.24,30.14,No,Night,ON,OFF,ON,69.3
Office,27,21.46,78.35,Yes,Night,ON,OFF,ON,37.43
Office,74,27.14,42.14,Yes,Night,ON,OFF,OFF,46.39
Office,95,29.23,37.48,No,Day,OFF,OFF,ON,61.52
Meeting Hall,19,29.13,75.96,No,Day,OFF,OFF,ON,51.8
Floor,91,24.2,57.06,Yes,Day,OFF,OFF,ON,60.42
Office,64,29.97,43.78,Yes,Night,OFF,ON,OFF,37.74
Meeting Hall,26,22.52,76.59,No,Day,OFF,OFF,ON,51.26
Corridor,15,31.73,72.77,No,Day,OFF,ON,ON,41.41
Corridor,35,18.0,52.79,Yes,Day,OFF,OFF,OFF,30.57
Office,69,34.43,77.81,Yes,Night,ON,ON,OFF,55.01
Corridor,9,25.37,34.66,No,Day,ON,ON,OFF,43.44
Floor,43,23.68,76.88,No,Day,OFF,ON,ON,58.31
Corridor,18,28.62,53.02,No,Night,ON,OFF,OFF,39.06
Corridor,73,32.94,53.07,No,Day,OFF,ON,ON,55.81
Floor,89,23.99,52.67,No,Day,ON,OFF,OFF,70.14
Office,97,19.19,51.53,No,Day,ON,ON,ON,64.84
Office,64,24.02,56.87,No,Day,OFF,ON,ON,50.22
Floor,73,18.09,79.76,Yes,Day,ON,ON,ON,74.81
Floor,61,21.15,30.72,No,Day,OFF,ON,ON,64.66
Floor,32,18.88,55.0,No,Day,OFF,ON,ON,57.25
Corridor,89,24.59,44.18,No,Night,OFF,ON,OFF,43.25
Floor,97,19.02,38.57,No,Day,ON,ON,OFF,75.04
Meeting Hall,36,34.73,76.25,No,Day,ON,ON,OFF,63.39
Corridor,12,31.29,49.22,No,Day,ON,ON,ON,45.64
Office,93,25.13,57.32,Yes,Night,OFF,OFF,ON,49.88
Office,87,31.44,76.52,No,Day,ON,ON,OFF,73.41
Office,97,25.1,53.97,No,Day,ON,ON,ON,67.63
Corridor,36,29.0,44.41,No,Day,ON,ON,ON,52.43
Meeting Hall,18,31.97,34.84,No,Day,ON,ON,ON,62.23
Floor,65,29.63,59.92,No,Day,OFF,ON,OFF,64.5
Floor,29,19.44,75.58,No,Night,ON,OFF,ON,58.13
Office,85,18.74,34.04,Yes,Day,ON,OFF,ON,57.03
Office,31,27.69,52.3,Yes,Night,OFF,ON,OFF,28.42
Corridor,32,21.34,63.23,No,Day,OFF,ON,ON,43.7
Meeting Hall,39,34.73,35.04,No,Night,OFF,ON,OFF,43.18
Floor,14,18.28,33.94,No,Day,OFF,ON,ON,51.5
Corridor,69,30.72,40.22,No,Day,ON,ON,ON,68.62
Floor,99,18.72,36.57,No,Day,ON,ON,ON,88.31
Office,79,28.38,48.89,No,Day,OFF,OFF,ON,51.75
Floor,84,25.14,50.51,Yes,Night,OFF,ON,OFF,53.18
Meeting Hall,97,28.76,52.64,No,Day,ON,ON,OFF,73.66
Meeting Hall,37,30.95,54.56,No,Day,OFF,OFF,OFF,40.62
Office,98,18.56,32.91,No,Day,OFF,ON,OFF,54.94
Meeting Hall,96,26.86,63.15,Yes,Night,ON,ON,ON,61.34
Meeting Hall,7,34.02,66.69,Yes,Day,ON,OFF,ON,52.5
Corridor,75,21.7,36.86,No,Night,OFF,ON,OFF,34.7
Floor,38,19.32,41.35,No,Night,OFF,OFF,ON,52.42
Office,59,31.11,44.03,No,Night,OFF,ON,ON,51.48
Office,59,30.6,50.81,Yes,Day,OFF,ON,OFF,44.37
Office,55,24.63,50.08,No,Day,ON,OFF,OFF,51.12
Office,17,32.11,40.28,No,Day,ON,ON,ON,54.11
Office,47,27.25,33.67,No,Night,ON,ON,OFF,51.24
Meeting Hall,20,26.08,44.52,No,Night,OFF,ON,OFF,35.58
Corridor,55,31.97,68.96,Yes,Day,ON,OFF,ON,54.25
Office,90,19.67,32.92,No,Night,ON,OFF,OFF,45.9
Corridor,11,21.81,48.31,No,Day,OFF,ON,ON,41.18
Corridor,5,25.55,39.64,No,Day,ON,OFF,OFF,37.7
Meeting Hall,30,19.45,65.63,No,Day,OFF,OFF,ON,42.35
Office,97,34.93,46.57,No,Night,ON,OFF,OFF,54.2
Meeting Hall,70,23.33,49.86,Yes,Night,ON,ON,OFF,49.72
Office,60,34.11,75.86,No,Night,ON,OFF,OFF,44.72
Meeting Hall,94,26.07,60.56,No,Night,OFF,ON,OFF,53.47
Corridor,67,33.72,71.19,No,Day,ON,OFF,ON,64.84
Office,56,25.48,64.25,Yes,Night,OFF,ON,OFF,33.7
Floor,60,31.85,78.0,No,Day,ON,ON,OFF,74.13
Corridor,16,30.77,58.58,Yes,Night,ON,OFF,ON,34.94
Floor,28,34.1,42.5,Yes,Night,ON,OFF,ON,62.23
Corridor,66,28.84,64.72,No,Day,OFF,ON,ON,55.02
Meeting Hall,58,21.86,71.01,No,Day,ON,ON,OFF,61.73
Office,87,27.21,78.38,No,Day,ON,ON,OFF,64.16
Corridor,2,20.48,60.89,No,Night,OFF,ON,OFF,17.47
Meeting Hall,26,23.69,71.1,No,Day,ON,ON,ON,61.82
Office,0,31.42,65.53,No,Day,ON,ON,ON,54.41
Office,78,18.24,68.75,No,Night,ON,ON,ON,56.5
Corridor,77,28.55,59.89,Yes,Day,OFF,ON,OFF,44.08
Office,3,29.78,44.55,No,Day,ON,ON,ON,53.22
Corridor,3,33.3,34.38,No,Day,OFF,OFF,OFF,33.25
Office,88,30.86,66.0,No,Day,ON,ON,ON,71.16
Floor,74,24.85,71.48,No,Night,ON,OFF,ON,68.18
Meeting Hall,32,31.01,68.56,Yes,Day,OFF,OFF,OFF,45.85
Floor,10,28.63,31.98,No,Day,ON,ON,ON,72.12
Corridor,75,27.97,32.75,Yes,Day,OFF,ON,ON,47.86
Floor,78,19.25,35.16,No,Day,ON,ON,OFF,72.07
Corridor,56,27.17,71.22,Yes,Night,ON,ON,ON,50.34
Office,25,32.74,60.53,No,Night,ON,ON,OFF,44.11
Office,87,25.43,59.49,No,Day,ON,ON,ON,69.97
Corridor,25,29.97,40.67,No,Day,ON,OFF,OFF,40.02
Floor,53,33.36,33.83,No,Day,ON,ON,OFF,70.53
Office,26,27.08,69.81,No,Day,ON,OFF,ON,52.67
Meeting Hall,99,19.5,71.42,No,Day,ON,ON,OFF,71.95
Office,90,18.92,42.57,No,Night,ON,ON,ON,59.61
Meeting Hall,53,31.56,71.3,No,Day,ON,ON,ON,71.83
Floor,1,18.56,45.65,No,Day,ON,ON,OFF,59.67
Meeting Hall,86,34.98,70.6,No,Day,ON,OFF,OFF,67.5
Meeting Hall,8,20.17,33.43,No,Day,ON,ON,ON,54.95
Meeting Hall,71,31.18,47.24,Yes,Night,OFF,ON,OFF,49.63
Meeting Hall,63,32.75,68.52,No,Day,OFF,ON,OFF,56.16
Office,64,23.21,44.44,No,Day,ON,ON,ON,62.66
Meeting Hall,20,27.21,32.01,No,Day,ON,OFF,OFF,53.62
Office,25,34.19,37.52,No,Night,ON,OFF,ON,43.22
Meeting Hall,14,34.24,78.08,No,Day,OFF,OFF,ON,48.12
Corridor,42,33.81,60.01,Yes,Night,ON,ON,OFF,42.9
Floor,88,22.67,38.85,No,Day,ON,ON,OFF,68.15
Meeting Hall,38,19.01,62.38,Yes,Night,ON,ON,ON,48.94
Corridor,15,19.75,61.17,No,Night,OFF,OFF,OFF,22.46
Meeting Hall,34,20.41,50.39,Yes,Day,OFF,ON,OFF,44.28
Meeting Hall,22,29.42,63.34,No,Night,ON,OFF,ON,54.59
Meeting Hall,11,31.64,35.59,No,Day,ON,OFF,OFF,46.65
Corridor,55,18.86,46.07,Yes,Day,OFF,OFF,ON,33.77
Floor,51,33.14,31.88,No,Day,ON,ON,ON,77.42
Corridor,18,30.7,75.72,No,Day,ON,ON,OFF,49.32
Floor,97,27.01,74.65,No,Day,OFF,OFF,OFF,68.13
Meeting Hall,61,34.83,40.2,No,Night,ON,OFF,ON,64.36
Office,7,22.51,65.38,Yes,Night,ON,OFF,ON,37.58
Meeting Hall,86,21.71,70.65,Yes,Day,ON,ON,ON,72.44
Floor,10,23.69,50.36,No,Night,OFF,OFF,ON,45.23
Corridor,42,26.95,70.85,No,Day,ON,ON,OFF,50.29
Meeting Hall,97,24.58,54.62,No,Day,OFF,ON,OFF,59.07
Corridor,68,32.1,69.86,Yes,Night,ON,OFF,OFF,41.29
Corridor,36,33.21,67.87,Yes,Day,OFF,ON,ON,50.2
Corridor,24,34.43,58.1,No,Day,OFF,OFF,ON,44.16
Meeting Hall,87,31.91,55.37,Yes,Night,ON,ON,OFF,58.98
Corridor,23,28.34,44.64,No,Day,ON,ON,ON,49.53
Corridor,33,28.43,50.57,Yes,Day,ON,ON,ON,51.96
Meeting Hall,81,21.17,49.59,Yes,Day,OFF,ON,OFF,52.98
Corridor,11,22.47,35.16,No,Day,ON,ON,OFF,42.85
Meeting Hall,41,34.95,56.2,No,Night,OFF,ON,ON,55.94
Floor,78,22.44,59.02,No,Day,ON,OFF,ON,76.15
Floor,11,25.94,78.45,Yes,Day,ON,ON,ON,67.26
Floor,28,24.55,44.14,No,Day,OFF,OFF,ON,55.81
Corridor,92,29.7,49.97,No,Day,ON,ON,ON,69.11
Office,19,23.7,57.59,No,Day,ON,OFF,OFF,41.74
Office,78,29.61,72.65,No,Day,OFF,ON,OFF,51.0
Corridor,2,34.33,42.9,No,Day,ON,ON,ON,46.79
Office,79,22.29,41.72,No,Day,OFF,OFF,OFF,43.2
Meeting Hall,60,24.3,56.59,No,Day,OFF,ON,OFF,52.17
Office,82,23.82,36.43,No,Night,OFF,OFF,OFF,35.2
Corridor,70,23.11,64.82,Yes,Night,ON,ON,OFF,45.14
Corridor,99,22.59,72.99,No,Night,ON,OFF,OFF,49.98
Meeting Hall,21,28.71,31.48,No,Day,ON,ON,ON,66.06
Floor,78,27.32,39.75,No,Day,ON,ON,OFF,76.98
Corridor,72,26.65,58.96,No,Night,OFF,ON,ON,42.73
Meeting Hall,16,31.61,71.39,No,Day,ON,ON,OFF,63.22
Office,96,20.49,54.5,No,Day,ON,ON,OFF,59.36
Office,1,20.89,69.22,No,Night,ON,ON,ON,39.53
Meeting Hall,6,26.72,51.11,No,Night,ON,ON,ON,57.84
Meeting Hall,94,24.01,49.38,No,Night,ON,OFF,ON,65.79
Corridor,13,20.95,39.08,No,Night,ON,OFF,ON,34.53
Office,100,29.74,37.58,No,Day,OFF,ON,OFF,58.8
Meeting Hall,3,26.43,67.26,Yes,Day,ON,ON,ON,57.28
Office,44,21.44,38.47,No,Night,ON,ON,ON,53.46
Meeting Hall,62,22.49,50.39,Yes,Day,ON,OFF,OFF,50.76
Office,9,30.29,57.25,No,Night,ON,ON,ON,45.99
Floor,44,23.57,43.22,No,Day,ON,OFF,OFF,61.55
Corridor,85,21.48,71.62,No,Day,OFF,ON,ON,56.25
Office,87,34.42,50.24,No,Night,ON,ON,ON,62.74
Floor,43,19.5,48.84,No,Day,ON,ON,OFF,59.38
Office,54,20.5,38.91,No,Night,OFF,ON,OFF,28.18
Office,17,30.19,40.99,No,Day,OFF,ON,ON,43.62
Floor,10,25.24,44.56,No,Night,ON,OFF,ON,57.27
Office,53,30.8,47.47,Yes,Day,ON,ON,OFF,53.39
Office,0,27.4,65.06,No,Day,OFF,ON,ON,43.09
Corridor,52,18.68,79.82,No,Day,ON,OFF,ON,53.07
Floor,95,29.63,55.33,Yes,Day,ON,ON,OFF,74.23
Floor,79,31.7,65.27,No,Night,ON,ON,OFF,71.64
Meeting Hall,77,27.4,42.19,No,Day,ON,OFF,OFF,65.74
Office,32,23.23,77.35,No,Day,ON,OFF,ON,53.65
Corridor,6,18.26,70.52,No,Day,ON,ON,ON,43.69
Office,82,33.41,64.25,No,Day,ON,OFF,OFF,60.94
Office,24,30.02,45.67,No,Day,OFF,ON,ON,44.73
Meeting Hall,68,18.76,34.08,Yes,Day,ON,ON,ON,64.15
Office,48,32.29,78.41,No,Day,ON,ON,OFF,59.83
Corridor,73,18.9,66.26,No,Night,ON,ON,OFF,49.01
Corridor,3,30.1,36.83,No,Day,OFF,OFF,ON,35.54
Meeting Hall,23,29.8,57.59,Yes,Night,ON,OFF,ON,43.61
Office,45,33.57,60.55,Yes,Day,OFF,ON,ON,52.8
Corridor,69,20.81,52.17,Yes,Day,ON,ON,OFF,48.03
Office,11,27.64,53.59,No,Day,OFF,OFF,OFF,34.68
Office,61,27.26,57.3,No,Day,OFF,OFF,ON,49.45
Office,83,18.59,70.08,Yes,Day,OFF,ON,ON,50.49
Meeting Hall,89,28.85,70.58,No,Night,ON,ON,OFF,65.24
Office,75,22.32,78.03,No,Day,ON,OFF,OFF,49.43
Corridor,61,23.65,38.6,No,Night,ON,OFF,OFF,39.91
Office,96,22.1,35.51,No,Day,ON,ON,ON,68.29
Corridor,61,18.95,60.53,Yes,Day,ON,OFF,OFF,43.32
Office,75,20.83,65.19,No,Day,ON,ON,ON,62.61
Corridor,57,21.52,47.0,Yes,Night,OFF,ON,ON,33.99
Corridor,37,27.81,79.24,No,Day,OFF,ON,ON,46.6
Office,67,20.29,72.06,No,Night,ON,ON,OFF,48.72
Office,16,33.65,54.66,No,Day,ON,OFF,ON,57.75
Corridor,9,21.94,66.21,No,Day,OFF,ON,ON,36.31
Floor,82,29.08,52.65,No,Day,ON,ON,ON,89.64
Meeting Hall,42,20.68,39.98,No,Night,ON,OFF,ON,52.06
Floor,32,31.52,37.97,No,Night,ON,ON,ON,70.2
Floor,36,19.22,44.5,Yes,Day,ON,OFF,ON,63.19
Office,27,30.54,74.79,No,Night,ON,OFF,OFF,42.83
Meeting Hall,45,24.68,48.79,No,Day,OFF,ON,ON,56.36
Floor,1,25.91,75.34,No,Night,ON,ON,ON,62.54
Office,45,24.23,69.91,No,Night,ON,OFF,ON,53.04
Floor,37,24.83,60.35,No,Night,ON,ON,OFF,57.8
Floor,37,18.09,74.87,No,Night,OFF,ON,ON,50.46
Office,20,18.44,39.47,No,Day,OFF,OFF,ON,35.75
Office,22,31.5,33.81,No,Day,ON,ON,OFF,50.06
Office,32,21.63,67.52,Yes,Day,OFF,ON,OFF,37.41
Meeting Hall,89,28.32,75.27,No,Day,ON,OFF,OFF,67.9
Floor,42,29.11,49.15,No,Day,ON,OFF,ON,70.93
Office,93,29.87,30.23,No,Day,OFF,ON,ON,56.9
Corridor,67,28.15,68.32,No,Day,ON,ON,OFF,59.21
Floor,69,28.69,48.25,No,Day,ON,ON,OFF,76.54
Corridor,97,27.89,59.28,No,Day,OFF,OFF,OFF,46.85
Meeting Hall,63,33.78,40.47,No,Day,ON,OFF,ON,68.11
Office,83,29.3,64.07,Yes,Night,ON,ON,OFF,54.73
Corridor,63,24.0,56.59,No,Day,ON,OFF,OFF,50.04
Meeting Hall,36,24.06,31.41,No,Night,ON,ON,ON,54.41
Office,78,19.35,30.31,Yes,Day,ON,OFF,OFF,51.46
Corridor,22,34.86,51.89,No,Day,ON,ON,OFF,46.73
Corridor,72,33.14,38.2,No,Day,OFF,OFF,ON,53.27
Meeting Hall,33,18.73,75.28,No,Day,OFF,OFF,ON,55.0
Office,33,32.65,35.22,Yes,Day,ON,OFF,ON,45.89
Office,26,20.35,65.81,Yes,Day,ON,OFF,OFF,36.01
Corridor,79,22.06,47.5,No,Day,OFF,OFF,OFF,46.25
Corridor,3,29.57,76.75,Yes,Day,OFF,OFF,OFF,27.49
Corridor,91,30.41,36.65,No,Night,ON,OFF,OFF,50.89
Office,80,26.6,68.89,Yes,Day,OFF,OFF,ON,51.61
Meeting Hall,75,34.45,77.96,No,Day,ON,OFF,OFF,63.52
Meeting Hall,68,26.32,77.85,Yes,Day,OFF,ON,ON,61.51
Office,98,22.39,42.81,No,Day,ON,ON,OFF,58.72
Floor,99,18.15,44.82,No,Night,OFF,ON,ON,66.61
Meeting Hall,93,32.74,37.47,Yes,Day,ON,ON,ON,68.77
Corridor,62,24.72,48.63,No,Day,OFF,OFF,ON,46.62
Floor,77,31.3,64.1,No,Day,ON,ON,ON,84.78
Floor,13,31.16,30.54,No,Day,ON,ON,OFF,64.92
Meeting Hall,65,18.74,62.52,No,Day,OFF,ON,ON,62.31
Floor,27,31.97,30.89,Yes,Night,OFF,ON,ON,51.26
Floor,20,22.92,63.37,Yes,Day,ON,ON,OFF,63.75
Meeting Hall,78,32.3,72.02,No,Day,ON,OFF,ON,69.06
Meeting Hall,86,26.37,48.01,No,Day,OFF,OFF,OFF,61.35
Floor,9,28.06,50.33,No,Day,OFF,ON,OFF,50.4
Corridor,25,19.72,66.38,No,Day,ON,ON,ON,52.27
Office,34,24.45,70.46,No,Day,ON,OFF,ON,55.46
Floor,33,34.51,79.98,Yes,Day,OFF,OFF,OFF,52.85
Floor,1,33.74,57.03,No,Day,OFF,ON,OFF,57.06
Corridor,94,34.9,72.73,No,Day,OFF,ON,ON,62.85
Floor,42,26.67,32.81,No,Day,OFF,ON,ON,65.06
Floor,43,31.91,35.35,No,Day,OFF,ON,OFF,58.65
Office,43,25.74,73.52,No,Day,OFF,ON,ON,51.82
Office,42,34.0,48.92,No,Day,OFF,OFF,ON,46.63
Office,51,34.76,41.3,No,Day,OFF,OFF,OFF,43.34
Meeting Hall,4,32.92,50.26,No,Night,OFF,ON,OFF,35.9
Meeting Hall,18,28.56,56.28,No,Night,ON,OFF,ON,54.2
Office,29,34.81,46.21,Yes,Night,ON,OFF,ON,45.37
Office,48,34.72,39.88,Yes,Night,ON,OFF,ON,46.19
Meeting Hall,62,26.08,31.85,No,Night,OFF,OFF,ON,50.97
Corridor,80,23.16,68.38,No,Night,ON,OFF,ON,45.95
Floor,28,21.19,75.2,No,Night,ON,ON,OFF,54.8
Floor,75,29.51,30.86,No,Night,ON,ON,OFF,67.13
Office,71,18.59,47.47,No,Day,OFF,OFF,ON,44.96
Corridor,78,30.99,74.63,No,Day,OFF,ON,OFF,53.88
Meeting Hall,52,18.87,31.03,No,Night,OFF,OFF,ON,45.49
Office,97,22.51,66.57,No,Day,ON,OFF,ON,66.92
Corridor,27,26.47,42.16,Yes,Night,ON,ON,ON,37.88
Corridor,84,19.66,68.65,Yes,Day,ON,ON,ON,56.63
Corridor,52,18.62,63.96,No,Day,ON,ON,ON,55.53
Meeting Hall,16,26.16,77.06,No,Night,OFF,ON,OFF,41.48
Meeting Hall,81,33.07,45.33,Yes,Night,ON,ON,ON,65.31
Floor,23,24.94,37.58,Yes,Day,ON,ON,ON,65.81
Floor,87,21.4,54.75,No,Night,ON,ON,ON,75.97
Corridor,75,24.94,79.24,Yes,Night,ON,ON,OFF,49.22
Corridor,64,30.28,32.02,No,Day,ON,ON,ON,62.74
Meeting Hall,35,18.7,38.92,No,Day,ON,OFF,ON,55.07
Floor,31,18.52,72.86,Yes,Day,ON,OFF,ON,60.67
Corridor,68,25.87,64.31,No,Day,ON,ON,ON,60.35
Floor,25,29.5,51.25,Yes,Day,ON,ON,ON,70.89
Floor,55,28.43,54.68,No,Day,ON,OFF,ON,73.53
Corridor,66,28.84,42.79,Yes,Day,OFF,ON,OFF,47.92
Meeting Hall,32,20.82,78.12,Yes,Night,ON,ON,OFF,44.96
Corridor,38,27.16,47.15,Yes,Day,ON,ON,ON,48.25
Corridor,83,24.42,48.99,Yes,Day,OFF,ON,ON,57.19
Floor,57,19.88,53.45,Yes,Day,ON,ON,ON,72.97
Corridor,11,20.18,40.68,No,Night,ON,ON,OFF,30.03
Meeting Hall,83,28.97,39.82,No,Night,ON,ON,ON,64.97
Corridor,80,34.27,60.03,No,Day,ON,ON,OFF,68.5
Meeting Hall,42,19.81,68.73,No,Night,ON,ON,ON,53.87
Meeting Hall,71,26.41,67.61,No,Night,ON,OFF,ON,61.71
Floor,12,22.21,58.28,No,Night,OFF,ON,ON,50.93
Office,72,22.79,61.95,No,Night,ON,ON,ON,60.35
Office,82,21.82,58.18,No,Day,OFF,OFF,ON,57.4
Floor,89,27.28,73.75,No,Day,OFF,ON,ON,77.36
Corridor,4,18.96,49.37,No,Day,OFF,ON,ON,40.37
Floor,44,30.62,36.16,No,Day,OFF,ON,OFF,63.36
Meeting Hall,88,28.31,51.77,No,Day,ON,OFF,OFF,69.82
Office,4,24.54,73.54,No,Night,OFF,OFF,ON,32.79
Floor,22,21.7,75.04,No,Day,ON,ON,ON,67.0
Corridor,34,27.12,59.47,No,Night,OFF,ON,ON,43.92
Floor,95,34.24,33.11,No,Day,ON,ON,OFF,80.81
Office,53,30.04,66.12,No,Day,ON,OFF,ON,62.74
Floor,48,22.75,62.65,No,Day,OFF,OFF,OFF,48.57
Floor,69,30.63,52.58,Yes,Day,ON,ON,OFF,73.82
Office,77,26.57,38.15,Yes,Night,ON,ON,ON,58.97
Meeting Hall,92,18.82,60.32,No,Night,ON,ON,OFF,56.42
Meeting Hall,36,28.5,54.12,No,Day,OFF,ON,ON,57.6
Office,21,21.98,33.02,Yes,Night,ON,OFF,ON,31.49
Floor,83,24.96,49.89,No,Night,OFF,ON,OFF,58.71
Office,7,26.13,76.93,No,Day,OFF,ON,ON,46.88
Meeting Hall,90,31.59,50.57,No,Day,ON,OFF,OFF,66.79
Corridor,56,27.86,51.47,Yes,Day,ON,ON,OFF,51.18
Floor,70,23.78,57.87,Yes,Day,OFF,OFF,OFF,56.02
Meeting Hall,59,29.17,44.86,No,Night,ON,ON,OFF,56.01
Floor,54,21.27,33.68,No,Day,ON,ON,ON,71.73
Office,33,31.99,60.06,No,Day,ON,OFF,ON,58.53
Corridor,40,21.42,54.75,No,Day,ON,OFF,OFF,46.11
Office,27,27.5,64.16,No,Night,ON,ON,ON,45.8
Corridor,30,21.49,53.82,No,Night,ON,OFF,ON,47.3
Floor,20,23.53,42.37,No,Day,ON,OFF,ON,62.75
Floor,73,25.18,49.22,No,Day,ON,OFF,ON,77.58
Office,50,24.25,30.68,No,Day,ON,OFF,ON,56.41
Corridor,35,33.88,37.76,No,Night,OFF,ON,ON,41.43
Corridor,76,21.8,69.3,No,Day,OFF,ON,ON,50.22
Floor,25,21.06,76.58,No,Night,ON,OFF,OFF,50.92
Office,97,26.8,48.26,No,Night,ON,ON,ON,62.16
Corridor,18,34.13,76.37,No,Day,OFF,OFF,OFF,34.77
Floor,5,26.56,61.77,No,Day,ON,ON,ON,61.81
Meeting Hall,47,34.31,44.02,Yes,Day,OFF,OFF,OFF,49.0
Office,14,21.24,59.99,No,Day,ON,ON,OFF,43.03
Meeting Hall,48,18.17,70.41,Yes,Day,OFF,ON,ON,58.55
Office,17,23.15,69.29,Yes,Day,ON,OFF,ON,47.32
Floor,83,28.85,74.26,No,Day,ON,OFF,OFF,74.87
Corridor,64,28.06,69.36,Yes,Day,OFF,ON,OFF,44.18
Corridor,21,22.11,64.78,Yes,Night,OFF,ON,OFF,20.26
Corridor,59,29.25,49.19,No,Day,ON,OFF,ON,62.87
Office,35,32.11,38.99,No,Day,OFF,OFF,OFF,39.17
Floor,81,29.68,35.63,No,Night,ON,ON,ON,80.16
Meeting Hall,9,30.37,70.63,Yes,Day,OFF,ON,ON,50.18
Floor,19,23.23,68.34,Yes,Night,ON,ON,ON,63.43
Meeting Hall,69,27.0,74.72,Yes,Night,ON,OFF,ON,58.97
Office,60,18.73,33.53,No,Day,OFF,ON,OFF,39.74
Office,100,24.1,61.77,Yes,Day,ON,ON,OFF,61.82
Meeting Hall,58,31.87,66.02,No,Day,ON,ON,OFF,67.39
Meeting Hall,21,31.43,50.63,No,Day,ON,OFF,ON,61.5
Meeting Hall,67,33.99,56.57,Yes,Day,ON,OFF,ON,68.3
Floor,3,34.47,54.83,No,Night,OFF,ON,OFF,43.73
Meeting Hall,82,34.54,51.75,No,Day,ON,ON,ON,80.41
Office,28,20.68,44.53,No,Day,OFF,ON,OFF,31.87
Office,57,20.05,79.45,Yes,Night,ON,ON,OFF,45.18
Corridor,57,32.88,74.17,No,Night,ON,ON,ON,58.17
Meeting Hall,53,24.51,69.33,No,Day,ON,OFF,ON,67.64
Floor,27,24.07,72.09,No,Day,ON,OFF,ON,67.11
Floor,76,27.07,71.87,Yes,Day,ON,OFF,OFF,63.98
Floor,38,25.67,33.74,No,Night,ON,ON,OFF,58.63
Corridor,56,21.79,58.74,No,Day,ON,ON,ON,56.75
Office,63,32.36,53.54,No,Night,OFF,OFF,ON,48.28
Floor,91,33.46,39.94,No,Day,ON,ON,ON,91.91
Office,29,30.71,43.06,Yes,Night,OFF,ON,OFF,35.28
Corridor,85,18.82,37.07,Yes,Day,ON,ON,ON,55.57
Meeting Hall,49,20.0,53.66,No,Night,ON,OFF,ON,51.5
Meeting Hall,53,23.88,42.82,Yes,Night,ON,OFF,OFF,49.76
Meeting Hall,22,27.46,40.63,No,Day,ON,ON,OFF,53.5
Floor,17,28.36,57.44,Yes,Night,ON,ON,ON,56.82
Meeting Hall,80,19.7,40.63,No,Night,OFF,OFF,ON,51.07
Floor,53,34.32,59.48,No,Night,ON,OFF,OFF,60.71
Corridor,94,27.0,37.78,No,Day,ON,OFF,ON,60.79
Corridor,27,25.34,65.28,No,Day,ON,ON,ON,54.08
Floor,7,21.25,45.16,No,Night,ON,ON,ON,59.22
Office,31,34.16,68.17,No,Night,ON,OFF,OFF,46.2
Meeting Hall,5,25.61,69.83,Yes,Day,OFF,OFF,OFF,34.41
Meeting Hall,71,20.0,79.29,No,Night,ON,ON,OFF,54.93
Meeting Hall,85,28.44,30.83,No,Day,OFF,ON,ON,60.38
Floor,39,23.95,70.49,Yes,Night,ON,ON,ON,62.47
Corridor,50,31.74,54.09,No,Day,ON,ON,ON,59.52
Meeting Hall,46,27.27,36.14,Yes,Day,ON,ON,ON,68.49
Corridor,94,19.8,67.89,No,Day,ON,OFF,ON,57.55
Meeting Hall,69,30.76,33.29,Yes,Day,ON,ON,OFF,63.25
Meeting Hall,67,23.18,73.38,No,Day,ON,ON,ON,68.08
Floor,6,24.94,61.62,Yes,Day,ON,ON,ON,58.47
Office,97,31.19,39.43,No,Day,OFF,OFF,ON,58.49
Floor,26,19.81,64.04,No,Day,ON,OFF,ON,60.29
Meeting Hall,65,34.62,38.36,No,Night,OFF,ON,ON,57.61
Meeting Hall,53,29.94,58.27,No,Day,ON,ON,ON,68.95
Office,13,21.27,30.25,No,Day,OFF,ON,ON,36.68
Corridor,92,18.99,76.86,Yes,Day,ON,ON,ON,60.27
Corridor,21,27.26,33.2,No,Night,ON,ON,ON,45.95
Meeting Hall,68,24.45,67.49,Yes,Night,OFF,OFF,ON,50.54
Corridor,55,18.5,65.25,Yes,Day,ON,ON,ON,47.49
Meeting Hall,81,28.36,62.58,No,Night,ON,OFF,ON,66.12
Office,59,23.25,31.96,Yes,Night,ON,ON,ON,45.51
Office,50,23.47,62.78,No,Day,ON,ON,OFF,56.8
Meeting Hall,15,20.76,60.64,No,Night,OFF,ON,ON,42.08
Office,5,20.39,61.63,No,Day,OFF,ON,ON,41.97
Floor,0,20.45,56.91,No,Day,OFF,ON,ON,52.28
Floor,11,33.06,46.52,No,Day,OFF,OFF,ON,60.79
Office,23,27.06,41.71,No,Day,ON,ON,ON,52.17
Meeting Hall,74,25.98,52.82,No,Day,ON,ON,ON,72.8
Meeting Hall,42,29.98,49.25,No,Day,OFF,OFF,ON,56.26
Office,33,23.44,64.39,No,Day,ON,OFF,OFF,49.37
Corridor,92,31.98,43.53,No,Day,ON,OFF,OFF,55.34
Floor,95,21.35,69.59,No,Day,ON,OFF,OFF,72.21
Corridor,56,31.65,78.99,No,Day,OFF,ON,ON,50.6
Meeting Hall,20,18.95,64.93,No,Day,ON,ON,ON,59.6
Meeting Hall,39,20.67,55.62,Yes,Night,OFF,ON,OFF,37.38
Corridor,32,33.18,38.57,Yes,Day,ON,OFF,ON,49.23
Office,32,19.85,79.11,Yes,Day,ON,ON,ON,49.39
Corridor,27,22.17,43.64,Yes,Day,OFF,ON,OFF,33.29
Corridor,99,18.73,58.42,Yes,Day,OFF,ON,ON,47.85
Floor,64,28.18,52.13,No,Day,ON,ON,ON,74.93
Floor,75,23.57,39.97,No,Day,ON,ON,ON,76.88
Corridor,45,28.77,69.04,No,Night,ON,ON,OFF,43.85
Corridor,32,19.46,35.89,Yes,Day,OFF,ON,OFF,28.06
Meeting Hall,68,24.72,51.49,No,Day,ON,ON,OFF,65.25
Floor,65,24.32,40.57,No,Day,ON,ON,ON,74.65
Floor,35,27.13,57.48,No,Night,OFF,ON,OFF,52.89
Meeting Hall,87,23.02,73.04,No,Night,ON,OFF,OFF,57.92
Office,53,34.74,74.54,No,Day,ON,ON,OFF,59.85
Floor,49,23.37,56.52,No,Day,OFF,OFF,ON,61.79
Floor,50,29.84,42.08,No,Night,OFF,ON,OFF,51.25
Office,51,24.23,49.17,Yes,Day,OFF,ON,ON,45.79
Floor,20,27.07,64.44,No,Day,ON,OFF,OFF,58.77
Floor,29,21.85,44.39,Yes,Day,OFF,ON,OFF,48.25
Office,14,20.94,37.67,No,Day,OFF,ON,OFF,33.38
Office,8,34.53,43.91,No,Night,ON,OFF,OFF,37.04
Corridor,31,27.2,36.08,Yes,Night,ON,ON,ON,40.03
Meeting Hall,71,25.83,43.83,Yes,Night,ON,ON,ON,60.14
Meeting Hall,22,28.91,32.18,Yes,Day,OFF,OFF,ON,44.32
Office,26,21.8,33.12,Yes,Day,OFF,ON,ON,42.31
Office,41,31.97,72.92,Yes,Day,OFF,OFF,OFF,39.91
Floor,7,22.22,38.91,Yes,Night,ON,ON,ON,46.71
Corridor,92,27.22,72.19,Yes,Night,ON,ON,ON,53.74
Corridor,10,20.16,79.79,Yes,Day,ON,ON,ON,43.98
Office,20,27.77,49.52,No,Day,OFF,ON,ON,45.76
Floor,43,26.21,52.39,No,Day,OFF,OFF,OFF,53.32
Floor,38,22.77,44.3,Yes,Night,ON,OFF,OFF,48.86
Meeting Hall,93,23.23,35.96,No,Day,ON,ON,OFF,67.98
Meeting Hall,32,18.17,61.84,No,Day,OFF,OFF,ON,50.29
Floor,66,18.46,72.4,No,Day,ON,ON,ON,79.06
Meeting Hall,54,28.21,63.47,No,Day,OFF,ON,OFF,54.33
Office,12,30.21,35.47,No,Night,ON,OFF,ON,44.19
Floor,35,27.3,60.33,No,Night,OFF,ON,OFF,47.89
Meeting Hall,86,19.39,61.96,No,Night,ON,ON,OFF,56.61
Corridor,25,33.99,64.49,No,Night,ON,ON,ON,47.56
Floor,73,30.13,33.47,No,Day,OFF,ON,ON,71.06
Floor,37,22.04,64.91,No,Day,ON,ON,ON,65.47
Corridor,99,29.42,60.23,No,Day,ON,OFF,OFF,59.38
Office,22,19.89,73.41,No,Night,OFF,OFF,ON,33.59
Corridor,7,31.25,38.26,No,Day,ON,ON,ON,53.6
Floor,13,26.18,33.11,No,Day,OFF,ON,ON,56.9
Office,23,24.96,70.64,Yes,Day,ON,ON,ON,46.55
Meeting Hall,81,18.16,35.15,No,Day,ON,ON,OFF,60.58
Meeting Hall,39,29.09,49.01,Yes,Night,ON,OFF,ON,53.43
Meeting Hall,100,32.09,73.45,No,Night,ON,OFF,ON,65.18
Floor,24,22.9,43.91,No,Day,OFF,OFF,ON,54.01
Corridor,83,18.2,52.08,Yes,Day,OFF,OFF,ON,42.25
Office,24,31.18,60.71,No,Night,ON,OFF,ON,50.22
Meeting Hall,16,28.81,61.96,Yes,Night,ON,ON,ON,50.87
Office,3,31.21,59.7,No,Day,OFF,ON,OFF,36.9
Floor,84,27.15,33.03,Yes,Day,ON,ON,ON,71.02
Meeting Hall,83,25.84,68.92,No,Day,ON,OFF,ON,72.92
Floor,80,21.73,69.75,No,Day,ON,ON,ON,76.72
Corridor,98,19.34,35.22,No,Night,ON,ON,ON,52.86
Floor,40,26.01,66.98,No,Day,ON,ON,OFF,69.02
Floor,59,32.76,55.19,Yes,Day,ON,OFF,OFF,62.26
Corridor,86,19.01,30.63,No,Day,ON,OFF,ON,59.61
Office,84,34.81,64.71,Yes,Day,OFF,ON,ON,61.76
Corridor,42,34.1,53.04,Yes,Day,ON,OFF,ON,50.18
Corridor,53,28.89,36.33,Yes,Day,ON,ON,ON,54.6
Floor,51,33.54,38.79,No,Day,ON,OFF,OFF,63.2
Office,20,27.41,67.89,No,Day,OFF,ON,OFF,37.84
Meeting Hall,23,24.88,77.26,Yes,Day,ON,ON,ON,61.16
Corridor,36,27.72,38.2,Yes,Day,ON,ON,OFF,47.7
Office,81,32.9,50.12,Yes,Day,OFF,ON,OFF,48.1
Corridor,43,34.28,45.98,No,Day,ON,OFF,OFF,48.85
Corridor,82,32.25,59.34,No,Day,ON,OFF,ON,62.75
Corridor,4,21.05,39.76,Yes,Day,OFF,ON,ON,24.67
Corridor,60,28.06,58.95,No,Night,ON,ON,ON,52.64
Floor,43,25.56,71.56,No,Night,ON,OFF,ON,64.01
Office,90,26.18,62.06,No,Day,ON,ON,ON,74.19
Office,5,25.28,39.71,No,Night,OFF,ON,OFF,31.5
Office,77,19.15,67.45,No,Day,ON,ON,ON,67.25
Corridor,2,32.38,53.01,No,Day,OFF,OFF,ON,41.65
Floor,64,34.63,35.65,No,Day,OFF,OFF,OFF,64.84
Corridor,30,21.57,46.36,No,Day,ON,OFF,ON,45.38
Corridor,54,28.57,42.07,No,Day,OFF,ON,ON,47.16
Office,44,27.12,72.17,No,Day,ON,OFF,OFF,50.65
Corridor,73,33.24,41.35,Yes,Night,ON,ON,OFF,44.62
Meeting Hall,54,29.97,55.6,Yes,Day,OFF,ON,OFF,55.2
Corridor,59,30.74,62.62,No,Day,ON,OFF,OFF,51.69
Meeting Hall,30,34.18,32.82,No,Day,ON,OFF,OFF,58.39
Corridor,80,29.28,37.05,No,Day,OFF,OFF,OFF,48.35
Floor,38,25.71,69.36,No,Night,OFF,OFF,ON,55.79
Floor,47,18.88,47.19,No,Night,ON,OFF,OFF,53.12
Office,79,33.41,65.1,Yes,Night,OFF,OFF,OFF,33.42
Corridor,26,28.03,67.96,No,Day,ON,OFF,ON,52.05
Meeting Hall,15,29.6,62.13,No,Day,OFF,ON,ON,54.29
Meeting Hall,51,26.59,59.09,Yes,Day,OFF,ON,ON,56.41
Corridor,3,24.69,54.75,Yes,Day,ON,OFF,OFF,32.02
Meeting Hall,41,26.57,49.65,Yes,Day,ON,OFF,ON,53.78
Floor,90,18.82,37.47,No,Night,OFF,ON,OFF,53.59
Meeting Hall,53,31.56,78.64,No,Day,OFF,OFF,OFF,54.32
Office,8,20.69,62.1,No,Day,ON,ON,OFF,46.88
Floor,24,23.66,39.71,No,Night,ON,OFF,ON,61.2
Floor,87,19.48,71.82,Yes,Night,ON,OFF,OFF,61.37
Floor,57,31.94,71.12,No,Day,ON,ON,ON,78.65
Corridor,91,20.86,67.65,No,Day,OFF,OFF,ON,50.7
Corridor,17,24.78,35.78,No,Day,ON,OFF,ON,42.89
Floor,43,25.06,30.9,No,Day,OFF,OFF,ON,57.61
Corridor,89,23.38,65.41,No,Day,OFF,OFF,ON,52.52
Meeting Hall,73,32.62,40.23,No,Day,OFF,ON,ON,62.59
Corridor,48,31.12,72.04,No,Day,ON,ON,OFF,54.62
Corridor,43,30.64,63.64,No,Day,OFF,OFF,ON,49.64
Floor,97,21.83,48.72,No,Night,OFF,OFF,OFF,63.17
Office,74,21.22,54.38,Yes,Night,ON,ON,ON,54.55
Office,77,22.19,55.14,No,Day,ON,ON,ON,59.86
Office,37,24.56,48.95,No,Night,OFF,ON,ON,41.82
Meeting Hall,64,26.14,38.97,No,Day,ON,ON,ON,68.97
Corridor,80,22.25,79.72,No,Day,OFF,OFF,ON,47.66
Office,80,25.78,67.46,No,Day,ON,ON,ON,65.0
Floor,9,21.13,37.82,Yes,Day,ON,ON,ON,57.08
Office,62,22.57,31.73,No,Day,ON,OFF,ON,58.14
Office,93,22.43,47.22,No,Night,ON,ON,ON,62.67
Corridor,45,30.36,57.72,No,Day,ON,OFF,ON,57.32
Corridor,96,25.79,76.9,Yes,Night,ON,ON,OFF,48.7
Corridor,1,28.46,36.62,Yes,Day,ON,OFF,ON,38.92
Meeting Hall,19,29.38,52.01,Yes,Day,ON,ON,ON,65.45
Meeting Hall,95,19.16,38.93,No,Day,ON,ON,ON,69.51
Office,2,31.51,33.49,No,Day,OFF,ON,OFF,37.07
Corridor,35,22.83,60.07,No,Day,ON,OFF,ON,46.54
Office,4,26.67,35.19,No,Day,OFF,ON,ON,40.73
Floor,19,23.75,66.01,No,Day,OFF,ON,OFF,50.32
Floor,2,31.15,57.68,No,Day,ON,OFF,ON,63.98
Corridor,2,21.88,41.63,No,Day,ON,ON,ON,47.78
Corridor,99,34.38,69.72,No,Day,OFF,OFF,ON,56.68
Floor,69,24.8,64.98,No,Day,OFF,ON,OFF,65.41
Corridor,99,30.1,61.31,No,Night,ON,ON,ON,59.12
Meeting Hall,87,28.9,40.69,No,Night,OFF,ON,ON,60.62
Meeting Hall,46,30.62,65.33,No,Day,ON,ON,ON,65.76
Corridor,36,27.37,57.03,No,Day,ON,ON,OFF,48.38
Floor,7,24.52,56.71,Yes,Day,ON,ON,ON,63.33
Office,79,21.05,35.98,Yes,Night,ON,ON,ON,54.83
Corridor,0,26.83,36.76,Yes,Day,OFF,OFF,ON,28.34
Corridor,77,19.03,31.62,No,Day,OFF,OFF,ON,43.93
Office,44,19.0,42.27,Yes,Day,ON,OFF,OFF,38.49
Corridor,73,28.43,54.67,Yes,Day,ON,ON,ON,61.27
Office,9,26.17,47.95,No,Night,ON,OFF,ON,45.22
Floor,85,26.6,65.64,No,Night,ON,ON,ON,72.95
Meeting Hall,94,23.42,50.38,No,Day,ON,OFF,OFF,63.04
Floor,67,31.44,34.66,No,Night,ON,ON,ON,74.19
Meeting Hall,42,21.42,66.23,Yes,Day,ON,OFF,ON,61.85
Office,86,27.96,39.21,Yes,Night,ON,OFF,ON,55.08
Meeting Hall,40,32.63,45.75,No,Night,OFF,OFF,ON,44.99
Floor,11,32.18,55.03,No,Day,OFF,OFF,ON,53.88
Meeting Hall,7,18.49,57.71,No,Night,ON,ON,ON,49.62
Office,44,22.74,44.75,Yes,Day,ON,OFF,ON,47.54
Meeting Hall,87,30.15,53.04,No,Day,ON,ON,ON,74.0
Corridor,0,30.59,33.34,No,Day,ON,ON,OFF,39.03
Floor,25,26.21,38.0,Yes,Day,OFF,ON,ON,59.21
Corridor,85,21.44,59.95,Yes,Day,OFF,OFF,OFF,36.44
Office,88,22.74,30.23,No,Day,ON,ON,ON,59.06
Meeting Hall,30,31.62,39.2,No,Night,ON,ON,ON,55.0
Corridor,55,21.27,61.42,No,Day,OFF,ON,ON,46.0
Corridor,97,34.02,41.61,No,Day,ON,OFF,ON,67.69
Meeting Hall,36,26.51,70.9,No,Day,ON,OFF,ON,63.57
Meeting Hall,74,22.82,49.63,No,Day,OFF,ON,ON,60.85
Floor,3,24.62,65.71,No,Day,ON,ON,OFF,62.79
Corridor,71,22.36,74.25,No,Day,ON,ON,ON,64.57
Corridor,43,24.53,52.41,Yes,Night,ON,ON,ON,46.84
Office,98,20.22,63.75,No,Day,OFF,OFF,OFF,52.77
Floor,88,31.99,72.17,No,Day,OFF,ON,ON,79.45
Office,94,34.38,42.32,Yes,Night,ON,ON,OFF,49.03
Corridor,48,29.21,74.26,No,Day,ON,OFF,ON,58.31
Office,86,31.75,73.02,No,Day,ON,ON,ON,71.67
Corridor,39,21.88,33.02,No,Day,ON,OFF,OFF,43.49
Corridor,67,19.07,53.55,No,Night,ON,OFF,ON,47.6
Office,99,28.66,35.56,No,Night,ON,ON,ON,67.32
Office,70,31.9,74.31,Yes,Night,ON,ON,OFF,49.97
Meeting Hall,9,32.18,41.98,No,Day,OFF,ON,OFF,44.99
Meeting Hall,69,27.06,48.55,No,Day,ON,ON,OFF,65.02
Meeting Hall,94,28.58,76.9,Yes,Night,ON,ON,ON,69.83
Corridor,3,24.26,58.1,Yes,Day,ON,OFF,OFF,36.71
Office,20,32.12,76.35,No,Day,OFF,OFF,ON,42.33
Floor,41,29.86,53.08,No,Night,ON,ON,OFF,66.84
Corridor,83,21.16,79.14,No,Day,ON,OFF,ON,62.82
Floor,80,22.75,77.76,Yes,Day,OFF,ON,ON,66.12
Office,5,20.58,31.01,Yes,Night,OFF,OFF,OFF,15.17
Corridor,10,26.6,50.31,No,Day,OFF,ON,OFF,37.13
Floor,81,21.44,77.5,Yes,Day,ON,ON,OFF,70.76
Floor,72,20.7,70.71,No,Night,ON,OFF,ON,64.0
Meeting Hall,11,20.73,40.6,No,Night,OFF,ON,ON,38.91
Meeting Hall,30,22.52,74.25,Yes,Day,ON,ON,OFF,48.22
Meeting Hall,30,31.75,40.08,Yes,Day,ON,ON,ON,59.6
Corridor,42,33.95,76.81,No,Night,OFF,ON,OFF,41.92
Office,57,34.93,34.15,Yes,Day,OFF,OFF,OFF,47.3
Office,49,18.68,77.32,No,Day,OFF,OFF,OFF,37.59
Meeting Hall,97,27.67,34.12,No,Day,OFF,ON,OFF,60.57
Meeting Hall,79,22.53,41.39,Yes,Night,ON,ON,OFF,56.57
Meeting Hall,40,34.81,58.31,No,Night,OFF,ON,ON,57.48
Floor,75,34.73,39.4,Yes,Day,ON,OFF,OFF,67.56
Meeting Hall,76,33.88,49.46,Yes,Night,OFF,ON,ON,53.51
Floor,35,18.24,38.45,Yes,Night,ON,OFF,ON,55.63
Office,76,20.63,57.89,No,Day,ON,OFF,ON,58.25
Corridor,43,27.39,60.55,No,Day,ON,ON,OFF,50.39
Corridor,65,21.18,41.02,No,Day,ON,ON,OFF,44.92
Corridor,14,32.53,44.58,No,Night,ON,OFF,ON,44.25
Corridor,76,29.9,66.91,Yes,Day,ON,ON,OFF,54.83
Floor,33,21.13,34.33,No,Day,ON,ON,OFF,67.2
Floor,89,31.91,52.65,No,Day,ON,OFF,ON,80.71
Meeting Hall,69,26.47,44.5,No,Day,ON,OFF,ON,70.01
Floor,84,30.07,50.62,Yes,Night,ON,ON,ON,74.06
Meeting Hall,43,20.38,71.77,Yes,Day,ON,ON,OFF,51.84
Meeting Hall,32,26.8,78.95,No,Night,OFF,ON,OFF,41.6
Corridor,78,31.2,39.02,No,Day,ON,OFF,ON,60.33
Floor,98,23.87,33.06,No,Day,ON,OFF,ON,78.24
Floor,91,21.18,39.85,No,Night,ON,OFF,ON,70.69
Meeting Hall,5,28.87,73.63,No,Day,OFF,OFF,ON,51.07
Meeting Hall,100,28.95,73.97,No,Day,OFF,ON,ON,67.05
Office,39,21.47,44.34,No,Night,ON,ON,ON,49.13
Office,5,19.18,46.49,No,Day,OFF,ON,OFF,30.43
Meeting Hall,74,20.83,63.2,No,Day,OFF,OFF,ON,54.75
Office,13,22.68,47.09,No,Day,OFF,ON,ON,43.75
Office,84,18.62,75.2,Yes,Day,ON,OFF,ON,60.05
Meeting Hall,83,33.69,70.05,No,Night,OFF,OFF,ON,55.28
Meeting Hall,4,21.92,47.89,No,Night,ON,OFF,OFF,39.71
Floor,44,30.56,78.61,No,Day,OFF,OFF,ON,62.6
Meeting Hall,58,25.05,67.25,Yes,Night,OFF,ON,ON,46.47
Meeting Hall,72,26.53,67.86,Yes,Night,OFF,ON,ON,53.65
Corridor,93,27.13,78.02,No,Day,ON,ON,ON,70.44
Floor,42,31.14,51.53,Yes,Day,OFF,ON,ON,66.16
Floor,52,31.39,32.07,No,Day,ON,ON,ON,81.69
Floor,26,20.4,79.55,No,Night,ON,ON,ON,65.1
Corridor,68,23.16,76.76,No,Night,ON,OFF,ON,47.48
Meeting Hall,68,27.74,78.31,Yes,Day,OFF,ON,ON,65.01
Floor,47,23.62,53.69,No,Night,ON,OFF,OFF,53.62
Floor,78,20.26,38.23,No,Day,ON,ON,ON,80.28
Office,72,24.94,39.79,No,Day,ON,OFF,OFF,54.76
Floor,24,21.71,53.66,No,Night,ON,ON,ON,64.9
Meeting Hall,7,20.44,63.77,Yes,Day,OFF,ON,ON,46.44
Meeting Hall,77,23.17,53.26,Yes,Day,OFF,ON,ON,55.07
Office,31,23.09,49.73,Yes,Day,ON,OFF,ON,47.85
Floor,94,19.65,78.17,No,Day,OFF,ON,ON,71.4
Floor,60,27.93,62.39,Yes,Day,OFF,OFF,ON,55.5
Floor,86,23.34,50.37,No,Day,OFF,OFF,OFF,59.34
Corridor,0,20.95,64.49,No,Night,OFF,ON,OFF,21.17
Floor,30,31.92,69.59,Yes,Night,OFF,ON,OFF,52.23
Meeting Hall,70,18.04,48.37,Yes,Day,OFF,OFF,ON,49.57
Meeting Hall,14,25.72,53.75,No,Day,ON,ON,ON,64.62
Corridor,69,25.39,62.09,No,Night,ON,OFF,ON,53.55
Corridor,15,29.41,61.88,Yes,Day,OFF,ON,ON,39.82
Floor,77,24.62,38.77,Yes,Day,ON,OFF,ON,70.42
Office,80,26.72,54.85,No,Day,ON,OFF,OFF,56.11
Corridor,73,33.44,42.96,Yes,Day,ON,OFF,ON,55.7
Corridor,92,20.86,75.68,No,Day,ON,ON,ON,68.69
Floor,71,19.79,54.82,Yes,Day,ON,OFF,OFF,60.17
Floor,56,30.69,68.33,No,Day,OFF,OFF,ON,65.44
Corridor,10,30.63,32.21,No,Night,OFF,ON,OFF,27.39
Office,17,33.63,49.08,No,Night,ON,OFF,OFF,47.45
Corridor,44,34.71,37.94,No,Day,ON,ON,ON,63.47
Floor,19,24.53,49.65,No,Night,ON,OFF,ON,57.0
Floor,79,24.42,69.75,Yes,Day,ON,OFF,OFF,65.1
Corridor,90,33.38,76.35,Yes,Day,ON,ON,OFF,57.94
Office,86,32.63,75.81,No,Night,OFF,ON,ON,59.07
Corridor,13,24.38,35.94,No,Day,OFF,OFF,ON,33.22
Corridor,75,19.3,45.08,No,Day,ON,ON,ON,57.99
Floor,26,27.88,63.02,No,Day,ON,OFF,ON,70.4
Office,76,22.57,40.18,No,Night,OFF,OFF,ON,42.32
Meeting Hall,79,33.45,32.57,No,Day,OFF,ON,ON,64.23
Office,96,31.7,77.68,No,Night,OFF,ON,ON,57.44
Corridor,87,33.32,46.47,No,Night,ON,ON,ON,64.0
Corridor,75,19.38,51.0,No,Night,ON,OFF,ON,45.61
Corridor,8,32.7,43.62,No,Day,ON,ON,ON,50.17
Office,12,28.08,46.26,No,Day,ON,ON,ON,57.8
Floor,44,21.66,78.2,Yes,Day,OFF,OFF,OFF,49.73
Corridor,7,23.12,39.59,No,Day,ON,ON,ON,44.7
Corridor,55,25.76,54.75,Yes,Night,OFF,ON,ON,35.0
Office,81,28.67,61.91,No,Day,ON,ON,ON,72.25
Meeting Hall,90,21.96,41.22,Yes,Night,OFF,ON,ON,50.11
Meeting Hall,96,21.52,65.78,Yes,Day,ON,ON,OFF,68.51
Floor,6,33.17,64.12,No,Night,ON,ON,ON,65.35
Floor,76,32.37,77.74,No,Day,ON,ON,ON,83.77
Corridor,14,31.04,53.02,No,Day,ON,ON,OFF,45.82
Office,97,30.94,49.23,No,Night,OFF,OFF,OFF,43.68
Corridor,55,31.02,48.05,No,Day,ON,OFF,ON,57.14
Floor,83,33.71,48.22,Yes,Day,OFF,ON,OFF,69.38
Office,55,32.34,31.88,No,Day,ON,ON,OFF,58.83
Office,36,24.61,41.81,No,Day,ON,ON,OFF,47.4
Floor,63,26.01,36.0,No,Night,OFF,ON,ON,64.3
Meeting Hall,16,28.28,74.03,No,Night,OFF,ON,OFF,46.58
Meeting Hall,92,26.09,32.81,No,Day,ON,OFF,ON,68.06
Office,20,23.05,48.26,No,Day,OFF,ON,OFF,31.77
Corridor,77,32.64,40.97,No,Day,ON,ON,ON,65.87
Meeting Hall,92,31.66,62.28,No,Night,ON,OFF,ON,68.41
Corridor,85,24.63,46.32,No,Night,OFF,OFF,ON,44.75
Meeting Hall,51,19.95,30.83,No,Night,ON,OFF,ON,53.1
Meeting Hall,32,18.08,74.69,Yes,Day,ON,ON,ON,55.52
Corridor,76,19.57,61.82,No,Day,OFF,ON,ON,47.52
Floor,94,20.63,30.07,No,Day,ON,ON,OFF,74.55
Meeting Hall,11,29.18,63.98,Yes,Day,ON,ON,OFF,54.97
Meeting Hall,95,21.73,40.82,No,Night,ON,ON,ON,65.31
Corridor,45,28.79,78.18,No,Day,OFF,OFF,OFF,40.97
Floor,69,23.58,52.24,No,Night,OFF,OFF,ON,55.55
Meeting Hall,74,33.22,41.16,No,Day,ON,ON,ON,73.4
Meeting Hall,86,25.97,31.51,No,Night,OFF,ON,ON,59.52
Floor,70,29.44,32.94,Yes,Day,ON,OFF,OFF,70.01
Meeting Hall,56,25.84,32.82,No,Day,OFF,ON,ON,58.37
Floor,19,33.51,31.57,No,Day,OFF,OFF,ON,55.18
Floor,67,29.69,57.42,No,Night,OFF,OFF,ON,58.21
Corridor,84,28.92,72.33,Yes,Day,ON,OFF,ON,54.49
Office,43,28.07,47.3,Yes,Night,OFF,OFF,ON,36.49
Floor,29,34.81,47.44,No,Day,ON,ON,OFF,68.97
Corridor,24,29.64,35.2,No,Day,ON,OFF,ON,49.37
Office,30,30.82,30.06,No,Night,ON,ON,OFF,46.93
Meeting Hall,1,19.39,77.59,No,Day,ON,ON,OFF,47.17
Office,83,31.84,52.88,No,Day,ON,ON,OFF,66.23
Floor,53,28.14,66.87,No,Day,ON,ON,OFF,75.74
Floor,13,23.72,73.41,No,Night,ON,ON,ON,57.31
Floor,22,27.89,35.6,Yes,Day,OFF,ON,OFF,52.03
Floor,68,28.63,43.13,No,Day,ON,ON,ON,80.88
Floor,51,22.42,55.1,No,Day,ON,OFF,OFF,66.08
Corridor,82,25.43,44.87,No,Day,ON,ON,OFF,58.78
Floor,49,30.26,32.66,No,Day,OFF,ON,ON,64.89
Corridor,70,21.84,74.64,No,Day,ON,ON,ON,63.02
Meeting Hall,84,32.21,42.49,No,Night,ON,ON,ON,68.43
Floor,32,19.32,33.64,No,Day,ON,OFF,ON,65.45
Floor,83,27.88,51.12,No,Night,OFF,OFF,ON,66.38
Office,8,24.45,70.22,No,Night,ON,ON,ON,41.92
Meeting Hall,94,18.91,38.42,No,Night,ON,ON,ON,63.01
Floor,7,31.17,51.84,No,Day,OFF,OFF,OFF,47.16
Floor,74,27.29,39.28,No,Day,ON,ON,ON,81.28
Meeting Hall,6,30.16,70.91,No,Night,ON,ON,OFF,50.94
Corridor,20,24.46,56.14,Yes,Day,ON,OFF,OFF,36.28
Floor,91,32.61,58.92,No,Day,OFF,OFF,OFF,65.39
Office,52,19.42,67.38,No,Night,ON,ON,OFF,49.42
Floor,14,21.97,76.99,No,Day,ON,ON,ON,70.37
Office,71,31.51,35.29,Yes,Day,ON,OFF,ON,53.7
Office,51,34.23,72.28,No,Day,OFF,ON,OFF,49.87
Floor,75,32.39,53.71,Yes,Night,ON,OFF,OFF,61.06
Floor,68,21.92,62.03,No,Day,ON,ON,OFF,72.4
Office,71,23.93,72.64,No,Night,OFF,ON,OFF,43.78
Meeting Hall,36,31.01,46.33,No,Day,OFF,ON,OFF,53.29
Meeting Hall,77,34.09,73.48,Yes,Day,OFF,OFF,ON,59.27
Floor,3,22.92,61.57,Yes,Day,ON,OFF,ON,56.73
Corridor,90,24.57,43.95,Yes,Day,ON,OFF,ON,56.03
Meeting Hall,78,18.39,75.99,No,Day,ON,ON,ON,68.08
Floor,83,26.57,32.89,No,Day,ON,OFF,OFF,70.75
Meeting Hall,60,19.5,59.53,No,Night,OFF,OFF,OFF,35.83
Corridor,21,19.46,30.84,No,Day,OFF,ON,ON,37.21
Floor,48,30.94,34.08,No,Day,ON,OFF,ON,70.77
Corridor,35,23.85,35.01,Yes,Day,OFF,OFF,OFF,29.54
Floor,93,33.91,74.71,Yes,Night,OFF,OFF,ON,66.25
Corridor,96,30.17,57.94,Yes,Day,OFF,OFF,ON,45.99
Meeting Hall,62,23.01,43.0,No,Day,OFF,OFF,ON,54.22
Meeting Hall,91,29.59,49.53,No,Night,ON,OFF,OFF,65.01
Corridor,37,32.72,71.9,Yes,Day,ON,ON,OFF,48.37
Corridor,39,25.41,58.51,Yes,Day,ON,OFF,ON,42.72
Corridor,63,27.55,31.58,No,Day,ON,ON,OFF,51.43
Floor,67,21.7,73.56,No,Night,ON,OFF,OFF,61.86
Meeting Hall,55,24.84,56.92,No,Day,ON,OFF,ON,65.99
Floor,13,27.84,39.81,No,Day,ON,OFF,ON,62.63
Meeting Hall,1,28.46,65.76,Yes,Night,ON,OFF,OFF,39.31
Office,100,30.24,56.69,No,Day,ON,ON,ON,75.87
Floor,62,34.28,39.47,No,Night,ON,ON,ON,74.52
Meeting Hall,18,32.26,62.5,No,Day,ON,ON,ON,66.47
Meeting Hall,77,32.48,62.07,No,Day,ON,ON,ON,77.83
Floor,70,27.48,77.74,No,Day,ON,OFF,ON,78.03
Floor,8,20.45,43.21,No,Day,OFF,ON,OFF,43.11
Meeting Hall,32,28.8,57.42,No,Day,ON,ON,ON,66.32
Floor,87,24.91,46.05,Yes,Day,ON,ON,ON,70.26
Corridor,60,18.54,44.91,Yes,Day,ON,ON,OFF,45.77
Floor,84,21.31,55.28,No,Night,ON,OFF,ON,66.32
Floor,43,30.9,65.74,Yes,Day,OFF,OFF,OFF,52.69
Floor,64,28.73,60.24,No,Night,ON,ON,ON,73.89
Meeting Hall,84,34.63,35.87,No,Night,OFF,OFF,OFF,57.24
Corridor,56,33.7,76.12,Yes,Night,OFF,ON,ON,41.01
Office,23,28.1,65.44,No,Night,ON,OFF,ON,45.09
Office,43,20.63,58.97,No,Day,ON,ON,ON,58.46
Corridor,67,23.72,37.21,No,Night,ON,OFF,ON,44.08
Corridor,5,21.96,36.74,No,Night,ON,ON,ON,41.9
Corridor,66,26.0,44.67,No,Night,OFF,OFF,OFF,34.07
Meeting Hall,33,31.61,76.15,No,Day,ON,ON,ON,68.41
Office,24,31.97,37.35,No,Night,ON,ON,OFF,47.43
Corridor,26,21.03,62.73,No,Night,ON,ON,OFF,35.34
Meeting Hall,17,27.33,62.24,No,Night,ON,ON,OFF,47.17
Office,4,29.5,34.6,No,Day,OFF,OFF,ON,37.88
Floor,87,24.74,65.37,Yes,Day,ON,ON,ON,75.92
Meeting Hall,95,33.39,53.81,No,Night,ON,OFF,OFF,65.83
Office,84,24.1,55.04,No,Day,ON,OFF,ON,60.51
Meeting Hall,43,26.33,30.27,No,Day,ON,ON,ON,65.75
Office,97,27.98,74.84,No,Night,ON,ON,OFF,57.84
Office,92,25.26,60.52,Yes,Day,ON,OFF,ON,60.07
Floor,4,34.38,60.23,Yes,Day,ON,ON,ON,64.19
Meeting Hall,60,30.93,49.46,Yes,Day,ON,ON,ON,65.98
Corridor,91,32.09,65.09,Yes,Day,ON,OFF,OFF,53.69
Floor,5,30.79,71.65,No,Day,ON,ON,OFF,62.83
Floor,74,28.0,54.75,No,Day,ON,ON,OFF,73.86
Office,38,18.48,57.25,No,Day,ON,ON,OFF,46.21
Corridor,7,31.0,40.42,Yes,Day,OFF,OFF,ON,28.04
Meeting Hall,98,28.42,47.66,No,Night,ON,ON,ON,69.88
Corridor,74,19.37,53.41,No,Day,OFF,OFF,ON,46.64
Corridor,83,20.02,63.06,No,Day,OFF,ON,ON,48.36
Corridor,42,26.18,76.59,No,Day,ON,ON,ON,61.05
Corridor,85,32.5,36.85,Yes,Night,OFF,OFF,ON,37.14
Corridor,40,27.41,56.45,No,Night,OFF,ON,ON,35.02
Office,75,33.63,60.55,No,Day,ON,ON,ON,64.6
Office,68,31.87,71.27,Yes,Day,OFF,ON,ON,57.15
Floor,97,28.72,72.18,Yes,Day,ON,OFF,OFF,72.3
Office,97,23.33,63.03,Yes,Night,ON,ON,ON,62.49
Floor,29,32.5,39.73,Yes,Day,OFF,OFF,ON,51.13
Floor,58,29.21,68.99,No,Day,ON,ON,ON,86.86
Meeting Hall,22,27.4,58.93,No,Night,OFF,ON,OFF,37.46
Corridor,99,26.51,78.07,Yes,Night,OFF,ON,ON,47.22
Office,56,21.62,77.66,No,Day,OFF,OFF,ON,46.3
Meeting Hall,24,18.27,57.58,No,Night,ON,OFF,ON,48.58
Office,47,30.18,77.17,No,Day,OFF,OFF,ON,49.49
Floor,69,33.63,31.29,Yes,Night,ON,ON,ON,71.31
Office,41,21.12,75.78,Yes,Day,ON,ON,ON,56.88
Corridor,28,33.89,78.23,No,Day,ON,OFF,ON,53.01
Floor,84,19.22,78.95,Yes,Day,ON,OFF,OFF,64.82
Floor,70,27.39,68.9,No,Day,ON,OFF,ON,81.47
Meeting Hall,100,19.96,39.03,No,Day,ON,ON,OFF,68.33
Corridor,44,33.11,78.73,No,Day,ON,OFF,ON,55.53
Floor,40,19.76,51.4,Yes,Day,ON,ON,ON,68.54
Corridor,72,22.27,53.56,No,Day,OFF,ON,ON,49.68
Office,62,31.7,30.76,No,Night,ON,OFF,OFF,53.32
Corridor,46,29.7,47.17,No,Day,ON,OFF,ON,51.56
Floor,99,24.6,42.86,No,Day,OFF,ON,ON,75.17
Meeting Hall,0,32.23,52.49,No,Day,ON,OFF,ON,53.68
Floor,94,28.81,43.46,No,Day,OFF,ON,ON,74.84
Corridor,19,22.42,52.36,No,Day,ON,ON,ON,47.46
Corridor,91,30.58,37.38,No,Day,ON,OFF,ON,63.37
Floor,18,23.66,77.6,Yes,Day,ON,ON,OFF,58.13
Corridor,64,31.87,63.21,No,Day,ON,ON,OFF,55.42
Office,92,31.29,79.42,No,Night,OFF,ON,ON,52.96
Floor,73,23.24,30.24,No,Day,ON,ON,ON,77.82
Meeting Hall,35,19.76,71.79,Yes,Day,OFF,ON,ON,47.38
Floor,22,31.95,34.21,No,Day,ON,OFF,OFF,63.97
Office,81,24.2,68.69,No,Night,ON,ON,OFF,50.5
Office,28,23.53,76.12,Yes,Day,OFF,ON,ON,42.93
Office,91,18.31,37.03,Yes,Night,ON,OFF,OFF,44.04
Office,43,30.34,77.81,No,Day,OFF,OFF,ON,53.7
Office,6,22.66,51.81,No,Day,ON,OFF,ON,46.68
Meeting Hall,30,25.41,47.21,No,Night,ON,ON,OFF,51.37
Corridor,37,33.3,69.79,Yes,Night,OFF,ON,ON,33.95
Office,65,20.13,72.65,No,Day,ON,OFF,ON,58.2
Office,78,18.65,71.83,No,Day,ON,ON,ON,60.01
Floor,21,27.53,61.2,No,Day,OFF,ON,OFF,50.53
Meeting Hall,74,29.9,44.81,No,Night,ON,OFF,ON,62.36
Meeting Hall,53,26.98,43.83,No,Day,ON,ON,ON,69.35
Corridor,53,23.77,41.43,No,Day,ON,OFF,ON,54.46
Meeting Hall,82,24.14,37.32,Yes,Day,ON,OFF,ON,69.13
Floor,5,20.54,49.63,No,Day,ON,OFF,OFF,52.13
Floor,72,23.3,72.8,No,Day,ON,OFF,ON,73.4
Corridor,61,30.9,79.81,No,Day,ON,ON,OFF,55.12
Floor,28,26.49,64.68,No,Day,ON,OFF,ON,66.38
Office,42,33.14,37.81,No,Day,OFF,OFF,ON,45.82
Office,66,20.86,63.68,Yes,Day,ON,ON,ON,60.93
Floor,61,25.52,43.77,No,Day,ON,OFF,OFF,72.25
Corridor,12,29.93,65.88,No,Day,OFF,OFF,ON,39.39
Meeting Hall,63,22.63,41.81,No,Day,OFF,OFF,OFF,48.76
Corridor,46,22.54,38.2,No,Day,ON,OFF,OFF,43.83
Meeting Hall,59,19.8,61.72,Yes,Day,OFF,ON,OFF,47.06
Floor,14,33.18,64.26,No,Night,ON,ON,OFF,62.64
Floor,4,20.93,39.24,Yes,Day,ON,ON,ON,56.34
Office,68,34.49,55.6,Yes,Day,OFF,ON,ON,52.89
Meeting Hall,1,25.63,74.03,No,Day,OFF,ON,ON,49.03
Corridor,37,34.69,64.24,No,Day,ON,ON,ON,56.07
Floor,93,18.69,63.79,No,Day,ON,OFF,ON,77.37
Corridor,53,27.64,66.18,Yes,Day,ON,ON,ON,51.81
Office,91,29.74,47.5,No,Day,ON,ON,ON,71.08
Meeting Hall,38,26.78,40.3,No,Day,OFF,ON,ON,54.83
Meeting Hall,95,27.69,66.68,No,Day,ON,OFF,ON,74.26
Floor,19,27.15,70.6,No,Night,ON,OFF,ON,60.38
Meeting Hall,19,20.54,74.79,No,Night,ON,OFF,ON,51.22
Floor,28,27.04,69.76,No,Night,OFF,ON,OFF,48.26
Office,34,27.21,47.3,No,Day,ON,ON,ON,57.52
Meeting Hall,31,24.04,53.35,No,Night,OFF,OFF,OFF,33.97
Floor,16,28.33,69.0,Yes,Night,OFF,ON,OFF,43.99
Corridor,50,25.0,56.88,No,Night,ON,OFF,OFF,40.39
Floor,7,30.84,57.86,Yes,Day,OFF,ON,ON,52.61
Meeting Hall,20,18.65,77.13,Yes,Night,OFF,ON,OFF,34.44
Office,22,18.17,77.88,Yes,Day,ON,ON,ON,49.62
Meeting Hall,50,26.91,68.06,No,Day,ON,OFF,OFF,61.63
Meeting Hall,90,34.82,70.48,No,Day,ON,ON,ON,82.17
Floor,5,25.57,43.22,No,Night,ON,ON,OFF,55.25
Corridor,51,18.2,59.69,No,Night,ON,ON,OFF,38.84
Meeting Hall,7,23.39,53.9,Yes,Day,ON,ON,ON,52.82
Corridor,98,25.94,32.05,No,Day,OFF,OFF,ON,49.2
Floor,68,33.32,74.18,Yes,Day,ON,ON,ON,81.89
Corridor,32,20.06,44.79,No,Day,ON,ON,ON,50.17
Floor,61,33.71,76.59,No,Day,ON,ON,ON,81.83
Office,64,33.98,61.82,Yes,Day,OFF,ON,ON,54.53
Corridor,62,28.9,70.65,Yes,Night,ON,ON,ON,51.47
Corridor,87,21.83,52.94,No,Day,ON,ON,ON,62.87
Office,31,27.12,39.37,No,Day,ON,OFF,ON,57.4
Corridor,54,31.88,73.74,No,Night,ON,OFF,OFF,42.61
Office,32,24.09,69.13,No,Night,ON,ON,ON,47.7
Meeting Hall,37,33.39,67.73,No,Night,ON,OFF,ON,60.07
Floor,1,19.48,40.64,No,Day,OFF,OFF,ON,46.8
Office,80,23.22,56.08,Yes,Night,OFF,ON,ON,41.31
Corridor,9,34.88,46.13,Yes,Day,ON,ON,OFF,36.96
Office,100,27.93,60.64,No,Night,ON,OFF,ON,59.3
Corridor,100,28.04,56.62,No,Night,OFF,OFF,ON,48.3
Meeting Hall,65,22.08,38.87,Yes,Night,ON,ON,OFF,49.93
Office,75,32.58,61.19,Yes,Day,OFF,ON,ON,55.29
Meeting Hall,100,25.29,31.91,Yes,Day,OFF,ON,ON,59.44
Floor,93,31.49,33.54,Yes,Night,OFF,ON,OFF,60.94
Corridor,14,31.78,39.14,Yes,Night,ON,OFF,ON,35.92
Corridor,86,20.97,58.94,No,Day,ON,OFF,ON,61.57
Meeting Hall,81,26.53,67.97,No,Night,ON,OFF,ON,64.63
Floor,60,24.53,69.12,No,Day,ON,ON,ON,79.01
Office,30,20.63,43.83,No,Day,ON,ON,ON,54.43
Office,37,20.1,49.21,No,Day,OFF,OFF,ON,40.21
Corridor,28,18.78,41.69,No,Day,ON,ON,OFF,43.23
Meeting Hall,77,29.93,31.82,No,Day,OFF,OFF,ON,59.35
Meeting Hall,42,31.3,54.75,No,Night,OFF,OFF,OFF,44.83
Office,22,26.01,57.25,No,Day,ON,OFF,ON,47.52
Floor,24,27.59,76.75,No,Day,ON,OFF,ON,72.73
Floor,27,22.45,65.59,No,Night,ON,OFF,OFF,50.58
Office,98,30.15,76.72,No,Night,ON,ON,ON,66.93
Office,93,27.93,43.98,No,Day,ON,OFF,ON,65.06
Meeting Hall,90,33.0,66.23,No,Day,ON,ON,ON,80.53
Floor,71,30.68,59.91,Yes,Day,OFF,OFF,ON,65.46
Office,82,18.32,44.84,No,Night,ON,ON,ON,57.68
Office,0,31.77,40.56,No,Day,ON,ON,OFF,45.46
Corridor,19,18.46,44.55,Yes,Day,OFF,OFF,OFF,26.53
Office,93,31.84,78.98,No,Night,ON,OFF,ON,64.98
Office,28,34.78,31.16,No,Day,ON,OFF,OFF,48.56
Floor,7,26.17,75.24,Yes,Day,ON,ON,OFF,63.11
Meeting Hall,61,21.86,68.58,No,Night,ON,OFF,ON,55.56
Floor,13,18.16,57.18,Yes,Day,ON,ON,ON,62.24
Meeting Hall,37,20.55,72.91,No,Day,OFF,ON,OFF,47.32
Corridor,2,26.56,32.6,No,Night,ON,OFF,ON,34.08
Office,2,31.71,57.21,No,Night,ON,OFF,ON,49.34
Corridor,54,32.82,44.27,No,Day,ON,ON,ON,61.93
Meeting Hall,77,29.62,30.49,No,Day,OFF,ON,OFF,56.49
Floor,20,19.48,60.95,No,Night,ON,OFF,OFF,50.04
Floor,34,34.85,62.89,No,Day,ON,OFF,OFF,69.35
Corridor,43,30.7,59.54,No,Day,ON,ON,ON,56.22
Meeting Hall,43,25.25,49.52,No,Day,ON,OFF,ON,61.34
Corridor,42,31.83,70.21,No,Day,ON,OFF,ON,57.12
Corridor,40,28.01,47.16,Yes,Night,OFF,ON,OFF,30.56
Office,26,28.25,60.2,No,Day,OFF,ON,OFF,41.49
Corridor,91,34.51,79.8,No,Night,ON,ON,OFF,52.81
Office,27,31.62,72.29,No,Night,ON,OFF,ON,47.23
Office,4,22.46,62.21,No,Night,ON,ON,ON,45.16
Floor,42,20.98,63.71,No,Night,OFF,OFF,ON,53.94
Office,62,20.93,72.05,Yes,Night,ON,OFF,ON,46.43
Office,38,25.73,38.79,Yes,Day,OFF,OFF,ON,38.14
Floor,9,24.61,35.51,No,Day,OFF,ON,ON,56.15
Corridor,62,25.7,41.04,No,Night,ON,ON,OFF,48.69
Meeting Hall,8,19.07,67.23,No,Day,OFF,OFF,OFF,35.72
Meeting Hall,83,21.44,68.49,No,Day,OFF,OFF,ON,66.0
Meeting Hall,92,31.56,31.41,Yes,Day,ON,ON,ON,68.76
Corridor,28,30.88,33.0,No,Day,ON,ON,ON,56.79
Office,27,24.69,79.08,No,Night,ON,OFF,ON,44.31
Meeting Hall,10,24.64,54.61,No,Night,ON,ON,ON,48.23
Corridor,84,33.02,56.8,Yes,Day,ON,OFF,OFF,54.86
Office,98,21.09,60.61,No,Night,ON,ON,ON,60.71
Floor,86,24.07,78.22,No,Day,ON,OFF,ON,77.84
Meeting Hall,92,30.98,37.98,No,Night,ON,ON,ON,69.02
Office,14,27.77,61.65,No,Day,OFF,OFF,OFF,34.15
Meeting Hall,80,19.02,33.79,No,Night,OFF,ON,OFF,46.65
Meeting Hall,23,18.2,55.67,No,Day,OFF,ON,OFF,43.55
Meeting Hall,34,18.33,52.01,Yes,Day,ON,ON,ON,60.62
Office,60,29.15,43.41,No,Night,OFF,OFF,ON,45.98
Corridor,19,28.58,52.03,No,Day,OFF,ON,OFF,36.35
Office,57,18.76,64.91,Yes,Night,ON,ON,ON,43.44
Meeting Hall,62,20.24,72.05,No,Day,OFF,OFF,ON,52.07
Office,99,30.28,69.25,No,Day,ON,ON,ON,80.1
Floor,74,23.26,59.24,No,Day,OFF,ON,ON,74.38
Corridor,93,34.86,74.85,No,Day,OFF,OFF,ON,58.63
Office,59,23.31,64.69,No,Day,OFF,OFF,OFF,40.56
Floor,38,23.71,71.91,No,Night,ON,ON,ON,63.28
Corridor,19,25.13,49.91,Yes,Day,ON,OFF,OFF,35.93
Floor,85,32.07,64.92,No,Night,ON,ON,OFF,73.72
Corridor,87,27.47,33.73,Yes,Day,ON,ON,ON,58.12
Office,57,32.57,77.86,Yes,Day,ON,ON,ON,58.13
Floor,63,25.26,61.47,No,Day,ON,ON,ON,75.23
Meeting Hall,13,28.34,72.84,No,Day,OFF,ON,OFF,50.73
Floor,35,18.08,54.27,No,Night,ON,ON,ON,61.16
Corridor,12,27.78,31.54,Yes,Day,OFF,ON,OFF,30.56
Office,0,19.37,54.6,No,Day,ON,ON,OFF,42.24
Corridor,90,21.28,66.29,Yes,Day,ON,ON,OFF,54.59
Floor,12,34.96,33.27,No,Day,ON,ON,OFF,61.89
Floor,34,28.83,35.02,No,Day,ON,ON,ON,77.51
Meeting Hall,7,32.78,32.72,Yes,Day,ON,ON,ON,58.15
Office,17,18.97,35.99,No,Day,OFF,OFF,ON,34.25
Office,33,24.54,60.72,Yes,Night,ON,OFF,ON,41.34
Floor,51,32.66,73.72,No,Night,OFF,OFF,OFF,51.58
Office,69,24.98,53.55,No,Day,OFF,OFF,OFF,42.19
Meeting Hall,57,22.31,70.44,No,Day,ON,ON,OFF,63.06
Corridor,26,26.18,49.93,No,Night,OFF,OFF,ON,22.06
Office,17,26.01,72.76,No,Night,OFF,OFF,ON,32.14
Floor,56,34.84,37.88,Yes,Night,OFF,ON,ON,56.41
Corridor,8,24.03,58.7,Yes,Night,OFF,OFF,ON,23.94
Corridor,63,34.27,56.01,No,Day,OFF,ON,ON,49.37
Meeting Hall,78,33.5,35.14,No,Night,ON,ON,OFF,58.33
Floor,22,25.64,41.91,Yes,Night,ON,ON,OFF,50.52
Office,58,34.06,54.23,No,Day,OFF,OFF,OFF,47.82
Floor,66,30.39,68.59,No,Day,OFF,OFF,ON,72.84
Corridor,72,33.05,75.24,No,Day,ON,OFF,ON,65.08
Floor,21,33.16,66.78,No,Day,ON,ON,OFF,68.47
Office,49,19.45,44.65,No,Day,OFF,OFF,ON,46.39
Office,22,33.25,35.14,No,Day,ON,ON,OFF,52.42
Meeting Hall,83,26.32,56.26,Yes,Day,ON,ON,ON,74.77
Office,51,28.83,47.22,No,Day,ON,OFF,OFF,51.99
Office,6,23.11,58.17,Yes,Day,OFF,ON,OFF,36.99
Floor,16,28.97,49.9,Yes,Night,ON,ON,ON,54.49
Floor,2,18.46,48.96,No,Day,ON,ON,OFF,57.5
Corridor,6,24.31,75.6,No,Night,OFF,ON,ON,28.48
Meeting Hall,76,28.69,63.38,Yes,Night,OFF,ON,ON,55.17
Floor,40,21.35,63.49,No,Night,ON,ON,OFF,60.13
Office,22,29.43,36.69,No,Night,ON,ON,OFF,45.53
Corridor,36,32.09,49.48,Yes,Day,ON,ON,OFF,49.4
Floor,67,18.63,68.14,No,Day,OFF,ON,ON,68.35
Meeting Hall,72,28.27,58.35,No,Day,ON,OFF,ON,71.64
Meeting Hall,69,27.87,53.02,Yes,Night,ON,OFF,OFF,51.0
Corridor,63,31.3,78.64,No,Day,OFF,OFF,ON,49.93
Corridor,17,29.86,36.82,No,Day,OFF,OFF,OFF,38.91
Corridor,34,25.73,38.04,No,Night,ON,ON,ON,45.21
Corridor,22,24.03,58.16,No,Night,ON,OFF,OFF,32.88
Corridor,94,34.76,50.26,Yes,Night,ON,OFF,OFF,52.87
Office,83,26.53,54.03,No,Day,ON,ON,OFF,61.59
Office,6,24.93,57.39,Yes,Day,ON,ON,OFF,45.49
Floor,60,34.88,36.37,No,Day,ON,OFF,ON,75.25
Meeting Hall,75,21.07,43.51,No,Day,ON,ON,ON,71.81
Office,100,21.16,56.86,No,Night,ON,OFF,ON,55.23
Office,48,34.6,39.68,No,Day,OFF,OFF,ON,51.9
Office,56,29.18,71.98,Yes,Day,ON,ON,ON,59.42
Floor,67,26.84,69.17,No,Night,ON,ON,OFF,67.98
Corridor,11,19.15,58.41,No,Day,OFF,OFF,ON,31.35
Floor,14,24.05,54.75,No,Night,ON,ON,OFF,54.35
Meeting Hall,1,25.37,76.48,No,Night,OFF,OFF,OFF,34.44
Meeting Hall,46,26.69,67.62,No,Night,ON,ON,ON,63.1
Meeting Hall,74,25.42,31.91,Yes,Day,ON,OFF,ON,64.06
Meeting Hall,55,25.45,41.17,No,Day,ON,ON,ON,73.89
Office,96,34.91,33.65,No,Night,ON,OFF,ON,64.41
Office,13,34.56,79.73,No,Night,ON,ON,ON,50.38
Floor,26,19.47,51.11,No,Day,OFF,ON,OFF,50.93
Corridor,3,20.87,36.71,No,Day,ON,OFF,ON,41.1
Meeting Hall,37,34.01,47.91,No,Day,OFF,ON,ON,62.4
Floor,83,23.42,79.0,No,Night,ON,ON,ON,78.25
Office,1,28.4,37.15,No,Day,OFF,ON,ON,40.04
Office,3,31.56,47.85,Yes,Day,ON,ON,OFF,46.2
Corridor,23,26.0,43.79,No,Day,OFF,ON,OFF,35.21
Corridor,8,18.28,69.51,No,Day,ON,OFF,OFF,33.88
Corridor,18,32.08,31.28,No,Night,OFF,ON,ON,38.12
Floor,61,30.86,77.34,Yes,Day,ON,ON,ON,74.64
Office,71,18.7,73.43,No,Day,OFF,ON,ON,52.91
Office,40,33.26,48.22,No,Day,ON,OFF,ON,59.75
Corridor,91,32.57,75.06,No,Day,OFF,OFF,ON,55.15
Meeting Hall,76,22.68,51.29,No,Day,OFF,ON,ON,59.83
Corridor,71,19.36,44.6,No,Day,OFF,OFF,ON,43.94
Floor,77,24.85,50.35,No,Day,ON,OFF,ON,81.64
Corridor,49,32.87,71.25,No,Night,OFF,ON,OFF,37.08
Corridor,73,26.2,58.06,Yes,Day,ON,ON,OFF,54.02
Floor,83,22.79,40.86,No,Night,ON,ON,ON,71.73
Corridor,64,21.94,33.48,Yes,Day,ON,ON,OFF,49.83
Office,75,24.04,60.33,No,Day,ON,OFF,OFF,52.0
Meeting Hall,98,34.9,70.92,No,Day,OFF,ON,OFF,66.76
Corridor,83,32.93,72.78,No,Day,ON,ON,OFF,58.82
Floor,75,27.3,71.15,Yes,Day,ON,ON,ON,74.06
Meeting Hall,11,31.74,55.67,No,Day,ON,OFF,ON,58.51
Floor,38,23.38,48.89,Yes,Day,OFF,ON,ON,57.02
Meeting Hall,28,28.46,78.77,Yes,Day,ON,ON,OFF,53.85
Meeting Hall,57,32.84,76.12,Yes,Day,OFF,OFF,OFF,46.51
Corridor,66,24.25,67.6,No,Day,ON,ON,ON,59.73
Office,70,31.61,51.5,No,Day,OFF,ON,ON,56.19
Corridor,86,28.44,78.67,No,Night,OFF,OFF,ON,50.0
Floor,76,28.46,48.7,No,Day,ON,OFF,OFF,76.23
Floor,74,18.7,64.22,Yes,Night,ON,ON,ON,65.66
Meeting Hall,24,33.29,44.72,No,Day,OFF,OFF,OFF,46.31
Meeting Hall,83,31.19,71.78,Yes,Night,OFF,OFF,ON,54.0
Office,48,18.62,73.01,Yes,Day,ON,ON,ON,52.65
Corridor,62,28.38,55.46,Yes,Night,ON,ON,OFF,42.6
Floor,26,30.68,58.11,No,Day,OFF,OFF,ON,60.14
Meeting Hall,69,31.52,77.43,No,Day,ON,ON,OFF,69.65
Office,69,19.51,37.11,No,Day,ON,ON,ON,57.7
Floor,57,28.88,53.57,No,Day,OFF,OFF,OFF,60.73
Meeting Hall,8,21.96,56.42,No,Night,ON,ON,OFF,48.26
Floor,84,25.67,70.82,Yes,Day,ON,ON,ON,81.38
Office,81,26.95,68.89,No,Day,OFF,ON,OFF,57.56
Office,0,18.46,60.1,No,Day,ON,OFF,ON,47.72
Floor,75,23.09,37.78,No,Day,OFF,ON,OFF,64.48
Corridor,64,31.56,50.31,No,Day,OFF,OFF,ON,43.93
Floor,91,32.32,34.56,No,Day,OFF,OFF,ON,71.25
Meeting Hall,23,23.61,37.52,Yes,Day,OFF,ON,OFF,43.66
Corridor,18,25.51,41.33,No,Day,ON,OFF,ON,47.88
Meeting Hall,13,32.13,46.68,No,Day,ON,OFF,ON,61.21
Floor,13,21.41,52.01,Yes,Day,ON,ON,ON,57.73
Corridor,89,30.43,66.03,No,Day,ON,ON,OFF,64.44
Meeting Hall,79,24.92,31.16,No,Day,ON,ON,ON,72.44
Floor,87,34.78,73.6,Yes,Day,ON,ON,ON,86.58
Floor,31,28.23,79.6,No,Night,ON,ON,ON,69.06
Corridor,5,20.52,78.21,No,Night,ON,ON,ON,45.1
Floor,93,20.92,51.25,No,Night,OFF,ON,OFF,60.16
Office,22,18.46,49.97,Yes,Day,OFF,ON,OFF,32.54
Meeting Hall,18,30.15,56.12,Yes,Night,ON,ON,OFF,41.95
Meeting Hall,88,25.54,63.23,No,Day,ON,ON,ON,78.48
Floor,88,18.19,43.88,No,Day,ON,ON,ON,80.32
Floor,1,19.72,62.75,No,Day,ON,ON,ON,61.73
Office,73,22.92,45.46,Yes,Night,OFF,OFF,OFF,29.5
Corridor,40,25.21,63.03,Yes,Night,OFF,ON,ON,33.81
Floor,52,33.95,62.63,Yes,Day,ON,OFF,ON,76.71
Floor,26,27.2,30.04,No,Day,ON,ON,OFF,71.4
Floor,7,33.2,73.56,No,Day,ON,OFF,ON,66.75
Floor,42,22.26,39.63,No,Night,ON,ON,OFF,55.69
Meeting Hall,32,23.65,79.64,No,Night,OFF,OFF,OFF,40.24
Floor,42,32.97,57.5,No,Day,ON,ON,OFF,70.71
Meeting Hall,82,26.35,49.33,No,Day,OFF,OFF,ON,62.87
Floor,29,28.03,34.59,Yes,Day,ON,ON,ON,70.19
Corridor,33,27.76,64.05,No,Night,ON,ON,ON,45.51
Office,77,28.97,47.99,No,Night,ON,ON,ON,60.59
Corridor,99,28.01,78.15,Yes,Day,ON,OFF,ON,54.96
Floor,19,29.8,72.86,Yes,Day,OFF,OFF,ON,57.01
Floor,86,20.5,36.22,No,Night,OFF,ON,ON,60.98
Floor,61,30.08,52.88,No,Day,OFF,OFF,ON,63.64
Corridor,78,20.56,52.21,No,Night,ON,OFF,ON,49.49
Floor,1,23.79,65.44,Yes,Day,OFF,ON,OFF,44.88
Corridor,87,32.13,43.65,No,Night,ON,OFF,OFF,49.07
Meeting Hall,87,28.33,71.81,No,Night,ON,ON,OFF,62.74
Office,94,34.44,77.07,No,Day,ON,ON,ON,74.59
Office,79,22.29,57.62,No,Night,ON,OFF,ON,53.89
Corridor,67,33.65,76.36,Yes,Day,OFF,ON,ON,55.59
Meeting Hall,97,28.91,46.27,Yes,Night,OFF,OFF,OFF,53.29
Corridor,78,24.28,45.87,Yes,Night,ON,OFF,ON,48.96
Meeting Hall,82,31.38,66.17,No,Day,ON,OFF,OFF,67.76
Floor,18,34.23,52.22,No,Day,ON,ON,ON,68.82
Meeting Hall,34,31.25,43.81,No,Day,ON,ON,ON,65.32
Meeting Hall,19,18.11,45.48,No,Night,ON,ON,OFF,39.89
Meeting Hall,40,18.17,71.62,No,Night,OFF,OFF,OFF,31.71
Office,28,20.14,62.35,No,Day,ON,ON,ON,55.69
Meeting Hall,14,32.46,69.57,No,Night,OFF,ON,ON,46.45
Floor,83,30.75,50.64,No,Day,ON,ON,ON,86.47
Floor,31,28.88,76.94,Yes,Day,ON,ON,ON,71.96
Floor,12,29.81,74.54,No,Day,ON,ON,OFF,64.35
Meeting Hall,6,28.54,31.79,Yes,Day,OFF,ON,OFF,36.05
Corridor,53,23.91,48.25,Yes,Day,ON,ON,ON,52.05
Corridor,15,30.25,33.7,No,Day,ON,OFF,OFF,36.23
Floor,9,33.9,41.89,No,Day,OFF,OFF,ON,54.33
Office,55,30.74,76.28,Yes,Night,ON,OFF,ON,57.5
Corridor,65,32.74,74.8,Yes,Day,OFF,ON,ON,50.79
Meeting Hall,37,22.03,32.8,No,Day,ON,OFF,ON,61.71
Corridor,52,23.94,31.79,Yes,Day,OFF,OFF,OFF,29.01
Floor,81,26.63,62.29,No,Night,ON,OFF,ON,74.19
Office,33,26.02,41.79,Yes,Night,ON,ON,ON,44.21
Corridor,84,25.92,30.11,Yes,Night,ON,OFF,ON,48.35
Corridor,84,28.89,71.65,No,Night,ON,ON,OFF,50.74
Floor,0,32.54,49.21,No,Day,OFF,ON,OFF,54.99
Office,78,33.08,50.86,Yes,Day,OFF,ON,OFF,50.36
Office,73,20.56,35.46,No,Night,ON,OFF,ON,53.51
Floor,58,19.53,53.76,Yes,Night,ON,ON,ON,64.08
Meeting Hall,98,23.29,68.81,Yes,Day,ON,ON,ON,78.53
Corridor,24,30.53,44.98,No,Night,OFF,OFF,ON,34.0
Meeting Hall,31,31.49,71.39,No,Night,ON,ON,ON,61.19
Corridor,30,24.52,62.51,No,Night,ON,ON,ON,48.0
Corridor,73,23.28,50.76,No,Night,OFF,ON,ON,51.39
Meeting Hall,2,20.22,55.23,No,Day,ON,ON,OFF,47.85
Floor,85,22.05,35.59,No,Day,ON,ON,ON,76.39
Floor,65,19.71,74.69,Yes,Day,ON,ON,OFF,65.91
Corridor,86,23.17,74.69,Yes,Day,OFF,OFF,ON,45.15
Floor,40,29.49,49.12,No,Night,ON,OFF,ON,68.51
Corridor,61,20.19,62.95,No,Day,OFF,ON,ON,48.28
Floor,52,23.46,68.23,No,Day,ON,ON,OFF,67.87
Corridor,87,26.99,71.29,No,Day,ON,ON,ON,65.33
Floor,95,23.56,66.23,No,Night,OFF,ON,ON,67.85
Office,32,25.47,55.06,Yes,Day,ON,ON,ON,49.3
Meeting Hall,90,26.45,64.89,No,Day,ON,ON,ON,68.01
Office,12,31.18,77.37,No,Day,ON,ON,ON,58.98
Meeting Hall,100,32.33,53.57,No,Day,ON,ON,ON,78.96
Meeting Hall,38,21.27,34.09,Yes,Night,OFF,ON,ON,48.45
Corridor,28,24.28,70.43,No,Night,ON,OFF,ON,45.46
Meeting Hall,24,27.78,66.06,No,Day,OFF,OFF,ON,46.14
Office,18,26.49,44.85,No,Night,ON,OFF,ON,40.94
Office,64,19.37,59.41,No,Day,OFF,OFF,ON,46.91
Floor,98,23.86,33.64,No,Night,OFF,ON,ON,70.42
Office,15,21.87,53.95,No,Day,ON,OFF,OFF,40.34
Floor,71,25.09,49.95,No,Night,ON,ON,ON,67.71
Meeting Hall,70,23.75,42.54,Yes,Day,ON,OFF,ON,67.74
Office,84,29.82,37.69,No,Day,ON,OFF,ON,70.4
Meeting Hall,74,24.82,47.19,No,Day,OFF,ON,ON,57.84
Office,89,22.11,76.81,No,Day,OFF,ON,OFF,52.35
Office,59,28.53,55.68,Yes,Night,ON,ON,OFF,40.88
Floor,78,30.36,40.06,No,Day,OFF,ON,OFF,68.91
Meeting Hall,56,19.84,71.77,Yes,Day,ON,OFF,ON,64.34
Office,44,22.27,43.47,Yes,Night,ON,OFF,OFF,38.38
Corridor,51,21.55,70.14,No,Day,ON,ON,ON,55.17
Meeting Hall,5,21.42,30.83,Yes,Night,ON,ON,ON,43.32
Meeting Hall,59,33.33,76.17,Yes,Day,ON,ON,OFF,69.06
Meeting Hall,36,20.14,56.73,No,Day,ON,OFF,ON,60.7
Floor,53,32.81,68.16,Yes,Night,ON,OFF,ON,64.25
Corridor,3,24.7,45.71,No,Day,OFF,ON,OFF,32.91
Meeting Hall,82,28.89,72.3,Yes,Day,OFF,OFF,ON,58.18
Office,46,25.5,64.58,No,Night,ON,OFF,ON,47.65
Office,84,28.18,32.36,No,Day,ON,ON,ON,73.08
Floor,36,27.38,32.03,No,Night,ON,OFF,ON,61.32
Office,81,25.36,48.05,Yes,Night,OFF,ON,OFF,40.02
Meeting Hall,41,22.68,32.59,Yes,Day,OFF,ON,OFF,47.16
Office,47,33.82,32.17,Yes,Night,OFF,ON,ON,45.09
Meeting Hall,99,33.57,48.88,No,Day,ON,OFF,ON,78.37
Office,60,19.21,41.54,No,Day,ON,ON,OFF,50.89
Corridor,61,21.8,47.54,Yes,Night,ON,OFF,ON,42.14
Floor,54,27.76,50.18,Yes,Night,ON,OFF,ON,62.41
Floor,36,34.67,34.28,Yes,Night,ON,OFF,OFF,54.9
Corridor,14,30.37,60.3,No,Night,OFF,OFF,ON,33.39
Corridor,58,31.91,47.39,No,Day,ON,ON,OFF,54.81
Floor,62,23.34,68.04,No,Day,ON,ON,OFF,68.93
Corridor,65,21.72,79.56,No,Day,OFF,ON,ON,47.22
Meeting Hall,41,21.84,49.08,No,Day,ON,ON,ON,66.16
Office,30,26.22,67.1,Yes,Day,OFF,OFF,ON,44.0
Floor,5,32.59,44.76,No,Night,ON,OFF,OFF,53.21
Corridor,18,21.68,70.56,No,Day,ON,ON,ON,49.35
Meeting Hall,37,27.7,64.15,No,Night,ON,OFF,ON,56.36
Floor,78,31.75,42.46,No,Night,OFF,OFF,OFF,51.19
Corridor,32,26.51,53.03,No,Day,ON,OFF,ON,48.85
Floor,89,25.09,70.31,No,Day,ON,ON,OFF,81.33
Corridor,52,23.89,65.47,No,Day,ON,OFF,ON,55.41
Floor,29,28.21,31.58,No,Day,OFF,ON,ON,60.25
Meeting Hall,74,31.9,30.08,No,Night,ON,ON,ON,67.89
Meeting Hall,64,34.93,67.69,Yes,Day,OFF,ON,ON,59.85
Office,13,32.78,52.68,No,Night,OFF,ON,OFF,35.13
Floor,9,25.7,55.57,No,Night,OFF,ON,OFF,46.86
Office,16,19.35,78.23,No,Day,OFF,ON,ON,43.27
Floor,74,20.05,36.61,No,Night,ON,OFF,ON,65.24
Corridor,14,18.5,31.61,No,Day,ON,OFF,ON,42.88
Corridor,75,24.17,39.45,Yes,Day,ON,OFF,ON,50.91
Office,2,26.19,65.63,No,Day,ON,ON,OFF,48.1
Floor,21,31.95,39.11,Yes,Day,OFF,OFF,ON,58.63
Office,55,19.46,56.43,No,Day,ON,OFF,ON,56.45
Meeting Hall,58,21.88,72.78,No,Night,OFF,ON,ON,51.12
Office,25,26.68,72.02,Yes,Day,OFF,OFF,OFF,26.84
Office,49,32.45,40.51,Yes,Day,ON,OFF,ON,53.82
Corridor,86,19.49,74.86,No,Day,ON,ON,ON,66.95
Office,79,22.14,79.69,No,Day,ON,OFF,ON,62.07
Floor,60,27.25,78.7,Yes,Day,ON,OFF,ON,70.33
Corridor,54,23.51,74.56,No,Day,ON,OFF,OFF,45.09
Office,63,34.87,33.16,No,Day,ON,OFF,ON,66.22
Meeting Hall,2,25.69,61.36,Yes,Day,ON,OFF,ON,50.99
Office,29,33.49,52.0,No,Day,OFF,OFF,ON,49.46
Office,57,34.0,43.96,No,Night,ON,OFF,ON,48.05
Office,12,22.41,45.78,No,Day,ON,OFF,ON,48.91
Corridor,71,23.55,77.15,No,Night,OFF,OFF,ON,37.72
Floor,23,23.51,77.6,Yes,Day,ON,OFF,OFF,57.32
Meeting Hall,68,25.42,35.06,Yes,Day,ON,ON,ON,65.23
Office,6,19.07,40.18,Yes,Day,OFF,OFF,OFF,22.9
Floor,50,31.73,75.9,No,Day,OFF,ON,OFF,65.1
Floor,53,20.22,60.7,No,Day,OFF,ON,OFF,57.14
Corridor,50,33.19,65.31,No,Night,ON,ON,ON,52.17
Meeting Hall,26,27.8,47.38,No,Day,ON,ON,OFF,56.78
Corridor,11,26.19,42.07,No,Night,ON,ON,OFF,36.91
Floor,40,29.23,52.27,No,Day,OFF,OFF,ON,60.5
Floor,88,33.86,47.04,No,Day,ON,OFF,OFF,75.74
Floor,32,23.04,77.23,Yes,Day,ON,ON,ON,64.89
Corridor,78,22.59,38.25,Yes,Day,OFF,OFF,ON,47.24
Meeting Hall,30,24.29,79.59,No,Night,OFF,OFF,OFF,35.29
Office,10,26.28,75.32,No,Night,OFF,ON,ON,41.47
Corridor,35,19.29,58.56,No,Night,ON,ON,OFF,41.73
Floor,5,29.56,47.12,No,Day,ON,ON,OFF,66.49
Corridor,44,26.86,66.18,Yes,Day,OFF,OFF,ON,36.98
Floor,59,27.18,54.03,No,Night,ON,ON,ON,71.05
Office,89,22.24,48.75,No,Day,ON,OFF,OFF,56.29
Office,71,32.29,46.63,No,Night,ON,ON,ON,61.67
Meeting Hall,36,24.77,34.01,No,Day,OFF,ON,ON,52.94
Floor,100,29.09,51.73,No,Night,ON,ON,ON,79.13
Meeting Hall,29,22.08,42.39,No,Night,OFF,ON,ON,43.98
Meeting Hall,37,31.88,30.97,No,Night,ON,OFF,ON,54.32
Office,15,23.1,41.67,No,Day,ON,ON,ON,50.18
Corridor,78,33.67,41.74,No,Day,OFF,ON,ON,58.71
Corridor,37,25.73,45.11,Yes,Day,ON,ON,ON,51.35
Meeting Hall,52,20.47,77.27,Yes,Night,OFF,OFF,ON,35.04
Office,7,28.39,74.98,Yes,Night,ON,OFF,ON,42.72
Floor,98,27.46,31.6,Yes,Day,ON,OFF,OFF,73.55
Corridor,8,25.16,41.91,No,Day,OFF,OFF,OFF,27.01
Meeting Hall,20,31.94,52.11,No,Day,OFF,ON,ON,56.18
Corridor,40,25.16,43.89,Yes,Night,OFF,ON,OFF,24.75
Corridor,68,20.32,49.76,Yes,Day,ON,ON,ON,52.45
Floor,18,18.49,71.53,Yes,Day,ON,ON,ON,62.63
Office,79,33.17,58.46,No,Day,OFF,ON,ON,57.33
Floor,17,25.93,50.97,No,Day,ON,OFF,OFF,63.24
Office,75,27.57,54.29,No,Night,OFF,OFF,ON,43.2
Corridor,79,19.95,43.74,No,Day,ON,ON,ON,63.25
Meeting Hall,4,26.32,40.5,Yes,Day,OFF,ON,ON,37.64
Floor,66,27.07,40.62,No,Day,OFF,OFF,OFF,59.11
Office,70,25.91,69.93,Yes,Day,ON,OFF,ON,61.42
Corridor,31,34.22,39.67,No,Day,OFF,ON,OFF,38.09
Office,94,27.71,75.56,No,Day,ON,ON,ON,70.89
Office,77,34.56,52.47,No,Day,ON,OFF,OFF,57.58
Office,87,20.61,56.67,No,Day,ON,OFF,ON,61.94
Corridor,47,33.54,60.55,No,Night,ON,ON,ON,53.85
Meeting Hall,32,27.4,45.31,Yes,Night,ON,ON,OFF,44.52
Meeting Hall,68,23.03,74.78,Yes,Night,ON,ON,OFF,58.87
Meeting Hall,71,30.68,60.42,No,Night,ON,OFF,OFF,57.96
Office,1,27.46,74.98,No,Day,ON,ON,ON,59.25
Corridor,53,27.79,55.38,Yes,Day,ON,OFF,OFF,42.91
Office,41,20.92,31.95,No,Night,ON,ON,OFF,41.32
Meeting Hall,34,29.56,31.56,No,Day,OFF,OFF,ON,46.11
Meeting Hall,60,23.0,45.38,No,Day,ON,OFF,OFF,50.28
Corridor,59,24.05,72.37,No,Day,OFF,ON,ON,53.84
Office,97,33.41,43.32,No,Day,ON,ON,ON,70.05
Floor,93,21.05,54.22,No,Day,ON,ON,ON,82.0
Floor,48,33.07,40.08,No,Day,ON,OFF,ON,69.75
Meeting Hall,22,26.51,67.5,No,Day,OFF,ON,ON,56.35
Corridor,67,21.03,63.49,No,Night,ON,OFF,ON,47.14
Office,34,31.8,75.12,No,Day,OFF,OFF,ON,48.24
Office,13,29.09,47.75,Yes,Night,ON,ON,ON,42.98
Meeting Hall,21,23.9,79.24,Yes,Day,ON,OFF,OFF,51.11
Meeting Hall,29,23.11,73.88,No,Day,OFF,OFF,ON,53.37
Office,2,25.16,52.42,No,Day,ON,OFF,ON,45.08
Office,74,20.32,73.01,No,Day,ON,ON,ON,65.97
Meeting Hall,9,31.76,51.24,Yes,Day,ON,OFF,ON,52.94
Office,66,22.74,69.38,No,Day,ON,ON,ON,65.92
Floor,40,32.06,48.0,No,Night,ON,OFF,ON,62.66
Meeting Hall,47,30.43,42.77,No,Night,ON,ON,ON,62.15
Office,49,34.01,66.88,Yes,Day,OFF,OFF,OFF,40.28
Meeting Hall,68,19.69,78.23,No,Day,OFF,OFF,ON,58.04
Corridor,57,23.94,66.32,Yes,Day,ON,ON,ON,51.88
Meeting Hall,14,28.61,78.82,No,Day,ON,ON,ON,61.88
Meeting Hall,47,32.6,76.03,No,Day,ON,ON,ON,72.65
Corridor,5,20.65,51.31,Yes,Night,OFF,ON,ON,26.44
Floor,3,32.64,55.25,No,Day,ON,OFF,ON,63.58
Office,22,19.14,39.52,No,Night,ON,OFF,ON,41.87
Corridor,44,26.06,51.96,No,Day,ON,ON,OFF,59.07
Meeting Hall,64,19.44,68.36,No,Night,ON,ON,OFF,54.93
Office,55,20.55,56.12,No,Day,OFF,OFF,ON,40.17
Corridor,97,31.17,78.67,No,Night,ON,ON,ON,64.27
Office,62,18.32,35.75,No,Night,OFF,OFF,OFF,33.52
Office,14,27.44,55.39,No,Day,ON,ON,OFF,47.34
Corridor,3,19.67,56.61,Yes,Day,ON,OFF,OFF,32.51
Office,90,31.79,37.44,Yes,Night,ON,ON,ON,58.05
Floor,76,31.74,69.85,Yes,Night,ON,ON,OFF,70.12
Corridor,31,29.95,70.91,No,Day,ON,ON,OFF,52.03
Floor,8,30.85,74.87,Yes,Day,ON,OFF,ON,64.2
Meeting Hall,100,28.04,76.85,No,Day,ON,ON,OFF,76.03
Office,88,26.25,67.37,No,Day,OFF,OFF,OFF,49.03
Meeting Hall,56,24.97,72.09,No,Day,ON,ON,ON,69.58
Meeting Hall,66,29.24,33.65,No,Day,ON,ON,OFF,68.29
Office,38,24.51,49.19,No,Day,OFF,ON,OFF,43.08
Corridor,39,18.05,44.25,Yes,Night,ON,ON,OFF,33.92
Office,15,19.71,69.69,No,Night,OFF,ON,OFF,26.87
Meeting Hall,80,29.08,45.43,No,Day,OFF,ON,ON,59.64
Meeting Hall,90,24.2,55.05,No,Night,ON,OFF,ON,64.56
Corridor,9,34.82,51.19,Yes,Day,ON,OFF,ON,45.17
Office,52,24.02,67.93,No,Day,OFF,OFF,OFF,41.97
Meeting Hall,64,19.84,58.84,No,Night,OFF,ON,ON,47.63
Floor,49,23.58,49.73,No,Day,ON,ON,ON,77.59
Meeting Hall,28,29.68,36.55,Yes,Day,ON,ON,ON,63.7
Meeting Hall,17,26.98,38.16,No,Day,ON,ON,ON,63.02
Corridor,51,28.38,66.08,No,Day,OFF,ON,ON,50.54
Floor,31,19.89,31.68,No,Night,ON,ON,OFF,52.44
Meeting Hall,100,32.06,51.93,No,Night,OFF,ON,ON,70.34
Meeting Hall,32,33.34,66.5,No,Night,OFF,ON,OFF,48.25
Floor,85,20.47,48.24,No,Night,OFF,ON,OFF,56.59
Office,10,28.64,62.53,No,Night,OFF,ON,ON,33.75
Office,100,21.91,68.45,No,Night,ON,ON,ON,62.14
Meeting Hall,28,21.1,74.0,Yes,Day,ON,OFF,OFF,47.45
Meeting Hall,19,21.48,41.22,No,Night,ON,ON,ON,53.57
Office,21,26.86,65.21,No,Day,ON,ON,ON,55.37
Corridor,95,33.06,57.94,Yes,Night,ON,ON,ON,53.0
Floor,71,31.92,52.95,No,Day,OFF,ON,OFF,63.91
Floor,85,20.44,50.93,Yes,Night,ON,OFF,ON,67.71
Corridor,14,26.67,73.64,No,Night,OFF,ON,OFF,26.21
Corridor,34,20.57,38.96,No,Night,ON,ON,ON,40.96
Corridor,79,25.45,68.92,Yes,Night,ON,OFF,ON,50.91
Corridor,92,27.56,33.83,No,Day,ON,ON,ON,66.31
Corridor,33,31.8,57.39,Yes,Day,OFF,OFF,ON,35.95
Corridor,19,32.64,38.0,No,Day,OFF,OFF,ON,43.0
Floor,76,18.47,52.98,No,Day,ON,ON,ON,74.27
Corridor,55,29.72,54.12,No,Day,ON,ON,ON,61.67
Office,50,24.97,66.6,Yes,Day,OFF,OFF,OFF,39.67
Corridor,76,26.41,40.45,Yes,Day,ON,OFF,OFF,47.89
Corridor,94,21.77,44.75,No,Night,ON,OFF,ON,54.02
Floor,84,18.58,55.05,No,Night,ON,ON,ON,67.08
Floor,49,32.2,67.82,Yes,Day,ON,ON,ON,77.83
Corridor,29,21.92,57.22,Yes,Day,ON,OFF,ON,43.35
Floor,24,32.97,69.7,Yes,Day,ON,ON,ON,74.52
Meeting Hall,93,19.18,62.73,No,Day,ON,ON,ON,69.0
Floor,73,24.94,75.96,No,Day,ON,OFF,ON,73.46
Floor,70,30.62,63.44,Yes,Day,ON,ON,ON,79.02
Floor,97,22.36,47.32,No,Day,ON,OFF,ON,75.53
Floor,3,34.45,35.04,Yes,Day,ON,OFF,OFF,55.34
Office,62,28.84,65.22,No,Day,ON,ON,OFF,57.19
Office,21,21.7,79.13,No,Day,ON,OFF,OFF,43.1
Office,56,31.49,54.38,No,Night,ON,OFF,ON,51.96
Corridor,92,34.74,36.76,No,Night,ON,ON,OFF,52.84
Corridor,53,22.23,46.02,No,Day,ON,ON,ON,53.09
Meeting Hall,3,31.98,50.52,No,Day,ON,ON,OFF,56.12
Office,64,34.61,36.87,No,Day,ON,OFF,OFF,52.59
Corridor,47,21.75,46.6,No,Day,ON,ON,ON,56.21
Floor,22,21.99,69.94,Yes,Day,ON,ON,ON,61.96
Floor,22,30.19,45.86,No,Day,OFF,ON,ON,64.86
Office,5,34.16,79.93,No,Day,ON,ON,ON,54.15
Meeting Hall,68,29.82,44.54,Yes,Day,OFF,ON,OFF,55.43
Meeting Hall,63,26.58,34.96,Yes,Night,OFF,ON,OFF,42.2
Floor,86,19.79,69.41,No,Day,OFF,ON,ON,70.89
Meeting Hall,70,33.71,36.05,Yes,Day,ON,ON,ON,73.18
Office,4,19.17,32.38,No,Day,ON,OFF,ON,44.03
Floor,32,21.6,49.8,No,Day,OFF,OFF,ON,55.47
Corridor,25,25.66,75.08,No,Night,ON,ON,OFF,39.44
Corridor,58,26.51,58.52,No,Day,ON,OFF,ON,50.2
Meeting Hall,84,18.94,75.89,No,Day,ON,ON,ON,76.52
Floor,33,19.4,73.67,No,Day,OFF,ON,OFF,51.16
Floor,25,20.13,33.8,Yes,Day,ON,ON,OFF,58.93
Corridor,73,18.67,32.79,No,Day,ON,ON,ON,57.73
Floor,65,34.62,44.89,Yes,Day,OFF,ON,OFF,57.38
Floor,19,22.05,74.16,Yes,Night,ON,ON,ON,55.01
Floor,13,32.95,55.25,No,Day,OFF,ON,OFF,56.96
Meeting Hall,70,31.33,77.9,Yes,Day,ON,ON,ON,68.35
Floor,73,30.0,44.93,No,Day,OFF,ON,ON,68.92
Office,94,29.18,52.32,Yes,Night,ON,OFF,OFF,51.63
Meeting Hall,7,26.48,31.3,Yes,Night,OFF,ON,ON,37.15
Floor,57,27.59,73.68,Yes,Night,OFF,OFF,ON,56.96
Floor,0,33.14,38.0,Yes,Night,OFF,ON,ON,46.53
Office,92,31.22,79.33,No,Night,OFF,ON,ON,51.01
Meeting Hall,30,21.92,45.22,No,Day,ON,OFF,ON,54.42
Corridor,7,19.77,77.26,No,Night,OFF,OFF,ON,26.95
Corridor,79,22.99,63.52,No,Night,ON,ON,ON,53.92
Meeting Hall,82,20.25,58.75,Yes,Day,OFF,ON,ON,60.5
Floor,89,34.23,36.01,No,Day,OFF,ON,OFF,67.52
Floor,59,24.51,35.21,Yes,Night,ON,OFF,ON,62.16
Corridor,61,20.94,43.29,No,Night,ON,ON,OFF,42.17
Corridor,9,28.58,47.88,No,Night,ON,OFF,ON,37.43
Corridor,17,24.77,60.85,No,Night,OFF,OFF,OFF,21.68
Office,65,21.71,38.39,No,Night,ON,ON,ON,50.69
Corridor,100,18.98,64.63,No,Day,ON,OFF,ON,59.09
Office,92,19.57,32.8,No,Day,OFF,OFF,OFF,48.09
Meeting Hall,65,27.58,73.26,No,Day,OFF,ON,ON,71.36
Floor,51,30.76,73.85,No,Day,OFF,ON,ON,70.28
Corridor,66,33.74,74.81,No,Day,OFF,OFF,ON,52.09
Floor,87,27.95,51.23,No,Day,OFF,ON,ON,73.1
Floor,8,29.1,36.51,No,Day,OFF,OFF,OFF,45.23
Corridor,47,22.11,55.48,Yes,Night,ON,ON,OFF,41.0
Corridor,59,22.66,67.92,No,Day,OFF,ON,ON,48.52
Meeting Hall,77,25.1,43.45,No,Night,OFF,OFF,ON,47.82
Office,51,32.77,63.35,No,Night,OFF,ON,ON,53.36
Office,42,25.4,30.94,Yes,Day,OFF,ON,ON,49.33
Floor,74,22.07,70.63,No,Day,ON,OFF,ON,77.23
Corridor,49,33.63,40.88,No,Night,ON,OFF,OFF,40.27
Meeting Hall,87,24.99,75.62,No,Night,OFF,ON,ON,56.13
Meeting Hall,13,19.35,57.12,No,Day,ON,OFF,OFF,43.9
Meeting Hall,17,27.27,48.77,No,Day,ON,ON,ON,67.12
Meeting Hall,99,28.65,66.86,Yes,Day,ON,OFF,OFF,61.96
Meeting Hall,76,34.24,45.65,Yes,Day,ON,ON,ON,70.79
Office,33,31.71,65.75,No,Day,OFF,ON,ON,52.77
Office,82,19.72,45.63,No,Day,ON,OFF,OFF,53.11
Office,40,26.7,72.36,Yes,Day,ON,OFF,ON,47.74
Corridor,74,25.38,79.06,No,Night,ON,OFF,ON,54.16
Floor,48,24.69,62.89,No,Day,ON,ON,ON,80.38
Meeting Hall,89,20.38,56.9,No,Night,OFF,OFF,ON,49.49
Corridor,68,24.38,52.99,No,Night,ON,ON,ON,51.37
Meeting Hall,84,25.99,76.46,Yes,Night,ON,ON,ON,67.99
Office,8,21.72,51.89,No,Day,ON,OFF,ON,48.31
Corridor,47,27.79,70.5,No,Day,OFF,ON,ON,45.53
Office,11,21.76,30.19,No,Night,OFF,ON,OFF,32.74
Meeting Hall,64,20.06,74.62,No,Night,OFF,OFF,OFF,38.87
Meeting Hall,13,34.73,49.34,No,Day,ON,OFF,ON,62.05
Floor,63,29.7,43.93,No,Day,ON,OFF,OFF,65.6
Meeting Hall,25,28.11,37.54,No,Night,OFF,ON,OFF,42.38
Office,6,23.57,33.58,No,Day,ON,ON,ON,46.63
Meeting Hall,54,21.54,74.11,No,Day,ON,ON,ON,65.82
Floor,58,20.24,46.58,Yes,Night,ON,ON,OFF,54.67
Floor,79,19.06,78.62,No,Day,ON,ON,OFF,67.85
Office,78,29.9,51.05,Yes,Day,ON,ON,OFF,54.96
Corridor,55,22.7,77.39,No,Night,ON,ON,ON,50.53
Meeting Hall,67,23.41,62.91,No,Day,ON,ON,OFF,60.34
Floor,29,20.74,37.7,Yes,Day,ON,OFF,ON,54.82
Meeting Hall,22,19.99,45.3,No,Day,OFF,ON,OFF,42.75
Meeting Hall,85,26.41,77.05,No,Day,ON,OFF,OFF,72.63
Corridor,78,30.37,51.46,No,Night,ON,ON,ON,59.57
Floor,16,34.85,32.81,No,Day,ON,ON,ON,75.12
Meeting Hall,1,23.77,47.01,No,Day,ON,ON,ON,56.58
Floor,71,29.29,73.81,No,Day,ON,ON,ON,82.88
Office,69,19.97,79.88,Yes,Day,OFF,ON,ON,48.41
Office,38,27.45,31.48,Yes,Day,OFF,OFF,OFF,33.24
Meeting Hall,91,26.81,53.55,Yes,Day,ON,ON,OFF,62.93
Floor,47,18.54,42.3,No,Day,ON,OFF,OFF,61.77
Meeting Hall,4,26.21,79.08,No,Day,ON,OFF,ON,52.6
Floor,20,26.42,49.2,No,Day,OFF,ON,ON,57.78
Floor,49,24.32,76.68,No,Night,OFF,ON,ON,52.71
Corridor,19,27.75,60.53,Yes,Day,ON,OFF,OFF,38.4
Corridor,97,18.77,74.59,No,Day,ON,OFF,OFF,50.76
Corridor,70,32.36,77.46,Yes,Day,ON,OFF,OFF,52.6
Meeting Hall,93,26.85,35.24,No,Night,ON,OFF,OFF,59.09
Corridor,93,18.55,40.09,No,Day,OFF,ON,ON,50.31
Corridor,78,34.72,43.27,Yes,Night,ON,ON,ON,51.01
Office,90,24.49,56.76,No,Day,ON,OFF,OFF,58.97
Floor,72,34.77,42.06,Yes,Night,ON,ON,OFF,71.24
Floor,26,21.07,76.69,No,Day,ON,ON,ON,72.06
Corridor,1,18.51,39.04,Yes,Night,ON,OFF,ON,30.5
Floor,99,30.13,38.55,No,Night,OFF,ON,ON,68.05
Office,90,34.07,37.58,Yes,Day,ON,ON,ON,68.97
Office,46,19.32,51.8,No,Day,ON,OFF,ON,47.48
Corridor,39,30.5,32.26,No,Day,OFF,ON,ON,43.22
Office,88,19.18,64.0,No,Day,ON,OFF,ON,64.41
Floor,35,31.5,42.43,No,Night,ON,OFF,ON,60.46
Meeting Hall,70,27.88,76.67,No,Day,ON,ON,OFF,67.79
Floor,12,31.29,38.99,No,Day,OFF,ON,ON,59.85
Meeting Hall,100,24.32,33.94,Yes,Day,ON,OFF,ON,62.79
Corridor,83,33.39,50.12,Yes,Day,OFF,ON,ON,55.12
Meeting Hall,21,23.15,42.26,No,Night,ON,ON,ON,56.83
Office,17,22.81,73.45,No,Night,ON,OFF,ON,48.63
Floor,74,34.33,56.02,No,Day,OFF,OFF,ON,73.04
Meeting Hall,5,20.09,53.84,Yes,Night,ON,ON,ON,45.88
Floor,67,28.07,68.91,No,Night,OFF,ON,ON,64.7
Corridor,66,27.76,62.63,Yes,Day,ON,OFF,ON,55.83
Corridor,51,22.02,30.48,No,Night,ON,OFF,ON,44.56
Office,69,23.39,64.27,No,Day,OFF,ON,OFF,54.35
Corridor,78,22.87,65.62,Yes,Day,ON,OFF,OFF,50.48
Meeting Hall,2,32.38,38.72,No,Day,ON,ON,ON,63.17
Corridor,16,24.62,65.47,Yes,Night,ON,ON,OFF,33.59
Office,93,24.1,79.69,No,Day,ON,ON,ON,63.16
Floor,85,28.82,44.7,No,Day,ON,ON,ON,75.47
Floor,65,26.42,31.93,No,Day,OFF,OFF,ON,61.63
Corridor,56,25.24,72.52,No,Day,OFF,ON,OFF,46.41
Meeting Hall,79,30.06,40.25,Yes,Night,OFF,OFF,ON,51.58
Office,21,25.01,68.92,No,Day,OFF,ON,ON,44.84
Meeting Hall,10,21.78,50.35,No,Day,ON,ON,ON,59.03
Office,35,30.61,75.19,No,Day,ON,ON,ON,62.76
Corridor,52,19.15,77.1,Yes,Day,ON,ON,OFF,51.18
Office,75,34.99,49.8,No,Day,OFF,ON,OFF,52.3
Office,39,28.14,79.04,No,Day,ON,ON,ON,58.06
Corridor,34,21.68,31.39,No,Day,ON,OFF,OFF,42.27
Meeting Hall,42,21.37,58.45,No,Day,ON,OFF,OFF,55.21
Corridor,44,22.65,66.94,No,Day,ON,OFF,ON,51.55
Office,40,32.95,51.39,No,Day,ON,OFF,ON,58.74
Corridor,63,32.05,62.94,No,Night,ON,OFF,ON,57.99
Office,14,20.46,45.37,Yes,Day,OFF,ON,ON,36.43
Corridor,43,28.2,33.87,No,Night,ON,OFF,OFF,38.33
Floor,41,33.49,71.75,No,Day,OFF,ON,ON,67.09
Floor,58,30.46,44.82,No,Day,ON,OFF,ON,71.49
Corridor,84,27.99,39.78,No,Day,OFF,OFF,ON,48.48
Meeting Hall,3,21.55,39.99,No,Day,ON,ON,ON,59.59
Office,70,34.04,71.13,Yes,Day,OFF,OFF,ON,51.35
Floor,28,33.16,33.29,No,Night,ON,ON,ON,65.4
Meeting Hall,40,23.46,54.89,No,Day,OFF,ON,ON,57.26
Office,5,26.46,39.72,No,Day,OFF,ON,ON,40.35
Floor,38,19.39,62.59,No,Day,ON,ON,ON,74.27
Floor,80,28.73,69.95,No,Night,ON,OFF,ON,74.57
Corridor,99,18.92,58.08,Yes,Night,ON,ON,ON,49.69
Office,65,33.4,60.74,No,Day,ON,OFF,ON,66.45
Meeting Hall,80,32.97,61.17,No,Day,ON,OFF,ON,74.13
Meeting Hall,92,22.78,58.65,No,Day,OFF,ON,ON,64.13
Meeting Hall,26,30.61,40.95,No,Night,ON,ON,OFF,51.98
Office,6,25.47,62.68,Yes,Night,OFF,ON,OFF,25.14
Meeting Hall,10,32.37,68.71,Yes,Night,OFF,OFF,ON,34.38
Meeting Hall,89,19.04,71.21,No,Day,OFF,OFF,ON,58.1
Meeting Hall,31,26.6,33.97,No,Day,ON,ON,ON,62.08
Corridor,86,24.76,49.89,No,Night,ON,ON,OFF,46.28
Corridor,50,22.43,48.46,No,Night,ON,ON,ON,47.64
Office,39,21.56,76.17,No,Night,ON,ON,OFF,44.14
Office,6,29.5,62.97,No,Day,ON,OFF,ON,58.41
Meeting Hall,0,21.43,53.64,Yes,Day,OFF,OFF,OFF,26.77
Corridor,24,28.75,77.98,No,Day,OFF,ON,OFF,38.25
Floor,94,24.63,38.04,No,Night,ON,OFF,OFF,64.22
Floor,5,22.12,48.08,Yes,Day,ON,ON,ON,57.64
Meeting Hall,91,31.32,61.45,No,Day,ON,ON,OFF,77.61
Meeting Hall,94,24.19,55.51,No,Day,OFF,OFF,ON,67.02
Corridor,99,18.25,59.53,No,Day,OFF,ON,ON,51.69
Corridor,15,32.47,68.08,Yes,Day,ON,ON,ON,53.71
Corridor,14,23.35,64.8,No,Day,ON,ON,OFF,45.66
Office,21,31.98,62.86,Yes,Day,ON,ON,OFF,49.4
Office,17,27.29,65.77,Yes,Night,ON,ON,ON,44.01
Meeting Hall,49,32.98,69.08,No,Night,ON,OFF,OFF,58.17
Office,71,25.11,40.52,No,Day,OFF,ON,ON,56.76
Corridor,9,20.88,64.41,No,Night,ON,ON,ON,41.91
Corridor,100,18.31,63.22,No,Day,OFF,ON,ON,49.67
Office,48,31.24,65.25,No,Night,ON,ON,ON,58.67
Floor,69,31.25,42.22,No,Night,OFF,ON,ON,69.68
Meeting Hall,9,21.33,44.06,No,Day,OFF,OFF,OFF,37.19
Floor,38,34.24,68.55,No,Day,ON,OFF,ON,72.49
Meeting Hall,57,34.13,48.9,No,Day,OFF,ON,ON,65.68
Floor,70,24.21,76.15,No,Night,ON,OFF,ON,72.06
Office,41,20.51,35.69,Yes,Day,ON,ON,OFF,43.68
Meeting Hall,44,22.83,38.62,No,Day,ON,ON,OFF,59.61
Meeting Hall,98,33.8,39.27,No,Day,ON,OFF,OFF,73.11
Meeting Hall,27,28.36,44.27,No,Night,ON,OFF,ON,49.44
Corridor,88,33.54,75.03,No,Night,OFF,ON,ON,55.59
Corridor,91,18.39,48.83,Yes,Day,ON,ON,ON,57.08
Floor,72,34.85,53.07,No,Night,ON,ON,ON,78.4
Office,4,28.68,51.14,No,Night,OFF,ON,ON,35.59
Corridor,56,21.16,70.34,Yes,Night,OFF,ON,ON,37.27
Meeting Hall,79,26.62,48.82,No,Day,ON,OFF,OFF,65.53
Corridor,28,31.94,71.62,No,Day,ON,ON,OFF,52.06
Office,54,20.4,54.1,No,Day,ON,ON,ON,57.8
Corridor,22,28.35,42.17,No,Day,ON,ON,ON,50.71
Meeting Hall,56,29.79,51.54,No,Day,OFF,OFF,ON,60.49
Floor,17,25.02,49.83,No,Day,ON,ON,ON,66.57
Meeting Hall,25,27.21,42.08,No,Day,ON,ON,OFF,54.23
Office,4,32.23,36.12,No,Day,OFF,ON,ON,39.08
Floor,7,34.18,72.07,No,Day,ON,OFF,OFF,64.34
Corridor,18,27.42,55.78,No,Day,ON,ON,ON,51.44
Corridor,100,29.94,42.14,No,Night,OFF,ON,ON,52.6
Corridor,27,23.49,51.31,No,Night,OFF,ON,ON,36.75
Floor,67,23.68,60.29,No,Day,ON,ON,ON,78.09
Meeting Hall,83,33.1,65.99,No,Night,OFF,ON,ON,58.78
Floor,49,19.68,61.01,No,Day,ON,ON,ON,71.41
Floor,85,21.49,41.7,Yes,Night,OFF,ON,ON,54.04
Office,75,22.59,35.52,Yes,Day,OFF,OFF,ON,49.85
Floor,64,19.6,33.69,No,Day,ON,ON,OFF,68.12
Corridor,7,29.35,35.4,No,Day,ON,OFF,ON,43.68
Meeting Hall,59,33.41,47.29,No,Day,ON,ON,ON,75.79
Meeting Hall,57,18.46,47.75,Yes,Day,OFF,OFF,ON,41.86
Meeting Hall,26,22.29,78.91,No,Day,OFF,OFF,ON,52.33
Corridor,84,33.65,31.13,Yes,Day,ON,OFF,ON,57.25
Corridor,32,25.92,61.61,No,Night,OFF,OFF,ON,36.66
Corridor,96,33.06,55.56,No,Day,OFF,ON,OFF,54.53
Corridor,45,34.05,37.28,Yes,Day,OFF,OFF,OFF,29.57
Corridor,36,34.85,77.43,No,Day,OFF,ON,ON,47.22
Floor,68,24.73,70.55,Yes,Night,ON,OFF,ON,64.11
Corridor,14,23.83,41.04,No,Day,ON,ON,ON,48.96
Corridor,93,30.73,44.6,No,Day,OFF,ON,ON,57.51
Corridor,66,28.11,40.0,No,Day,OFF,OFF,OFF,42.14
Corridor,27,29.21,45.42,No,Day,ON,ON,ON,48.05
Meeting Hall,62,27.05,41.4,No,Day,ON,OFF,ON,66.95
Corridor,93,26.74,42.89,No,Day,OFF,OFF,ON,47.97
Floor,99,23.35,55.83,No,Day,OFF,ON,OFF,71.4
Floor,2,28.13,46.88,No,Day,ON,ON,ON,62.03
Floor,51,22.56,54.49,No,Day,ON,ON,OFF,73.17
Office,43,24.05,31.53,No,Day,OFF,OFF,ON,41.69
Meeting Hall,59,28.72,67.07,Yes,Day,OFF,OFF,OFF,45.4
Corridor,57,28.82,76.41,Yes,Night,OFF,OFF,ON,40.88
Office,94,27.81,79.82,No,Day,OFF,OFF,OFF,53.19
Corridor,13,29.47,40.03,Yes,Night,ON,ON,OFF,37.52
Office,5,25.0,49.2,Yes,Day,OFF,ON,ON,36.98
Office,18,28.1,78.68,Yes,Day,OFF,ON,ON,43.46
Floor,61,19.62,40.61,No,Night,ON,ON,ON,69.14
Floor,4,26.22,56.97,No,Day,OFF,ON,ON,56.13
Office,48,27.96,69.96,No,Day,OFF,ON,ON,57.21
Floor,50,25.18,31.42,Yes,Day,OFF,OFF,OFF,46.63
Office,25,18.29,35.25,No,Day,ON,ON,OFF,44.44
Meeting Hall,55,29.92,39.83,No,Night,ON,ON,ON,66.82
Floor,17,25.74,52.78,No,Day,ON,ON,ON,63.66
Floor,100,20.65,30.76,No,Day,ON,OFF,ON,76.42
Floor,44,34.53,51.56,No,Night,ON,ON,ON,65.63
Meeting Hall,99,34.02,38.08,No,Night,ON,ON,ON,72.53
Office,94,20.7,72.49,Yes,Night,ON,OFF,OFF,46.58
Corridor,81,30.02,54.32,Yes,Day,OFF,ON,OFF,42.68
Floor,8,26.8,33.56,Yes,Night,ON,ON,OFF,49.56
Office,89,22.92,53.14,No,Night,ON,OFF,ON,52.84
Meeting Hall,1,29.63,54.01,Yes,Night,ON,ON,ON,49.97
Corridor,95,25.61,44.98,No,Night,ON,ON,ON,60.24
Floor,41,33.27,48.39,Yes,Night,OFF,ON,ON,57.9
Meeting Hall,69,29.96,78.53,No,Day,ON,ON,ON,74.4
Meeting Hall,83,26.63,42.36,No,Day,ON,ON,ON,71.38
Corridor,71,25.68,63.83,No,Night,ON,ON,ON,51.55
Office,67,18.54,63.05,No,Day,ON,OFF,ON,57.47
Floor,88,20.73,51.12,Yes,Day,ON,ON,ON,71.96
Floor,30,18.77,76.61,No,Day,ON,ON,ON,73.23
Office,18,19.08,68.48,Yes,Night,ON,ON,ON,40.94
Office,70,19.14,31.05,No,Day,ON,OFF,OFF,45.6
Office,46,18.24,54.28,No,Day,OFF,OFF,ON,40.46
Corridor,36,31.45,35.7,Yes,Day,ON,ON,ON,54.11
Corridor,93,26.14,44.34,Yes,Day,ON,ON,OFF,58.98
Floor,90,30.74,41.94,No,Day,ON,ON,ON,86.18
Corridor,80,20.85,67.78,No,Day,OFF,ON,OFF,42.31
Meeting Hall,95,32.3,42.46,No,Night,ON,ON,ON,75.86
Floor,18,19.6,79.64,No,Night,ON,ON,ON,59.97
Corridor,88,23.48,36.42,No,Night,OFF,ON,ON,50.1
Office,92,24.3,50.58,Yes,Day,ON,ON,ON,65.45
Meeting Hall,24,22.01,54.47,No,Day,ON,ON,OFF,55.68
Office,52,20.33,51.64,Yes,Day,ON,ON,ON,54.06
Floor,95,28.68,34.67,No,Day,OFF,ON,OFF,70.35
Office,100,18.14,41.29,No,Day,ON,OFF,ON,66.0
Corridor,74,31.46,56.04,Yes,Night,ON,OFF,OFF,42.62
Corridor,3,18.72,69.99,No,Day,OFF,OFF,ON,34.43
Floor,45,34.39,64.42,No,Day,ON,ON,ON,79.23
Office,30,32.76,57.22,No,Night,ON,ON,ON,54.27
Floor,35,25.05,78.88,Yes,Day,ON,OFF,ON,69.18
Office,3,20.43,68.05,Yes,Night,ON,ON,ON,36.54
Meeting Hall,1,32.8,73.33,No,Night,ON,ON,OFF,53.14
Corridor,38,28.95,30.64,No,Day,OFF,ON,ON,47.49
Floor,96,26.58,40.81,No,Day,ON,ON,ON,86.34
Meeting Hall,43,23.43,65.99,Yes,Night,ON,OFF,ON,54.33
Meeting Hall,90,27.54,43.92,No,Day,ON,OFF,ON,73.41
Floor,89,25.06,47.7,No,Day,ON,OFF,ON,80.92
Floor,18,25.91,59.54,No,Night,ON,OFF,ON,63.01
Meeting Hall,40,32.37,57.13,No,Day,ON,ON,ON,70.37
Office,96,34.19,41.04,No,Day,ON,ON,ON,62.22
Meeting Hall,37,34.37,73.93,No,Day,ON,ON,ON,68.64
Floor,73,33.43,61.39,No,Night,OFF,ON,OFF,64.21
Meeting Hall,64,31.64,64.27,No,Day,ON,ON,ON,72.53
Office,34,25.71,71.43,No,Day,ON,ON,ON,55.1
Corridor,10,19.5,35.12,No,Day,ON,ON,OFF,36.98
Corridor,58,28.72,53.7,No,Day,ON,OFF,ON,58.61
Meeting Hall,77,24.83,34.32,Yes,Night,ON,ON,ON,57.09
Office,69,29.68,33.67,Yes,Night,OFF,ON,ON,45.38
Corridor,42,21.75,66.06,Yes,Day,ON,ON,OFF,43.71
Meeting Hall,88,31.0,69.49,Yes,Day,ON,OFF,ON,73.52
Meeting Hall,86,20.9,32.62,Yes,Day,OFF,OFF,ON,55.29
Office,4,31.75,72.12,No,Day,ON,ON,ON,56.0
Floor,25,33.5,44.06,No,Day,OFF,OFF,ON,58.25
Meeting Hall,81,33.31,62.75,No,Day,OFF,ON,OFF,61.79
Floor,31,23.89,64.28,Yes,Day,OFF,OFF,ON,50.49
Floor,46,24.63,64.82,Yes,Day,OFF,ON,ON,59.14
Corridor,55,32.25,58.98,No,Night,OFF,ON,ON,48.51
Floor,84,29.77,35.66,No,Night,ON,ON,OFF,67.24
Office,89,26.95,35.59,No,Day,ON,ON,OFF,57.62
Corridor,49,34.33,37.05,No,Day,ON,OFF,ON,55.98
Corridor,98,26.78,76.05,No,Night,ON,OFF,OFF,51.59
Corridor,73,22.14,40.52,No,Night,OFF,ON,ON,41.18
Meeting Hall,57,29.56,37.65,No,Day,ON,ON,OFF,63.01
Meeting Hall,27,26.71,79.42,No,Night,OFF,ON,ON,45.93
Floor,94,21.47,30.22,No,Night,OFF,ON,OFF,61.55
Corridor,78,20.59,68.83,No,Day,OFF,OFF,ON,51.25
Corridor,54,24.04,72.26,No,Day,ON,ON,OFF,47.53
Office,57,34.5,63.11,Yes,Day,OFF,ON,OFF,48.71
Floor,39,20.48,78.74,No,Day,ON,OFF,OFF,53.37
Office,57,26.01,46.67,No,Day,OFF,ON,OFF,49.25
Floor,71,23.56,34.4,No,Night,ON,ON,ON,71.2
Floor,45,34.03,42.03,No,Night,OFF,ON,ON,60.27
Meeting Hall,73,24.42,34.96,No,Day,ON,ON,ON,66.34
Meeting Hall,44,21.85,54.35,No,Day,ON,ON,ON,66.34
Office,9,26.13,78.24,No,Day,ON,ON,ON,49.05
Floor,81,20.61,55.88,Yes,Day,OFF,OFF,ON,65.59
Corridor,47,24.45,46.27,No,Day,OFF,OFF,ON,42.81
Meeting Hall,91,30.45,75.32,Yes,Night,ON,OFF,ON,65.53
Corridor,61,28.19,60.67,Yes,Day,ON,OFF,OFF,45.96
Office,27,18.19,76.5,No,Day,ON,ON,OFF,49.92
Meeting Hall,19,26.46,78.26,Yes,Day,ON,ON,ON,53.21
Meeting Hall,87,31.82,76.83,No,Day,ON,OFF,OFF,68.77
Floor,69,27.57,64.61,No,Day,ON,ON,OFF,70.16
Office,40,26.0,55.09,Yes,Day,OFF,ON,ON,46.27
Floor,95,25.06,44.51,No,Day,ON,ON,ON,81.03
Meeting Hall,5,27.12,77.07,No,Day,OFF,OFF,ON,46.76
Office,10,19.26,57.25,No,Day,ON,ON,ON,47.93
Meeting Hall,29,31.59,79.77,No,Day,ON,ON,ON,69.09
Office,2,32.56,75.91,No,Day,ON,ON,ON,56.47
Meeting Hall,71,28.07,48.94,No,Night,ON,OFF,ON,60.06
Corridor,32,34.64,73.77,No,Day,ON,ON,ON,59.82
Corridor,53,27.44,56.74,No,Day,ON,ON,ON,56.13
Floor,46,18.46,67.13,No,Day,ON,OFF,OFF,68.73
Corridor,82,25.89,54.05,Yes,Day,ON,OFF,ON,57.31
Meeting Hall,9,24.8,79.47,No,Night,ON,ON,OFF,47.0
Meeting Hall,18,21.3,49.94,No,Day,ON,ON,ON,51.58
Corridor,8,27.09,34.79,No,Night,ON,ON,ON,43.6
Floor,6,25.73,72.91,No,Day,ON,OFF,OFF,52.2
Corridor,60,20.91,67.81,No,Day,ON,ON,ON,56.62
Office,13,26.6,36.31,No,Night,ON,ON,ON,44.33
Office,1,32.19,55.24,No,Day,ON,ON,OFF,53.61
Office,21,26.66,63.93,Yes,Day,OFF,OFF,ON,38.57
Corridor,59,21.7,50.49,Yes,Night,OFF,OFF,ON,28.82
Corridor,44,29.66,75.43,No,Night,ON,ON,ON,48.75
Corridor,19,32.79,77.16,No,Day,ON,ON,OFF,51.13
Office,25,23.87,73.42,Yes,Day,ON,OFF,ON,50.42
Floor,58,19.21,56.54,Yes,Day,ON,OFF,ON,65.76
Meeting Hall,67,33.55,52.68,No,Day,ON,OFF,OFF,64.08
Corridor,38,29.6,59.25,No,Day,ON,OFF,ON,53.45
Floor,22,34.85,55.85,No,Night,OFF,ON,OFF,55.33
Meeting Hall,79,29.81,34.94,No,Day,OFF,ON,ON,65.96
Meeting Hall,24,20.11,69.4,Yes,Night,OFF,OFF,ON,35.33
Meeting Hall,72,25.36,77.05,No,Day,ON,ON,ON,70.82
Floor,52,18.73,54.53,Yes,Day,ON,ON,ON,71.05
Floor,10,23.81,33.08,Yes,Night,ON,ON,ON,56.57
Office,24,31.35,46.14,No,Day,ON,OFF,ON,57.51
Floor,30,27.45,36.13,No,Day,OFF,ON,ON,64.3
Floor,45,25.8,79.02,Yes,Day,ON,ON,ON,73.16
Floor,26,32.41,36.85,Yes,Night,ON,OFF,OFF,52.93
Meeting Hall,99,21.01,34.03,No,Day,ON,OFF,ON,67.75
Corridor,62,27.16,56.1,No,Day,ON,OFF,ON,57.97
Office,46,29.01,33.25,Yes,Day,ON,ON,ON,54.86
Corridor,13,33.74,61.7,No,Day,ON,ON,OFF,43.83
Corridor,22,20.78,73.45,Yes,Night,ON,ON,OFF,39.18
Floor,15,30.01,42.52,No,Day,OFF,OFF,OFF,47.33
Office,19,18.78,76.36,No,Day,ON,ON,OFF,43.58
Corridor,2,27.64,62.3,No,Day,ON,OFF,OFF,39.8
Corridor,5,28.96,38.13,No,Night,ON,ON,OFF,36.98
Office,28,32.28,62.22,No,Night,OFF,ON,ON,43.42
Floor,3,23.51,33.64,No,Night,ON,ON,OFF,49.81
Corridor,64,29.84,47.48,Yes,Day,OFF,OFF,ON,45.63
Meeting Hall,7,19.58,30.8,Yes,Day,ON,OFF,ON,50.16
Corridor,47,21.78,52.08,No,Day,ON,OFF,ON,48.26
Meeting Hall,83,31.15,71.6,Yes,Night,ON,ON,ON,63.14
Floor,15,33.18,64.87,No,Night,OFF,OFF,ON,45.34
Corridor,46,18.28,39.94,No,Night,ON,OFF,ON,40.05
Office,30,20.83,39.13,No,Day,ON,ON,ON,53.64
Office,95,21.57,65.21,No,Day,ON,OFF,ON,65.1
Corridor,97,26.83,63.31,No,Day,ON,ON,OFF,60.29
Floor,28,20.62,37.11,No,Night,ON,OFF,ON,60.86
Floor,75,34.59,63.6,Yes,Day,OFF,OFF,ON,69.93
Office,67,24.59,69.04,No,Night,OFF,ON,ON,47.71
Corridor,42,20.43,68.32,Yes,Day,OFF,ON,OFF,33.11
Floor,33,31.16,50.28,Yes,Day,ON,ON,OFF,61.21
Office,5,27.55,70.71,No,Day,ON,ON,OFF,44.88
Meeting Hall,48,33.54,49.49,Yes,Day,ON,ON,ON,64.42
Corridor,59,33.91,62.29,Yes,Day,ON,OFF,ON,56.62
Meeting Hall,50,32.55,68.02,Yes,Day,OFF,ON,OFF,52.63
Meeting Hall,8,27.59,67.77,No,Day,ON,ON,ON,56.09
Floor,4,21.78,47.35,No,Day,OFF,OFF,ON,51.38
Floor,63,25.29,58.54,Yes,Night,OFF,ON,ON,58.18
Floor,15,26.2,60.7,No,Night,ON,OFF,OFF,53.28
Corridor,58,34.58,41.74,Yes,Day,ON,ON,ON,58.8
Meeting Hall,55,22.29,30.41,No,Day,ON,OFF,OFF,54.18
Corridor,64,25.39,34.96,No,Day,ON,ON,ON,63.41
Floor,83,27.56,31.73,No,Night,ON,OFF,OFF,61.53
Meeting Hall,34,24.65,44.93,No,Day,OFF,OFF,ON,43.18
Corridor,9,20.05,46.3,No,Day,ON,OFF,ON,39.66
Corridor,88,33.14,73.3,Yes,Night,OFF,ON,ON,52.23
Office,46,31.62,36.25,No,Day,OFF,ON,ON,52.26
Corridor,91,22.36,39.25,Yes,Night,OFF,OFF,OFF,29.59
Floor,34,25.61,61.0,No,Day,OFF,ON,OFF,58.42
Corridor,61,30.5,53.46,No,Day,ON,ON,ON,62.59
Meeting Hall,32,34.55,79.66,No,Day,OFF,ON,ON,59.96
Corridor,14,20.85,68.1,Yes,Night,ON,ON,ON,34.31
Office,84,28.85,43.52,Yes,Night,ON,ON,OFF,53.48
Meeting Hall,34,31.9,66.08,No,Day,ON,ON,OFF,59.75
Meeting Hall,100,18.44,41.42,No,Day,ON,ON,ON,77.22
Office,9,31.79,64.08,No,Day,OFF,ON,OFF,35.73
Floor,79,31.43,31.83,No,Night,ON,ON,ON,77.01
Meeting Hall,19,33.7,39.98,No,Day,ON,OFF,ON,57.0
Floor,7,19.44,35.13,Yes,Night,ON,OFF,ON,43.71
Meeting Hall,94,20.11,51.45,Yes,Day,ON,ON,OFF,64.77
Meeting Hall,7,26.82,57.67,Yes,Day,ON,OFF,ON,48.95
Floor,12,32.82,42.97,No,Day,ON,OFF,ON,65.66
Meeting Hall,87,32.87,78.93,Yes,Night,OFF,OFF,ON,51.54
Floor,75,29.9,50.53,Yes,Night,ON,OFF,ON,71.96
Office,58,25.63,58.09,Yes,Day,ON,ON,OFF,50.55
Floor,80,21.93,53.18,Yes,Day,ON,OFF,ON,73.99
Office,46,26.07,73.16,No,Day,ON,OFF,ON,54.76
Meeting Hall,59,21.69,48.54,Yes,Day,OFF,ON,OFF,42.19
Floor,40,31.14,77.15,No,Night,ON,OFF,ON,66.27
Meeting Hall,51,25.17,70.25,No,Day,ON,ON,OFF,64.81
Floor,99,27.17,33.78,No,Night,ON,ON,OFF,71.48
Office,75,29.58,74.16,Yes,Night,OFF,ON,ON,46.6
Office,53,26.95,39.08,No,Night,ON,OFF,ON,50.61
Floor,35,30.84,32.98,Yes,Night,ON,OFF,ON,61.16
Office,76,31.36,41.08,No,Day,ON,ON,ON,68.49
Meeting Hall,98,22.13,34.26,Yes,Night,OFF,ON,OFF,44.72
Meeting Hall,68,23.07,61.11,No,Day,OFF,ON,OFF,52.01
Corridor,12,19.01,52.37,No,Day,ON,ON,OFF,42.18
Office,71,19.52,53.74,No,Night,OFF,OFF,OFF,32.02
Meeting Hall,10,32.1,60.83,No,Day,ON,OFF,ON,58.26
Floor,7,21.64,54.92,No,Night,ON,OFF,OFF,50.63
Office,30,32.19,79.58,No,Night,ON,OFF,OFF,44.56
Meeting Hall,61,34.76,61.19,Yes,Night,OFF,OFF,OFF,43.28
Office,11,22.13,59.31,No,Day,ON,ON,ON,47.4
Floor,10,25.83,50.72,No,Day,OFF,ON,ON,52.73
Meeting Hall,16,27.13,52.32,No,Day,ON,ON,ON,62.57
Corridor,26,34.03,79.47,No,Night,OFF,ON,OFF,35.38
Corridor,76,21.04,30.27,No,Day,ON,OFF,ON,51.25
Office,99,32.21,37.77,Yes,Day,ON,ON,ON,71.77
Floor,12,34.28,47.15,Yes,Day,ON,OFF,ON,60.24
Meeting Hall,85,27.43,75.22,Yes,Day,ON,ON,ON,70.23
Floor,43,20.59,76.9,Yes,Day,ON,OFF,ON,63.14
Meeting Hall,57,23.67,32.88,No,Day,ON,ON,OFF,65.33
Office,87,34.3,37.08,No,Day,OFF,ON,OFF,56.8
Meeting Hall,29,20.86,74.11,Yes,Night,ON,OFF,ON,47.5
Floor,12,26.29,43.61,No,Day,ON,OFF,ON,61.71
Floor,7,21.23,50.05,No,Day,ON,OFF,ON,58.34
Office,68,33.37,30.23,No,Day,ON,OFF,OFF,53.81
Floor,63,28.04,54.57,No,Night,ON,ON,OFF,71.85
Meeting Hall,51,33.7,73.27,No,Day,OFF,ON,OFF,53.71
Office,5,34.08,48.23,Yes,Day,ON,OFF,ON,43.87
Meeting Hall,70,26.31,74.05,No,Day,OFF,ON,ON,61.81
Floor,53,33.93,47.35,No,Day,ON,OFF,ON,81.3
Office,21,18.01,62.91,No,Day,OFF,ON,OFF,35.73
Meeting Hall,62,21.27,44.68,No,Day,ON,ON,ON,66.01
Floor,93,30.48,55.74,No,Night,ON,ON,ON,76.66
Floor,78,26.95,71.42,No,Day,ON,OFF,OFF,75.17
Corridor,36,34.85,72.42,Yes,Day,OFF,OFF,OFF,40.03
Floor,55,31.33,33.83,Yes,Day,ON,OFF,ON,67.04
Meeting Hall,40,29.29,76.46,No,Day,ON,ON,OFF,60.76
Office,59,33.51,56.09,No,Night,ON,ON,ON,57.16
Corridor,19,23.73,40.96,No,Day,OFF,OFF,ON,33.86
Floor,94,20.85,71.57,No,Night,ON,ON,ON,75.93
Floor,68,27.3,61.76,No,Night,ON,ON,OFF,64.77
Floor,44,22.05,55.4,No,Day,OFF,ON,OFF,56.01
Meeting Hall,57,21.95,70.59,No,Night,OFF,ON,ON,48.67
Corridor,75,23.21,40.19,Yes,Day,OFF,ON,ON,45.28
Meeting Hall,36,29.48,59.06,No,Day,OFF,OFF,OFF,47.31
Corridor,93,18.4,78.09,No,Day,ON,OFF,ON,61.46
Office,38,32.45,61.85,Yes,Day,ON,ON,OFF,52.58
Meeting Hall,2,28.4,59.94,Yes,Day,OFF,ON,OFF,40.12
Meeting Hall,76,23.18,31.47,No,Day,OFF,OFF,ON,65.52
Office,74,19.92,39.13,Yes,Day,OFF,ON,OFF,42.49
Corridor,73,31.43,60.61,No,Day,OFF,OFF,ON,55.6
Floor,93,25.42,65.13,No,Day,ON,ON,OFF,79.46
Office,72,25.4,74.99,No,Day,ON,ON,ON,64.07
Floor,93,25.99,73.57,No,Day,ON,OFF,ON,85.0
Floor,92,25.04,47.99,No,Day,OFF,OFF,ON,72.72
Office,37,26.73,64.49,No,Day,ON,ON,ON,60.02
Corridor,45,28.72,53.2,No,Day,OFF,ON,ON,49.5
Floor,48,25.33,53.85,No,Day,ON,ON,ON,74.3
Office,33,34.54,77.27,No,Day,ON,ON,ON,65.02
Meeting Hall,25,24.76,66.64,No,Day,ON,ON,ON,63.57
Meeting Hall,1,21.65,78.41,Yes,Night,OFF,OFF,OFF,26.06
Meeting Hall,55,34.66,68.74,No,Day,ON,ON,ON,69.08
Office,99,23.03,66.28,No,Day,OFF,ON,OFF,59.08
Meeting Hall,6,28.55,51.38,Yes,Day,ON,OFF,ON,57.12
Floor,35,32.09,35.32,Yes,Day,ON,ON,ON,70.11
Meeting Hall,39,18.07,61.52,Yes,Day,ON,OFF,OFF,46.52
Meeting Hall,77,22.81,53.42,No,Day,OFF,OFF,ON,57.06
Floor,90,27.04,59.53,No,Day,ON,ON,ON,84.38
Meeting Hall,25,25.75,44.12,Yes,Day,OFF,OFF,OFF,40.67
Floor,83,19.24,39.8,No,Night,ON,ON,ON,64.49
Meeting Hall,98,25.6,43.26,No,Day,ON,OFF,ON,73.48
Floor,74,19.8,62.88,Yes,Day,ON,OFF,OFF,59.13
Meeting Hall,89,22.25,77.65,No,Night,ON,OFF,ON,59.54
Floor,98,30.73,79.6,No,Day,ON,ON,ON,90.46
Office,68,21.04,70.43,No,Night,ON,ON,ON,55.65
Floor,15,29.31,77.88,Yes,Day,OFF,ON,ON,59.14
Meeting Hall,74,34.54,44.19,Yes,Day,ON,OFF,ON,64.74
Meeting Hall,96,22.2,30.18,Yes,Day,ON,OFF,OFF,54.88
Corridor,8,22.41,39.7,No,Night,ON,ON,ON,40.99
Floor,21,34.2,61.72,No,Day,ON,ON,ON,69.55
Office,4,29.31,74.97,No,Night,ON,OFF,ON,37.81
Floor,83,31.09,75.75,No,Day,OFF,ON,ON,75.66
Floor,42,31.46,71.53,Yes,Day,OFF,ON,ON,58.99
Office,97,30.41,68.12,No,Night,OFF,ON,ON,54.42
Floor,29,34.61,45.21,No,Day,ON,ON,OFF,67.66
Office,73,22.67,34.39,No,Night,ON,OFF,OFF,46.24
Office,100,26.81,56.26,No,Day,ON,OFF,ON,68.0
Floor,31,29.29,46.76,No,Night,ON,ON,ON,71.63
Floor,87,30.02,36.41,No,Day,ON,OFF,OFF,70.4
Meeting Hall,16,21.27,52.91,Yes,Day,ON,ON,OFF,42.25
Meeting Hall,66,32.88,56.28,Yes,Night,OFF,OFF,ON,42.59
Corridor,25,31.85,68.71,Yes,Day,OFF,ON,ON,43.49
Corridor,11,22.49,70.41,No,Day,ON,OFF,ON,46.67
Floor,36,27.25,53.43,Yes,Day,OFF,ON,ON,61.0
Office,41,23.01,76.04,Yes,Day,OFF,ON,ON,48.24
Corridor,56,24.22,69.43,No,Night,ON,OFF,OFF,38.33
Floor,11,27.07,51.62,No,Day,OFF,ON,ON,56.81
Corridor,45,27.17,47.51,No,Day,ON,OFF,ON,49.51
Office,96,27.05,45.89,No,Day,OFF,ON,ON,51.88
Floor,26,27.25,53.19,No,Night,ON,ON,ON,65.47
Office,77,28.81,46.52,No,Day,ON,OFF,ON,64.96
Floor,6,18.27,53.44,Yes,Day,ON,ON,OFF,50.82
Corridor,37,20.38,58.86,No,Day,OFF,ON,ON,40.64
Meeting Hall,47,25.99,38.3,No,Day,ON,ON,OFF,59.71
Corridor,41,30.04,69.89,No,Night,ON,ON,ON,52.56
Corridor,26,26.66,35.63,Yes,Day,ON,ON,ON,47.54
Meeting Hall,9,28.69,50.22,No,Day,ON,ON,OFF,53.19
Meeting Hall,41,34.5,38.26,Yes,Day,OFF,OFF,ON,54.7
Floor,57,30.41,45.2,No,Night,OFF,OFF,OFF,52.35
Floor,40,33.98,52.91,No,Day,OFF,OFF,ON,66.94
Office,8,18.32,67.44,No,Day,OFF,OFF,ON,37.27
Office,97,25.6,61.35,No,Day,OFF,ON,OFF,50.7
Corridor,45,24.03,48.04,No,Night,OFF,ON,OFF,37.13
Meeting Hall,92,29.99,59.55,No,Day,OFF,ON,OFF,60.72
Office,81,33.8,44.82,No,Day,ON,ON,ON,70.76
Corridor,53,18.68,71.92,No,Day,ON,ON,OFF,50.93
Meeting Hall,92,18.97,54.16,Yes,Day,OFF,OFF,ON,52.35
Floor,93,29.44,65.84,No,Night,OFF,OFF,OFF,59.59
Corridor,58,23.88,45.6,Yes,Day,OFF,OFF,ON,42.94
Floor,12,21.45,63.87,No,Night,ON,ON,ON,61.18
Office,85,34.23,76.34,No,Day,OFF,ON,ON,60.53
Office,15,18.24,35.39,No,Day,OFF,OFF,ON,31.99
Meeting Hall,44,22.66,59.53,No,Day,ON,OFF,OFF,54.36
Corridor,31,23.64,55.05,No,Night,ON,OFF,ON,43.1
Floor,39,31.31,57.05,Yes,Day,ON,ON,OFF,67.64
Meeting Hall,89,27.55,39.73,No,Night,OFF,OFF,ON,56.31
Office,94,23.58,31.35,Yes,Day,OFF,OFF,ON,50.15
Office,43,20.89,33.56,No,Day,OFF,ON,ON,40.02
Corridor,82,21.7,44.21,Yes,Night,ON,ON,OFF,42.48
Floor,97,18.66,72.72,No,Night,OFF,OFF,OFF,53.28
Corridor,46,32.23,70.34,Yes,Day,ON,ON,ON,61.62
Floor,69,19.99,79.77,No,Day,ON,OFF,ON,78.94
Floor,59,31.99,67.03,No,Day,ON,ON,ON,79.88
Corridor,34,20.37,47.56,No,Day,OFF,ON,OFF,39.22
Meeting Hall,74,33.4,75.91,Yes,Day,ON,ON,OFF,66.73
Corridor,59,29.53,69.53,No,Day,ON,ON,ON,62.75
Corridor,36,23.98,64.95,Yes,Day,ON,ON,ON,50.76
Office,21,24.68,56.81,No,Day,ON,OFF,OFF,50.55
Office,12,22.84,65.85,No,Night,OFF,OFF,ON,32.63
Corridor,15,21.59,77.94,No,Day,ON,OFF,OFF,38.59
Corridor,89,33.49,73.11,No,Day,ON,ON,ON,77.21
Office,85,21.14,39.72,No,Night,OFF,ON,OFF,41.32
Floor,59,20.99,34.88,No,Day,ON,ON,ON,75.12
Corridor,41,24.12,30.83,No,Day,OFF,ON,ON,42.56
Meeting Hall,12,34.73,65.64,No,Day,ON,ON,ON,63.0
Meeting Hall,86,25.9,43.95,No,Day,OFF,OFF,ON,60.44
Meeting Hall,62,24.04,65.91,No,Night,ON,ON,ON,62.95
Corridor,31,34.98,39.21,Yes,Day,OFF,ON,ON,44.65
Floor,22,30.58,51.84,No,Day,OFF,ON,OFF,46.11
Floor,42,34.06,30.68,No,Day,ON,ON,OFF,69.79
Office,31,22.23,35.43,Yes,Night,ON,OFF,ON,38.7
Corridor,27,30.82,34.07,Yes,Day,ON,OFF,ON,47.02
Floor,32,33.14,69.53,No,Day,ON,ON,ON,78.61
Corridor,25,27.0,75.22,No,Day,ON,OFF,OFF,37.61
Office,93,25.21,38.73,No,Day,OFF,ON,OFF,51.42
Office,80,23.03,56.23,No,Day,ON,ON,ON,66.28
Office,41,27.64,37.51,No,Day,ON,ON,OFF,58.9
Meeting Hall,28,21.27,68.96,No,Day,ON,OFF,ON,58.25
Corridor,1,25.34,71.04,No,Day,ON,ON,ON,51.92
Office,33,29.6,69.26,No,Day,ON,ON,ON,55.62
Corridor,37,29.09,42.57,Yes,Day,OFF,ON,OFF,36.38
Meeting Hall,11,29.9,46.88,No,Night,OFF,ON,ON,46.0
Meeting Hall,51,27.97,40.43,No,Day,ON,OFF,ON,61.92
Office,20,18.04,30.17,No,Day,ON,OFF,ON,48.03
Office,90,18.45,33.23,No,Day,ON,OFF,OFF,50.42
Floor,39,27.86,79.32,Yes,Day,OFF,OFF,ON,53.11
Corridor,66,34.42,75.66,No,Day,OFF,OFF,ON,53.69
Office,100,21.31,33.97,No,Night,OFF,ON,OFF,49.0
Floor,48,30.2,53.06,No,Day,ON,ON,OFF,74.01
Corridor,25,25.36,78.73,No,Night,OFF,ON,ON,36.74
Office,51,20.36,32.72,No,Night,ON,ON,ON,48.98
Floor,61,18.57,63.44,No,Day,ON,ON,ON,73.49
Floor,68,30.13,35.32,No,Night,OFF,OFF,OFF,54.26
Corridor,60,20.45,47.4,No,Day,ON,ON,ON,51.94
Floor,83,23.07,32.35,No,Day,ON,OFF,OFF,67.29
Corridor,45,24.82,59.92,No,Day,ON,ON,ON,60.25
Corridor,71,30.0,65.12,Yes,Day,ON,ON,ON,62.48
Corridor,91,24.59,32.07,No,Night,ON,ON,ON,57.09
Meeting Hall,28,24.57,55.21,No,Night,ON,ON,ON,57.27
Floor,49,31.5,44.95,No,Night,ON,ON,ON,71.39
Corridor,1,18.12,65.46,No,Day,OFF,ON,ON,39.94
Office,63,30.82,55.51,No,Day,ON,ON,OFF,56.27
Meeting Hall,65,26.87,30.84,Yes,Day,OFF,ON,OFF,48.29
Meeting Hall,42,27.21,43.27,No,Day,ON,OFF,ON,62.78
Floor,86,23.87,54.37,No,Day,ON,ON,OFF,78.67
Corridor,9,19.57,34.82,No,Day,ON,OFF,OFF,39.18
Floor,52,19.54,74.28,Yes,Day,ON,ON,ON,74.51
Meeting Hall,91,23.79,74.83,No,Day,OFF,ON,ON,63.57
Corridor,82,30.25,35.63,No,Day,ON,OFF,ON,57.95
Office,27,33.16,74.17,Yes,Day,OFF,OFF,ON,42.16
Corridor,94,31.81,58.63,No,Night,OFF,OFF,ON,52.2
Meeting Hall,1,31.56,73.28,Yes,Day,ON,ON,ON,57.53
Office,28,18.1,61.39,No,Day,ON,ON,ON,51.85
Corridor,51,21.26,75.85,No,Night,ON,OFF,ON,47.19
Office,13,34.07,52.99,No,Night,ON,ON,ON,49.13
Office,27,32.79,79.91,Yes,Night,ON,OFF,OFF,40.43
Meeting Hall,0,20.15,72.88,No,Day,OFF,ON,ON,45.73
Office,58,28.81,61.47,No,Day,ON,ON,ON,64.24
Floor,43,25.36,49.6,No,Night,OFF,ON,ON,55.29
Meeting Hall,79,18.13,60.79,No,Night,OFF,OFF,OFF,42.7
Floor,100,31.6,66.45,No,Day,ON,ON,ON,88.69
Office,84,34.03,47.13,Yes,Day,ON,OFF,ON,60.9
Floor,77,33.65,57.05,No,Day,OFF,ON,ON,72.25
Corridor,42,24.53,74.51,No,Day,ON,OFF,ON,48.05
Office,16,31.39,77.62,No,Day,ON,ON,ON,60.32
Corridor,53,26.47,60.91,No,Day,ON,OFF,OFF,52.27
Floor,14,34.66,37.5,Yes,Night,OFF,ON,ON,52.87
Corridor,47,34.38,68.36,Yes,Day,OFF,OFF,ON,45.28
Office,94,31.15,42.38,No,Night,ON,ON,ON,72.76
Corridor,45,26.01,33.25,No,Day,ON,ON,ON,54.35
Floor,48,33.33,48.55,No,Day,OFF,ON,ON,68.47
Floor,35,21.81,43.44,No,Day,OFF,OFF,OFF,50.14
Floor,13,21.64,55.74,No,Night,ON,ON,ON,59.33
Office,99,27.49,30.12,No,Day,OFF,ON,ON,54.4
Floor,90,31.92,63.98,No,Day,ON,ON,ON,89.98
Office,2,19.06,52.08,Yes,Night,ON,ON,ON,35.17
Corridor,99,31.34,42.97,Yes,Day,ON,OFF,OFF,54.04
Floor,5,34.14,43.56,No,Night,ON,ON,ON,64.31
Corridor,90,27.28,32.12,No,Night,OFF,ON,OFF,41.3
Meeting Hall,21,21.63,41.13,No,Night,ON,ON,ON,51.39
Corridor,21,28.74,35.93,No,Day,ON,ON,ON,49.37
Meeting Hall,35,21.35,51.83,No,Day,OFF,ON,OFF,42.61
Corridor,95,24.64,54.71,Yes,Night,OFF,ON,ON,47.02
Office,90,29.89,71.18,No,Day,ON,ON,ON,72.51
Corridor,70,24.48,58.29,Yes,Day,ON,ON,OFF,56.17
Office,49,26.23,59.37,Yes,Night,OFF,OFF,ON,31.14
Office,75,27.27,34.86,No,Day,OFF,ON,ON,55.05
Floor,79,23.77,47.53,Yes,Night,OFF,OFF,OFF,48.09
Office,68,19.3,69.83,No,Night,ON,ON,ON,53.39
Meeting Hall,34,26.69,59.21,Yes,Night,ON,OFF,ON,51.73
Floor,8,26.29,48.77,Yes,Day,OFF,ON,ON,53.2
Floor,28,25.25,51.55,No,Day,OFF,ON,OFF,57.27
Corridor,26,21.14,35.79,No,Day,ON,OFF,ON,42.13
Office,56,18.89,31.31,Yes,Day,ON,OFF,ON,48.18
Office,95,32.05,37.21,Yes,Day,OFF,ON,OFF,48.27
Meeting Hall,73,27.05,44.84,No,Day,ON,ON,OFF,63.7
Corridor,88,34.66,44.16,No,Day,ON,ON,ON,65.28
Corridor,58,34.62,65.16,No,Day,ON,OFF,ON,62.63
Floor,41,27.86,38.02,No,Night,ON,OFF,OFF,55.92
Floor,52,26.33,67.96,Yes,Day,ON,ON,ON,73.45
Floor,37,21.17,65.45,No,Day,ON,OFF,OFF,54.93
Meeting Hall,88,24.45,37.57,No,Day,ON,ON,ON,75.65
Meeting Hall,3,31.35,63.03,No,Night,OFF,OFF,OFF,34.26
Floor,51,34.37,46.39,Yes,Day,OFF,ON,ON,66.11
Corridor,43,28.2,35.32,No,Day,OFF,ON,OFF,43.97
Meeting Hall,22,28.49,61.15,Yes,Day,OFF,ON,ON,50.54
Corridor,73,34.02,69.65,Yes,Day,OFF,OFF,ON,44.36
Corridor,69,20.16,78.12,Yes,Night,ON,OFF,OFF,40.27
Office,76,28.4,57.51,Yes,Night,ON,OFF,ON,55.02
Floor,94,27.95,58.32,No,Day,ON,ON,ON,80.77
Office,68,21.49,53.16,No,Night,ON,ON,OFF,49.18
Floor,59,31.15,45.43,Yes,Night,ON,ON,ON,64.44
Floor,3,20.03,37.16,No,Night,OFF,OFF,OFF,38.32
Corridor,2,19.08,45.01,No,Day,ON,OFF,ON,40.72
Floor,93,26.26,46.7,No,Day,ON,ON,OFF,77.67
Corridor,22,23.1,66.81,No,Day,OFF,OFF,ON,36.26
Corridor,36,25.41,36.44,Yes,Day,ON,OFF,ON,43.3
Floor,17,19.91,39.34,No,Day,OFF,ON,OFF,47.65
Corridor,98,25.69,78.61,No,Night,ON,ON,ON,59.94
Corridor,4,25.47,33.54,No,Night,ON,ON,OFF,35.39
Corridor,40,34.43,76.47,No,Night,OFF,OFF,OFF,34.03
Meeting Hall,91,30.28,37.32,No,Day,ON,OFF,OFF,66.5
Corridor,37,33.65,56.83,No,Day,ON,OFF,ON,47.9
Meeting Hall,46,31.28,49.81,Yes,Day,ON,OFF,ON,65.57
Meeting Hall,81,31.39,50.01,No,Day,OFF,ON,ON,69.39
Corridor,71,32.72,65.09,Yes,Night,ON,OFF,ON,48.37
Corridor,11,22.35,62.8,No,Day,OFF,OFF,ON,34.23
Meeting Hall,29,25.25,77.15,No,Night,OFF,OFF,OFF,37.84
Meeting Hall,85,32.88,65.92,No,Day,ON,ON,ON,82.38
Corridor,5,19.14,60.35,No,Day,OFF,OFF,OFF,29.26
Corridor,60,18.94,38.79,No,Day,OFF,OFF,ON,41.07
Floor,93,29.02,53.83,No,Day,ON,OFF,ON,77.8
Meeting Hall,71,33.46,54.86,No,Day,OFF,OFF,ON,63.04
Meeting Hall,63,31.5,61.94,No,Day,OFF,ON,ON,68.72
Floor,92,31.58,48.3,No,Day,ON,OFF,OFF,74.46
Meeting Hall,94,24.12,37.27,No,Night,OFF,ON,OFF,51.8
Office,68,28.06,73.92,No,Night,ON,ON,ON,59.65
Meeting Hall,10,31.12,31.62,No,Night,ON,OFF,OFF,42.21
Floor,61,31.49,36.75,No,Night,OFF,ON,ON,57.53
Office,16,27.87,52.81,Yes,Night,ON,ON,ON,40.17
Corridor,76,31.61,74.44,No,Day,OFF,OFF,ON,54.17
Floor,19,18.46,35.13,No,Day,ON,ON,OFF,58.69
Floor,94,34.02,66.88,No,Day,ON,OFF,ON,85.0
Corridor,25,32.8,44.33,No,Night,OFF,ON,ON,35.36
Floor,91,18.88,33.8,Yes,Day,OFF,ON,ON,65.63
Meeting Hall,58,25.13,74.75,No,Day,OFF,ON,OFF,54.69
Corridor,24,33.63,78.62,No,Night,OFF,OFF,OFF,28.91
Floor,17,26.72,36.59,No,Day,ON,ON,ON,68.79
Corridor,95,19.55,74.8,Yes,Night,OFF,OFF,OFF,32.42
Corridor,28,34.43,62.41,No,Night,ON,OFF,ON,47.35
Corridor,66,24.09,40.07,No,Day,ON,OFF,ON,59.14
Office,34,26.78,63.58,Yes,Day,ON,ON,ON,52.1
Floor,14,28.74,70.57,Yes,Night,OFF,ON,ON,56.17
Office,50,32.15,54.69,No,Day,ON,OFF,ON,69.6
Floor,2,32.84,75.47,No,Night,ON,ON,ON,65.58
Meeting Hall,20,29.1,56.43,No,Night,ON,ON,OFF,53.54
Meeting Hall,60,34.12,39.27,Yes,Day,ON,ON,ON,67.67
Meeting Hall,2,21.72,65.47,No,Day,OFF,OFF,ON,42.55
Floor,52,33.38,63.84,No,Day,ON,ON,ON,80.95
Corridor,34,21.23,62.02,No,Day,ON,ON,OFF,48.9
Corridor,49,33.21,73.99,No,Day,ON,OFF,OFF,52.07
Office,7,21.67,56.4,No,Night,ON,OFF,ON,42.65
Office,47,30.23,65.21,No,Day,ON,ON,OFF,60.99
Meeting Hall,2,31.89,77.73,Yes,Night,ON,ON,ON,51.18
Office,53,24.64,36.89,No,Day,ON,ON,ON,57.59
Floor,74,19.93,49.33,Yes,Day,ON,ON,ON,76.86
Floor,1,24.16,40.94,No,Day,OFF,ON,ON,55.48
Office,32,19.05,46.19,Yes,Night,OFF,ON,ON,32.5
Office,71,29.21,55.53,No,Day,ON,ON,OFF,58.17
Office,11,29.85,72.27,No,Day,ON,ON,ON,56.16
Office,18,22.56,49.98,Yes,Night,OFF,ON,OFF,24.84
Meeting Hall,17,29.08,57.9,Yes,Day,ON,OFF,OFF,43.93
Meeting Hall,49,18.99,70.61,No,Day,ON,ON,ON,66.45
Office,84,18.54,76.41,No,Day,ON,ON,ON,67.1
Floor,21,24.94,47.48,No,Night,OFF,ON,ON,51.74
Meeting Hall,29,26.24,38.9,No,Day,OFF,ON,ON,53.38
Floor,81,18.32,59.11,Yes,Day,ON,OFF,OFF,68.84
Corridor,5,28.03,74.79,No,Day,ON,OFF,ON,47.55
Floor,0,32.16,42.42,Yes,Night,ON,ON,ON,58.46
Office,8,24.98,54.97,No,Day,ON,OFF,ON,48.36
Corridor,51,30.7,54.3,No,Day,ON,OFF,OFF,54.54
Meeting Hall,79,20.57,76.35,No,Day,OFF,ON,ON,64.92
Meeting Hall,28,27.0,52.84,No,Day,ON,ON,OFF,61.88
Corridor,61,31.42,56.81,Yes,Night,ON,OFF,ON,49.52
Floor,28,29.59,36.91,No,Day,ON,OFF,OFF,64.95
Meeting Hall,4,31.25,52.91,No,Night,ON,ON,OFF,45.48
Office,82,30.26,47.09,Yes,Night,OFF,ON,OFF,41.9
Corridor,21,20.06,41.08,Yes,Night,ON,OFF,ON,35.06
Office,48,19.75,55.43,No,Day,ON,ON,ON,61.41
Corridor,7,34.58,68.54,No,Night,ON,OFF,OFF,40.52
Meeting Hall,81,26.2,38.83,No,Day,ON,ON,OFF,66.61
Floor,77,30.45,37.08,No,Night,OFF,ON,ON,64.69
Corridor,67,29.59,36.21,Yes,Day,ON,ON,ON,56.97
Corridor,39,18.75,68.15,No,Night,ON,OFF,ON,37.39
Office,90,26.44,69.4,No,Day,ON,ON,OFF,64.76
Meeting Hall,23,26.86,74.44,Yes,Night,OFF,OFF,ON,38.07
Office,93,31.75,78.21,No,Night,ON,ON,OFF,59.51
Meeting Hall,75,34.36,48.87,Yes,Night,OFF,ON,OFF,53.71
Office,12,22.92,47.02,Yes,Night,ON,ON,ON,39.47
Corridor,49,19.0,79.57,Yes,Day,OFF,OFF,OFF,29.58
Office,44,26.08,37.11,No,Day,ON,OFF,OFF,51.75
Floor,3,18.51,32.09,No,Night,ON,ON,ON,59.02
Meeting Hall,89,24.55,49.26,No,Day,OFF,ON,OFF,58.54
Meeting Hall,62,22.65,34.4,No,Day,ON,OFF,OFF,56.56
Corridor,64,22.13,49.16,No,Day,ON,ON,OFF,52.15
Meeting Hall,26,18.03,50.58,No,Day,ON,ON,ON,61.58
Floor,86,22.26,61.94,No,Day,ON,ON,ON,80.81
Office,62,23.44,67.21,No,Day,ON,OFF,OFF,53.56
Corridor,10,33.49,62.39,No,Day,ON,OFF,ON,47.54
Floor,41,19.5,65.36,Yes,Day,ON,ON,ON,77.13
Meeting Hall,84,31.04,48.45,No,Day,ON,ON,OFF,69.89
Meeting Hall,85,30.32,52.83,No,Day,OFF,OFF,ON,64.25
Floor,91,23.55,65.72,No,Day,ON,ON,ON,84.93
Office,37,33.42,37.37,Yes,Day,ON,ON,OFF,53.53
Office,69,29.14,65.6,Yes,Night,OFF,ON,ON,43.1
Corridor,88,19.65,77.58,No,Day,OFF,ON,ON,54.37
Meeting Hall,61,21.47,38.78,Yes,Night,ON,OFF,OFF,47.0
Floor,3,24.82,49.72,Yes,Night,ON,ON,OFF,45.59
Office,33,34.44,59.07,No,Day,OFF,ON,ON,51.45
Corridor,25,22.5,65.91,No,Day,ON,ON,OFF,41.36
Meeting Hall,53,25.28,42.6,No,Day,ON,OFF,ON,60.83
Meeting Hall,26,27.53,59.23,No,Day,ON,OFF,ON,56.14
Corridor,38,24.04,76.75,No,Day,OFF,ON,ON,45.58
Corridor,84,29.92,47.87,No,Day,ON,OFF,ON,63.13
Office,20,29.24,58.45,Yes,Day,OFF,ON,OFF,36.83
Floor,53,19.03,61.2,No,Day,OFF,OFF,ON,62.18
Meeting Hall,55,25.29,74.36,No,Night,ON,ON,ON,64.99
Floor,92,31.28,45.55,No,Day,OFF,ON,ON,78.28
Meeting Hall,97,28.88,73.65,No,Night,ON,ON,ON,72.66
Meeting Hall,62,25.82,63.67,No,Day,ON,ON,OFF,68.29
Floor,90,30.41,65.85,Yes,Day,OFF,OFF,ON,66.48
Corridor,41,29.4,33.32,No,Day,ON,OFF,ON,51.1
Office,25,32.24,47.83,No,Night,ON,OFF,ON,46.79
Meeting Hall,68,18.87,35.9,No,Day,ON,ON,ON,67.36
Corridor,19,27.1,58.08,No,Day,ON,OFF,ON,53.59
Meeting Hall,71,29.23,71.88,No,Night,ON,ON,ON,70.35
Office,81,29.48,50.5,No,Day,ON,OFF,OFF,55.99
Meeting Hall,52,33.68,41.28,Yes,Day,ON,OFF,OFF,62.93
Office,68,25.0,45.23,No,Night,ON,ON,OFF,47.58
Office,67,31.52,58.66,Yes,Night,ON,OFF,OFF,46.68
Meeting Hall,4,31.36,68.38,No,Day,ON,ON,ON,65.39
Meeting Hall,15,22.57,64.49,No,Day,ON,ON,OFF,54.97
Office,8,22.56,77.11,No,Night,ON,OFF,ON,40.32
Corridor,24,34.03,74.19,No,Night,ON,ON,ON,53.04
Floor,56,23.51,35.25,Yes,Day,OFF,ON,ON,65.51
Office,37,25.04,65.18,No,Night,ON,ON,ON,52.24
Meeting Hall,7,28.27,49.68,No,Day,ON,ON,ON,60.44
Meeting Hall,64,23.38,46.81,No,Day,OFF,ON,ON,61.92
Corridor,30,29.25,53.79,Yes,Day,ON,OFF,OFF,38.6
Floor,32,22.92,68.31,No,Day,ON,ON,OFF,62.93
Office,54,26.96,50.84,No,Day,ON,OFF,ON,59.16
Office,68,27.51,71.05,Yes,Day,ON,OFF,ON,60.47
Floor,81,31.61,53.6,No,Day,ON,ON,ON,79.31
Office,35,32.62,33.02,Yes,Day,OFF,OFF,ON,43.76
Floor,83,29.59,61.52,No,Day,ON,ON,ON,85.52
Meeting Hall,23,22.59,69.04,Yes,Night,ON,ON,OFF,45.94
Floor,60,25.89,45.8,No,Night,OFF,ON,ON,60.53
Office,82,27.57,41.11,No,Day,ON,ON,ON,62.57
Floor,27,23.06,62.01,No,Night,ON,OFF,OFF,53.3
Corridor,59,33.98,47.63,No,Day,ON,ON,ON,68.3
Meeting Hall,93,19.85,75.29,No,Day,ON,OFF,ON,73.03
Meeting Hall,78,32.17,68.34,Yes,Night,OFF,OFF,ON,49.9
Floor,72,25.25,53.06,No,Day,ON,ON,ON,82.73
Office,38,34.07,78.78,No,Day,OFF,OFF,OFF,47.2
Corridor,30,27.05,47.23,No,Day,ON,OFF,OFF,42.3
Meeting Hall,0,30.41,52.23,Yes,Day,OFF,OFF,ON,40.84
Meeting Hall,12,30.49,62.45,Yes,Day,ON,ON,ON,53.44
Office,99,29.87,55.6,No,Night,OFF,ON,OFF,47.94
Office,65,18.84,47.22,No,Day,ON,ON,ON,58.57
Corridor,41,28.58,50.89,No,Night,OFF,OFF,ON,38.3
Floor,36,33.21,73.18,No,Night,ON,ON,OFF,66.43
Office,56,32.34,39.91,No,Day,OFF,OFF,OFF,46.37
Floor,34,33.55,45.88,No,Day,ON,OFF,OFF,65.0
Corridor,36,25.55,39.93,No,Day,ON,ON,ON,54.77
Floor,74,25.73,55.61,No,Day,ON,ON,ON,86.45
Meeting Hall,81,31.74,38.04,Yes,Day,ON,OFF,OFF,66.47
Floor,19,23.16,38.56,Yes,Night,ON,ON,ON,61.62
Corridor,65,31.01,71.71,Yes,Night,OFF,ON,ON,45.12
Corridor,87,26.57,65.15,No,Day,ON,ON,ON,71.36
Corridor,79,22.49,39.43,No,Day,ON,ON,ON,66.5
Floor,22,28.94,49.33,Yes,Day,ON,ON,ON,71.76
Meeting Hall,54,23.03,75.84,No,Day,ON,ON,ON,71.5
Office,56,29.42,73.51,Yes,Night,OFF,ON,ON,41.2
Meeting Hall,49,27.68,62.72,Yes,Night,ON,ON,ON,61.87
Floor,37,30.28,44.2,Yes,Day,ON,ON,ON,66.82
Floor,46,28.18,48.66,Yes,Day,ON,ON,ON,73.0
Office,92,30.89,62.66,No,Day,ON,OFF,ON,73.06
Floor,29,34.94,58.02,No,Day,ON,ON,ON,77.47
Corridor,67,25.95,58.03,No,Day,ON,ON,ON,56.87
Corridor,92,28.17,51.17,No,Day,ON,OFF,ON,60.76
Corridor,42,19.73,34.51,No,Day,ON,ON,ON,52.91
Corridor,26,34.16,36.08,No,Day,ON,ON,ON,52.12
Corridor,96,28.14,71.77,Yes,Day,ON,OFF,ON,63.51
Floor,81,19.75,74.21,Yes,Day,ON,ON,OFF,69.07
Office,63,24.8,74.68,No,Day,OFF,OFF,ON,52.41
Office,5,19.38,53.73,Yes,Day,OFF,OFF,OFF,27.48
Corridor,95,26.45,76.78,Yes,Day,OFF,ON,OFF,47.05
Floor,30,22.71,71.89,No,Day,OFF,ON,ON,69.38
Meeting Hall,75,23.78,49.21,No,Night,ON,ON,ON,63.16
Meeting Hall,86,19.17,41.15,Yes,Day,ON,ON,ON,67.32
Floor,28,30.96,66.43,Yes,Day,ON,OFF,ON,68.56
Corridor,2,32.3,66.27,No,Night,ON,ON,OFF,43.59
Office,96,20.38,74.51,No,Day,OFF,ON,OFF,53.64
Floor,91,30.76,32.52,Yes,Night,ON,ON,ON,73.74
Meeting Hall,81,20.19,47.63,No,Day,ON,ON,ON,75.04
Meeting Hall,85,19.45,31.74,No,Day,ON,ON,ON,70.89
Meeting Hall,19,19.94,40.52,No,Day,ON,ON,ON,57.25
Corridor,79,18.54,49.98,No,Day,ON,OFF,ON,56.95
Meeting Hall,57,24.39,36.15,Yes,Day,ON,ON,ON,62.98
Floor,56,34.2,71.11,No,Day,OFF,ON,ON,74.09
Floor,70,33.29,40.14,No,Night,ON,ON,OFF,70.89
Meeting Hall,3,23.64,50.57,Yes,Day,ON,ON,OFF,47.45
Floor,41,31.51,70.08,No,Day,ON,ON,ON,78.76
Meeting Hall,33,32.02,35.84,Yes,Day,ON,ON,ON,60.44
Meeting Hall,99,20.58,60.98,Yes,Night,ON,ON,ON,65.99
Office,17,21.9,77.03,No,Night,ON,ON,OFF,36.01
Corridor,96,29.74,52.71,No,Night,ON,ON,ON,56.73
Corridor,64,22.49,42.01,No,Day,ON,OFF,ON,54.83
Office,24,33.95,77.16,No,Day,ON,ON,OFF,50.89
Office,44,21.92,32.71,No,Day,ON,OFF,ON,49.84
Corridor,13,31.59,45.58,No,Day,OFF,ON,ON,45.21
Meeting Hall,10,30.89,70.87,No,Night,ON,OFF,OFF,48.36
Meeting Hall,51,26.56,37.7,Yes,Night,ON,ON,ON,58.02
Corridor,7,22.48,34.2,No,Day,OFF,ON,OFF,32.11
Meeting Hall,59,18.58,52.9,No,Day,ON,OFF,OFF,57.57
Office,41,32.08,46.59,Yes,Day,ON,OFF,ON,57.08
Meeting Hall,15,24.42,69.86,Yes,Day,ON,OFF,OFF,46.92
Meeting Hall,38,23.78,46.86,Yes,Day,OFF,ON,ON,47.39
Floor,100,18.76,63.49,No,Day,OFF,ON,OFF,65.12
Floor,94,20.57,58.01,No,Night,ON,ON,ON,75.17
Floor,41,24.25,59.85,No,Day,OFF,OFF,OFF,54.44
Meeting Hall,17,29.74,55.56,No,Night,ON,OFF,ON,52.53
Corridor,6,21.52,36.77,No,Day,OFF,ON,ON,30.15
Office,3,20.78,33.1,No,Day,ON,OFF,OFF,32.68
Meeting Hall,95,22.46,57.19,No,Day,OFF,ON,ON,68.07
Corridor,94,22.82,62.47,No,Day,ON,ON,ON,62.97
Meeting Hall,73,24.97,66.27,No,Day,ON,ON,ON,69.15
Office,29,24.14,66.11,No,Day,ON,ON,ON,58.79
Meeting Hall,49,19.26,67.02,No,Day,OFF,ON,ON,56.75
Office,98,28.5,31.02,No,Night,OFF,ON,OFF,42.91
Meeting Hall,44,20.22,41.17,No,Day,ON,ON,ON,66.3
Office,30,32.76,66.48,No,Night,OFF,ON,ON,41.78
Meeting Hall,94,32.61,36.18,No,Day,ON,OFF,OFF,64.46
Office,45,19.23,39.33,No,Day,OFF,ON,ON,51.75
Floor,53,25.02,62.98,No,Day,ON,ON,OFF,66.29
Meeting Hall,45,26.11,70.41,No,Night,ON,ON,ON,57.46
Meeting Hall,96,34.93,38.12,Yes,Day,ON,OFF,ON,77.11
Corridor,4,22.27,57.54,Yes,Day,ON,ON,ON,42.33
Corridor,9,28.81,39.07,No,Day,OFF,OFF,ON,33.13
Office,22,25.77,40.43,No,Day,OFF,ON,ON,42.69
Meeting Hall,6,31.07,54.1,No,Night,OFF,ON,ON,43.93
Office,57,22.22,63.69,No,Day,ON,ON,ON,59.53
Floor,46,29.58,58.71,No,Day,OFF,ON,ON,62.89
Corridor,91,20.21,34.62,Yes,Night,ON,ON,OFF,50.46
Office,20,18.26,44.28,Yes,Day,OFF,ON,ON,42.8
Office,30,18.31,76.91,No,Day,ON,ON,ON,52.0
Corridor,26,26.38,61.38,Yes,Day,ON,ON,ON,47.32
Meeting Hall,28,31.1,62.91,No,Night,OFF,OFF,ON,42.41
Office,9,27.82,40.56,No,Night,OFF,OFF,ON,35.57
Corridor,71,18.62,77.91,No,Day,ON,ON,ON,58.8
Meeting Hall,8,27.39,40.33,No,Night,ON,ON,ON,48.27
Floor,10,19.93,42.56,No,Day,ON,ON,ON,59.82
Corridor,21,34.41,55.5,No,Day,ON,ON,ON,56.08
Office,89,23.99,54.8,No,Day,OFF,OFF,OFF,52.48
Floor,49,26.56,31.63,No,Day,OFF,OFF,ON,60.01
Meeting Hall,100,23.76,67.19,Yes,Day,ON,ON,ON,71.87
Meeting Hall,39,25.94,34.82,Yes,Night,ON,ON,ON,50.33
Corridor,65,34.29,32.7,Yes,Day,OFF,ON,OFF,43.28
Corridor,62,22.43,55.36,No,Night,ON,OFF,ON,46.69
Corridor,18,30.21,32.41,No,Day,ON,ON,ON,53.55
Meeting Hall,15,30.84,40.03,No,Day,OFF,OFF,ON,48.25
Floor,3,21.24,49.55,No,Day,OFF,OFF,ON,50.93
Meeting Hall,48,30.4,60.16,No,Day,ON,OFF,ON,66.37
Office,37,29.02,69.14,No,Night,ON,ON,ON,47.91
Meeting Hall,6,22.95,44.48,No,Day,ON,ON,ON,57.18
Office,54,26.89,53.56,No,Night,ON,ON,OFF,49.9
Floor,13,28.03,77.7,No,Night,ON,OFF,OFF,56.81
Corridor,75,32.22,49.51,No,Day,ON,ON,OFF,59.81
Corridor,84,20.12,65.48,No,Day,OFF,OFF,ON,45.48
Meeting Hall,33,34.52,43.57,No,Day,OFF,OFF,OFF,41.77
Corridor,20,31.08,61.16,Yes,Day,OFF,OFF,ON,38.87
Floor,35,27.09,70.24,No,Day,ON,ON,ON,71.14
Corridor,62,31.2,75.71,No,Day,ON,ON,ON,63.46
Meeting Hall,41,30.46,76.88,No,Day,OFF,ON,OFF,54.33
Floor,48,25.82,45.1,No,Night,OFF,ON,ON,57.77
Office,70,23.71,40.04,No,Day,OFF,OFF,ON,49.62
Meeting Hall,84,34.81,70.7,Yes,Day,OFF,OFF,OFF,56.16
Office,9,33.03,61.48,No,Day,OFF,ON,ON,44.07
Floor,20,34.17,50.72,Yes,Night,ON,ON,ON,58.22
Meeting Hall,79,18.82,31.81,No,Day,ON,ON,ON,72.65
Meeting Hall,62,31.86,45.39,Yes,Day,ON,ON,ON,71.0
Floor,88,33.15,35.57,No,Night,ON,ON,OFF,69.87
Corridor,76,26.11,54.6,No,Night,ON,ON,ON,52.02
Meeting Hall,49,33.15,71.37,Yes,Night,OFF,OFF,ON,48.12
Meeting Hall,26,19.71,45.63,Yes,Day,ON,OFF,ON,48.92
Office,100,19.03,47.88,No,Night,OFF,ON,ON,47.18
Corridor,7,22.96,69.16,No,Day,ON,OFF,ON,43.19
Office,29,18.45,52.8,No,Night,ON,ON,ON,46.1
Office,94,29.63,63.41,No,Day,OFF,OFF,OFF,53.17
Corridor,70,33.76,39.43,No,Night,ON,ON,ON,62.71
Corridor,29,23.02,42.55,Yes,Night,ON,ON,OFF,38.0
Floor,17,29.21,61.75,No,Day,ON,ON,OFF,61.83
Corridor,22,25.96,35.6,Yes,Night,OFF,ON,ON,27.92
Meeting Hall,37,22.34,38.76,No,Day,OFF,OFF,ON,50.54
Corridor,29,33.62,45.88,No,Day,OFF,OFF,ON,43.07
Floor,29,34.28,39.02,No,Day,OFF,OFF,ON,63.83
Floor,71,20.29,78.77,Yes,Night,OFF,OFF,OFF,44.31
Floor,75,31.04,42.81,No,Day,ON,ON,ON,82.8
Corridor,73,21.21,77.73,Yes,Day,ON,ON,OFF,52.42
Corridor,70,26.3,72.32,Yes,Day,ON,OFF,OFF,53.67
Office,38,24.14,46.63,Yes,Night,ON,ON,OFF,39.18
Office,16,22.15,57.44,No,Night,OFF,ON,ON,38.18
Meeting Hall,95,29.49,46.9,No,Day,ON,OFF,ON,72.76
Office,68,32.54,65.16,No,Day,ON,ON,ON,68.61
Meeting Hall,84,31.28,48.1,Yes,Day,ON,ON,OFF,64.61
Floor,94,30.28,53.32,No,Day,ON,ON,ON,86.61
Office,51,19.13,65.94,No,Day,OFF,ON,OFF,40.08
Corridor,78,19.66,50.82,Yes,Day,ON,OFF,ON,52.83
Office,12,25.9,64.47,Yes,Night,OFF,OFF,ON,25.63
Meeting Hall,6,27.45,48.51,No,Day,ON,ON,ON,56.37
Office,87,30.3,49.97,No,Day,OFF,OFF,ON,51.68
Floor,67,24.05,46.07,No,Day,ON,OFF,ON,78.05
Corridor,59,18.39,79.47,No,Day,ON,ON,ON,62.4
Meeting Hall,82,18.61,55.25,Yes,Day,OFF,OFF,ON,56.3
Corridor,45,32.53,41.1,Yes,Day,ON,ON,OFF,53.02
Corridor,34,20.19,58.36,No,Night,ON,OFF,ON,36.87
Meeting Hall,28,33.93,53.45,No,Day,ON,OFF,OFF,54.65
Corridor,99,23.65,68.94,No,Day,ON,ON,OFF,63.81
Corridor,33,27.92,76.79,No,Night,OFF,OFF,ON,33.62
Office,7,20.87,35.54,No,Night,ON,OFF,ON,37.46
Corridor,65,25.72,79.06,Yes,Night,ON,ON,ON,46.96
Corridor,3,32.89,38.25,No,Night,ON,ON,ON,44.86
Corridor,65,34.73,43.67,No,Night,ON,ON,OFF,58.52
Corridor,93,31.03,68.77,Yes,Day,ON,ON,OFF,63.19
Meeting Hall,56,31.0,37.77,No,Night,OFF,ON,ON,54.16
Floor,92,33.05,70.87,Yes,Day,ON,ON,OFF,74.92
Office,3,22.16,63.67,Yes,Day,OFF,ON,ON,31.94
Corridor,84,30.52,70.26,No,Day,ON,ON,ON,69.1
Corridor,72,27.49,58.17,No,Day,OFF,OFF,ON,47.01
Meeting Hall,65,22.45,79.21,Yes,Day,OFF,OFF,ON,52.48
Floor,19,18.94,59.65,No,Day,ON,OFF,ON,57.88
Corridor,96,21.41,49.78,No,Day,OFF,ON,ON,53.17
Meeting Hall,54,29.05,78.32,No,Night,ON,OFF,ON,58.96
Office,5,27.69,33.68,No,Night,ON,OFF,ON,39.59
Office,28,19.18,55.73,Yes,Day,ON,OFF,OFF,43.97
Corridor,79,27.56,61.6,Yes,Night,OFF,OFF,ON,37.67
Corridor,99,24.64,47.27,Yes,Day,ON,OFF,ON,57.44
Floor,4,18.25,34.6,Yes,Night,ON,ON,ON,50.72
Floor,36,33.46,50.5,Yes,Day,OFF,ON,ON,62.25
Corridor,8,22.39,70.53,Yes,Day,ON,ON,OFF,46.1
Meeting Hall,95,27.41,58.56,No,Day,ON,ON,OFF,72.06
Floor,36,28.02,67.89,No,Day,OFF,OFF,ON,61.55
Corridor,97,26.48,65.88,No,Day,ON,ON,OFF,58.39
Floor,38,22.07,44.33,Yes,Day,ON,OFF,ON,63.22
Corridor,62,24.93,42.68,No,Day,OFF,OFF,ON,45.42
Office,56,22.94,69.55,Yes,Day,ON,ON,OFF,53.53
Corridor,39,25.37,38.51,No,Day,ON,ON,ON,54.92
Office,92,19.41,58.27,Yes,Night,ON,ON,OFF,46.76
Floor,63,20.82,77.82,No,Day,OFF,OFF,OFF,59.62
Corridor,94,20.34,56.27,No,Day,ON,OFF,ON,59.17
Floor,2,28.12,70.34,No,Day,ON,OFF,ON,66.24
Office,42,29.15,42.81,Yes,Night,ON,ON,ON,47.72
Corridor,24,33.54,32.9,No,Day,ON,ON,OFF,45.31
Floor,54,22.46,47.41,No,Night,OFF,ON,OFF,54.73
Office,35,24.69,58.75,Yes,Day,ON,ON,OFF,49.19
Floor,57,28.58,62.0,No,Day,ON,OFF,ON,79.52
Meeting Hall,76,34.52,56.81,No,Day,ON,ON,OFF,72.8
Office,18,24.66,51.65,No,Day,ON,ON,OFF,42.03
Office,58,22.92,79.27,No,Day,ON,ON,ON,61.55
Office,15,24.59,64.43,No,Day,ON,ON,ON,56.13
Corridor,93,23.26,77.69,No,Day,ON,OFF,ON,63.76
Corridor,98,19.45,38.83,No,Night,ON,ON,OFF,48.12
Corridor,1,23.88,79.98,No,Day,OFF,ON,ON,32.74
Meeting Hall,64,27.95,65.15,No,Day,ON,OFF,ON,65.31
Meeting Hall,58,21.11,78.6,No,Day,ON,ON,ON,66.84
Office,47,32.17,60.3,No,Day,OFF,OFF,OFF,43.68
Meeting Hall,2,30.5,37.7,Yes,Day,ON,OFF,OFF,50.29
Floor,25,27.5,47.4,No,Night,ON,OFF,OFF,52.76
Office,91,30.54,32.65,No,Night,OFF,ON,ON,50.12
Office,90,23.38,37.57,Yes,Day,ON,OFF,OFF,50.44
Floor,13,21.4,79.92,Yes,Night,OFF,OFF,ON,46.5
Office,23,32.32,75.79,No,Day,OFF,ON,OFF,47.54
Meeting Hall,34,31.92,75.09,Yes,Day,ON,OFF,ON,65.06
Corridor,97,30.51,30.1,No,Day,OFF,ON,OFF,51.12
Floor,87,22.36,52.53,No,Day,ON,OFF,ON,73.76
Meeting Hall,5,23.84,69.1,Yes,Day,ON,ON,OFF,46.61
Floor,61,24.47,41.33,Yes,Day,ON,OFF,ON,73.53
Floor,94,21.13,51.0,No,Day,ON,ON,ON,76.6
Office,92,30.92,40.25,No,Night,ON,ON,ON,67.55
Office,35,21.14,64.63,No,Day,ON,ON,ON,50.15
Meeting Hall,28,21.77,65.2,No,Night,OFF,ON,ON,40.61
Floor,12,18.82,44.14,No,Day,ON,ON,ON,63.42
Office,7,29.28,53.86,No,Day,ON,ON,ON,53.69
Office,14,33.79,52.59,No,Night,ON,ON,OFF,41.22
Floor,32,26.22,68.9,No,Day,ON,ON,OFF,67.1
Meeting Hall,88,33.26,63.76,No,Day,ON,ON,ON,72.98
Meeting Hall,15,32.3,33.41,Yes,Day,OFF,ON,ON,48.67
Floor,84,31.51,37.55,No,Day,ON,ON,ON,81.89
Meeting Hall,51,20.85,72.0,No,Day,ON,ON,ON,63.91
Office,100,24.41,78.28,No,Day,ON,ON,OFF,63.6
Floor,80,29.29,61.82,Yes,Night,OFF,ON,ON,63.08
Office,33,23.85,48.24,No,Day,ON,ON,ON,59.86
Corridor,76,30.09,41.05,Yes,Day,ON,ON,ON,59.6
Corridor,33,22.88,67.18,No,Day,OFF,ON,OFF,39.66
Meeting Hall,42,24.67,61.92,Yes,Day,ON,ON,OFF,51.2
Corridor,60,30.44,75.44,No,Day,OFF,ON,ON,52.3
Office,78,20.0,75.16,Yes,Day,OFF,ON,OFF,48.06
Corridor,21,31.38,45.36,No,Day,ON,ON,ON,54.08
Office,50,30.11,70.15,Yes,Night,OFF,OFF,ON,36.0
Meeting Hall,3,25.64,42.68,No,Day,OFF,OFF,OFF,37.54
Meeting Hall,48,25.44,69.1,Yes,Night,ON,OFF,OFF,44.39
Office,38,33.41,38.41,Yes,Day,ON,ON,ON,61.27
Corridor,86,30.18,47.39,No,Day,ON,ON,ON,66.62
Meeting Hall,76,28.54,34.3,No,Day,ON,OFF,ON,66.4
Floor,71,32.69,44.79,Yes,Night,ON,ON,OFF,66.11
Meeting Hall,0,23.64,45.91,Yes,Day,ON,ON,OFF,51.22
Corridor,40,22.87,63.43,Yes,Night,ON,ON,ON,42.66
Floor,49,21.57,65.76,No,Night,OFF,ON,OFF,50.8
Corridor,80,26.84,59.4,No,Night,OFF,ON,ON,44.49
Office,16,34.8,68.5,No,Day,ON,OFF,ON,57.34
Floor,7,33.78,52.58,Yes,Night,ON,OFF,ON,55.94
Corridor,66,25.74,61.4,No,Night,ON,ON,ON,51.98
Floor,92,19.89,47.96,Yes,Day,ON,OFF,ON,75.09
Corridor,85,32.87,56.07,Yes,Night,OFF,ON,ON,46.32
Floor,65,33.68,37.05,No,Night,ON,ON,ON,78.65
Corridor,1,20.91,60.55,No,Day,ON,OFF,ON,34.72
Office,16,33.02,40.25,Yes,Day,ON,ON,ON,52.65
Floor,72,25.59,53.04,No,Day,ON,ON,ON,78.77
Floor,32,18.2,63.27,No,Day,ON,ON,ON,66.83
Floor,92,34.03,51.39,No,Day,ON,ON,ON,92.52
Floor,92,18.73,41.16,No,Day,ON,ON,ON,80.57
Office,53,18.59,63.31,No,Day,ON,OFF,OFF,48.1
Floor,69,34.38,72.63,No,Day,ON,OFF,ON,85.42
Meeting Hall,5,21.65,55.02,No,Night,ON,ON,ON,49.92
Office,51,27.45,57.88,No,Day,OFF,ON,OFF,44.73
Meeting Hall,100,34.03,49.54,Yes,Night,ON,OFF,ON,67.78
Floor,44,33.98,59.16,No,Day,ON,OFF,ON,65.07
Corridor,0,20.96,54.77,Yes,Night,OFF,ON,ON,25.87
Meeting Hall,79,26.73,67.33,Yes,Night,OFF,ON,ON,52.15
Floor,50,18.12,42.01,No,Day,ON,ON,OFF,60.72
Meeting Hall,10,19.54,54.31,Yes,Day,ON,ON,ON,52.53
Floor,21,34.12,45.81,No,Day,ON,OFF,ON,70.3
Floor,33,25.06,34.72,No,Night,ON,ON,ON,69.1
Floor,0,20.55,49.33,No,Night,ON,OFF,ON,48.88
Corridor,76,28.73,77.66,Yes,Day,OFF,ON,ON,51.94
Meeting Hall,48,20.95,53.02,Yes,Day,OFF,ON,ON,51.95
Office,48,34.66,57.28,No,Day,OFF,ON,ON,55.44
Office,41,29.4,67.11,No,Day,ON,ON,OFF,55.74
Office,91,24.27,79.24,Yes,Night,OFF,ON,ON,48.97
Office,48,24.48,50.59,No,Day,ON,ON,ON,55.53
Floor,12,33.59,55.88,No,Night,ON,OFF,OFF,57.51
Meeting Hall,93,33.22,78.43,Yes,Night,OFF,ON,OFF,57.16
Meeting Hall,99,34.15,51.44,No,Night,ON,ON,ON,73.03
Corridor,67,25.71,69.52,No,Day,ON,ON,OFF,55.0
Meeting Hall,13,32.46,52.19,No,Day,OFF,ON,ON,51.46
Meeting Hall,35,26.24,41.38,No,Day,ON,ON,OFF,52.57
Meeting Hall,55,28.76,76.82,No,Night,ON,ON,ON,65.59
Corridor,86,26.63,65.6,No,Day,ON,ON,OFF,59.19
Office,68,28.34,73.18,No,Day,OFF,OFF,ON,54.13
Meeting Hall,45,26.66,35.8,No,Night,ON,ON,OFF,53.8
Corridor,14,20.63,65.25,No,Day,ON,OFF,ON,41.23
Corridor,86,19.84,62.02,No,Day,ON,ON,OFF,54.94
Floor,7,34.0,54.2,Yes,Day,OFF,ON,OFF,51.76
Corridor,55,26.67,37.1,No,Day,ON,ON,ON,53.76
Office,10,34.01,50.74,No,Day,ON,ON,ON,60.76
Meeting Hall,70,29.66,60.88,No,Day,ON,ON,ON,74.84
Corridor,22,19.51,63.87,No,Night,ON,ON,ON,39.67
Office,44,21.43,35.85,No,Night,ON,OFF,OFF,37.02
Corridor,26,31.05,52.19,No,Day,ON,OFF,ON,49.74
Corridor,30,21.02,51.28,No,Night,ON,ON,ON,43.48
Corridor,46,18.13,69.31,Yes,Day,OFF,ON,OFF,31.26
Corridor,65,19.9,32.06,No,Day,OFF,ON,ON,47.36
Corridor,94,26.1,69.27,No,Night,ON,ON,ON,60.52
Office,60,20.78,69.18,No,Day,ON,OFF,ON,60.15
Meeting Hall,7,18.77,64.85,No,Day,ON,OFF,ON,47.27
Meeting Hall,64,30.64,74.99,No,Day,ON,ON,ON,76.51
Meeting Hall,24,34.53,53.26,No,Day,ON,ON,ON,69.73
Meeting Hall,16,34.63,34.8,No,Day,ON,ON,ON,70.76
Office,29,33.3,46.58,Yes,Night,ON,OFF,OFF,43.67
Floor,23,18.33,60.56,Yes,Day,ON,ON,ON,61.02
Floor,94,22.08,46.14,No,Night,ON,OFF,OFF,64.94
Office,51,20.34,61.65,No,Day,ON,OFF,ON,65.64
Office,62,28.88,32.18,Yes,Day,ON,OFF,ON,51.26
Corridor,60,32.44,33.52,Yes,Day,ON,ON,ON,61.9
Corridor,76,27.72,30.53,No,Day,OFF,ON,ON,53.97
Corridor,57,23.89,78.8,No,Night,ON,OFF,OFF,43.1
Meeting Hall,78,33.5,43.08,No,Day,ON,OFF,OFF,67.84
Corridor,89,26.59,69.78,No,Day,OFF,ON,ON,54.28
Floor,31,20.97,74.34,No,Day,OFF,OFF,OFF,51.43
Meeting Hall,34,27.07,37.88,No,Day,OFF,OFF,ON,47.33
Corridor,15,18.31,39.96,No,Day,ON,ON,ON,47.47
Meeting Hall,8,18.65,49.12,No,Day,OFF,ON,ON,43.32
Floor,18,28.67,55.2,Yes,Day,OFF,ON,OFF,52.19
Corridor,39,30.3,56.74,No,Day,OFF,OFF,ON,42.29
Floor,39,20.35,49.28,Yes,Night,ON,OFF,ON,56.07
Floor,45,27.07,59.31,Yes,Day,ON,ON,OFF,62.5
Floor,2,31.13,66.8,No,Night,OFF,ON,OFF,41.86
Corridor,25,33.0,65.01,No,Day,OFF,ON,OFF,37.35
Office,100,26.06,31.51,No,Day,OFF,ON,ON,56.26
Corridor,71,20.08,59.66,No,Day,OFF,ON,ON,53.14
Floor,69,19.18,65.63,No,Day,ON,OFF,OFF,67.06
Corridor,4,32.56,40.03,No,Day,ON,OFF,ON,45.28
Floor,84,19.32,60.18,Yes,Day,OFF,ON,OFF,56.57
Office,26,31.9,35.54,No,Day,OFF,OFF,ON,41.29
Meeting Hall,43,25.43,63.25,Yes,Night,OFF,ON,OFF,44.44
Office,37,25.42,61.02,No,Night,OFF,ON,OFF,39.64
Office,71,26.82,42.05,Yes,Night,ON,OFF,OFF,43.35
Meeting Hall,85,20.31,73.77,No,Day,ON,ON,ON,76.14
Corridor,86,30.62,70.33,No,Day,OFF,ON,OFF,57.38
Meeting Hall,88,23.1,66.95,No,Day,ON,ON,ON,70.5
Corridor,70,28.16,52.98,No,Day,OFF,ON,ON,53.79
Corridor,77,18.09,41.34,No,Day,OFF,OFF,ON,43.54
Floor,40,22.79,69.11,No,Day,ON,ON,ON,70.66
Floor,57,18.69,40.73,No,Day,OFF,ON,ON,64.43
Meeting Hall,28,23.33,54.35,No,Night,ON,OFF,OFF,46.24
Office,80,20.15,48.93,Yes,Night,OFF,ON,ON,41.1
Meeting Hall,50,19.19,40.1,Yes,Day,ON,ON,ON,60.83
Corridor,69,32.42,60.73,Yes,Day,OFF,ON,OFF,44.46
Floor,95,24.2,79.1,Yes,Night,OFF,OFF,ON,62.24
Meeting Hall,62,32.03,53.81,No,Day,ON,OFF,ON,70.31
Meeting Hall,18,33.18,54.98,Yes,Day,OFF,ON,ON,54.15
Floor,26,26.6,48.64,Yes,Day,OFF,OFF,ON,58.96
Floor,93,27.65,41.41,Yes,Day,OFF,ON,ON,66.8
Floor,52,28.99,44.13,No,Day,OFF,ON,ON,70.79
Corridor,96,28.96,73.79,No,Night,ON,OFF,ON,56.71
Floor,100,27.01,77.41,No,Day,ON,ON,OFF,79.16
Office,44,28.1,71.31,No,Day,ON,OFF,OFF,55.91
Meeting Hall,10,25.5,31.32,Yes,Day,OFF,ON,ON,43.11
Floor,9,33.57,60.39,No,Night,ON,ON,ON,56.01
Floor,92,30.26,57.46,No,Day,ON,ON,ON,80.9
Corridor,85,23.35,68.74,Yes,Day,ON,ON,ON,61.34
Corridor,19,23.7,69.03,No,Day,ON,ON,OFF,43.93
Meeting Hall,18,25.74,51.91,No,Day,OFF,ON,ON,50.25
Office,87,18.54,44.38,No,Day,ON,OFF,OFF,53.58
Meeting Hall,91,34.85,34.87,No,Day,OFF,ON,ON,65.96
Floor,1,25.95,60.57,Yes,Night,ON,ON,ON,58.92
Office,39,31.18,43.68,Yes,Night,OFF,ON,ON,43.26
Office,17,20.69,78.23,Yes,Day,ON,ON,ON,55.26
Office,81,28.36,32.34,Yes,Day,ON,OFF,OFF,50.58
Office,1,24.49,78.21,Yes,Day,ON,ON,OFF,40.11
Meeting Hall,46,33.13,54.79,No,Night,ON,OFF,ON,57.45
Corridor,48,33.85,60.33,Yes,Day,ON,OFF,ON,53.04
Corridor,22,28.62,59.18,No,Night,ON,ON,ON,49.78
Floor,46,19.04,67.64,No,Day,ON,OFF,ON,65.72
Corridor,78,25.93,34.55,No,Night,ON,OFF,ON,50.28
Corridor,88,18.29,74.39,No,Night,ON,OFF,OFF,47.83
Corridor,44,26.81,69.55,No,Night,ON,ON,OFF,41.65
Corridor,81,26.52,72.51,No,Day,OFF,ON,ON,56.11
Floor,20,25.09,54.27,No,Day,OFF,ON,ON,58.85
Meeting Hall,46,23.73,64.89,No,Day,ON,ON,OFF,65.75
Office,31,27.84,52.86,No,Day,ON,OFF,ON,61.44
Corridor,18,21.01,36.52,Yes,Day,ON,OFF,ON,41.58
Meeting Hall,17,18.45,45.1,No,Day,ON,OFF,ON,54.59
Corridor,23,31.37,43.92,No,Day,OFF,OFF,ON,41.3
Corridor,46,31.36,38.3,No,Day,ON,OFF,ON,55.13
Office,29,27.85,42.07,Yes,Day,ON,ON,ON,55.48
Office,92,32.11,54.93,No,Day,ON,OFF,ON,68.73
Office,84,26.72,51.11,No,Day,OFF,ON,OFF,56.49
Corridor,20,18.11,46.46,Yes,Day,ON,ON,ON,42.84
Corridor,47,20.52,75.34,No,Night,OFF,OFF,ON,36.14
Corridor,65,25.81,68.94,No,Day,OFF,OFF,OFF,40.05
Office,44,32.66,30.13,No,Day,ON,OFF,OFF,55.59
Floor,0,21.83,58.52,No,Day,ON,ON,ON,61.27
Meeting Hall,21,18.58,64.99,No,Day,ON,OFF,OFF,49.65
Floor,55,25.01,32.67,No,Day,ON,ON,ON,74.78
Corridor,39,19.13,35.7,Yes,Night,ON,ON,OFF,34.51
Corridor,37,27.36,43.93,No,Day,ON,ON,OFF,45.15
Floor,18,18.95,60.69,No,Day,ON,ON,OFF,62.42
Corridor,18,18.28,76.16,No,Day,ON,ON,OFF,35.56
Meeting Hall,65,34.04,54.29,No,Day,OFF,OFF,OFF,54.8
Corridor,92,29.31,79.12,Yes,Night,OFF,ON,ON,43.29
Meeting Hall,86,20.03,76.84,No,Day,ON,OFF,ON,67.98
Floor,46,27.46,61.87,No,Night,ON,ON,ON,67.55
Floor,57,22.39,52.9,Yes,Day,ON,ON,OFF,64.14
Corridor,56,30.94,64.08,Yes,Night,OFF,ON,ON,46.93
Meeting Hall,47,31.84,69.56,Yes,Day,OFF,OFF,OFF,49.1
Corridor,90,26.63,77.15,No,Day,ON,OFF,ON,63.16
Office,44,24.96,67.68,Yes,Night,ON,ON,OFF,43.46
Office,86,23.39,49.58,No,Day,ON,ON,OFF,56.01
Office,91,18.56,54.67,No,Day,ON,OFF,ON,53.73
Office,27,27.53,32.35,No,Day,OFF,ON,OFF,44.08
Corridor,59,26.65,31.44,Yes,Day,ON,ON,ON,55.45
Office,4,21.62,44.08,No,Day,OFF,ON,OFF,36.51
Meeting Hall,17,27.04,70.3,Yes,Day,ON,ON,OFF,53.29
Floor,93,25.95,45.96,Yes,Day,OFF,ON,ON,70.64
Floor,87,22.43,35.85,Yes,Day,ON,ON,ON,76.12
Office,36,30.63,47.81,No,Day,ON,ON,ON,64.7
Office,79,22.18,45.28,Yes,Day,OFF,ON,ON,48.52
Office,92,25.67,79.47,No,Night,OFF,ON,ON,55.14
Corridor,93,27.07,78.57,No,Day,OFF,OFF,ON,54.75
Floor,24,31.79,66.85,No,Night,OFF,ON,ON,60.92
Office,37,25.15,71.45,No,Day,OFF,ON,ON,54.72
Meeting Hall,0,21.52,42.69,No,Day,ON,ON,OFF,44.04
Office,39,18.25,56.88,No,Day,OFF,ON,ON,41.8
Floor,54,22.29,79.92,No,Day,OFF,OFF,OFF,58.83
Office,94,30.76,46.16,Yes,Day,ON,ON,ON,67.9
Floor,38,31.95,79.31,Yes,Day,ON,OFF,OFF,65.04
Office,94,28.21,39.41,No,Day,OFF,OFF,OFF,47.85
Meeting Hall,96,34.12,61.01,No,Night,OFF,OFF,ON,60.36
Office,75,26.88,69.1,No,Night,ON,ON,ON,54.54
Meeting Hall,24,26.15,59.66,No,Day,OFF,ON,ON,50.03
Meeting Hall,22,32.16,45.45,No,Day,OFF,ON,ON,59.18
Office,42,20.84,70.7,No,Day,ON,OFF,ON,51.0
Meeting Hall,47,18.26,40.09,No,Day,OFF,ON,ON,56.12
Corridor,91,32.99,51.51,No,Day,ON,OFF,ON,63.56
Office,96,27.08,43.99,No,Day,ON,ON,OFF,64.01
Office,37,30.66,54.77,No,Night,ON,ON,OFF,48.18
Meeting Hall,89,28.69,49.37,Yes,Day,OFF,ON,ON,59.98
Meeting Hall,23,29.29,38.95,No,Day,ON,ON,ON,65.41
Office,4,27.98,67.09,Yes,Night,OFF,ON,ON,37.46
Corridor,59,30.33,38.83,Yes,Day,ON,ON,OFF,53.1
Meeting Hall,16,19.93,57.28,No,Day,OFF,ON,OFF,38.4
Meeting Hall,36,22.27,70.23,Yes,Night,OFF,OFF,ON,39.76
Floor,14,26.15,54.16,No,Day,OFF,ON,OFF,56.51
Corridor,65,30.18,74.34,Yes,Day,OFF,ON,OFF,41.96
Corridor,97,23.24,51.44,No,Day,OFF,ON,ON,56.25
Office,19,31.72,78.54,Yes,Day,ON,OFF,OFF,42.06
Corridor,29,19.11,31.25,No,Night,ON,ON,ON,40.0
Office,15,31.45,69.55,Yes,Day,ON,OFF,ON,48.32
Floor,43,29.88,65.39,No,Day,OFF,ON,ON,67.38
Corridor,58,19.11,60.55,No,Day,ON,OFF,ON,56.03
Meeting Hall,3,18.54,44.81,No,Night,ON,ON,OFF,40.23
Floor,30,32.28,60.54,Yes,Day,OFF,ON,OFF,54.4
Office,25,20.46,59.73,Yes,Day,OFF,OFF,ON,38.8
Floor,40,22.31,37.47,Yes,Night,OFF,OFF,ON,45.25
Office,75,33.24,73.99,No,Night,ON,OFF,ON,61.6
Floor,1,23.83,56.73,No,Day,ON,ON,ON,62.05
Office,7,27.02,34.45,No,Day,ON,ON,OFF,45.58
Corridor,77,18.53,49.58,Yes,Day,ON,ON,ON,59.62
Meeting Hall,23,27.67,40.83,No,Day,ON,ON,ON,57.79
Office,39,30.13,38.43,No,Day,ON,ON,ON,59.57
Floor,24,27.61,77.32,No,Day,ON,ON,ON,68.84
Office,61,31.75,63.74,No,Day,ON,ON,OFF,61.79
Office,57,31.2,45.08,No,Day,ON,OFF,ON,62.1
Office,70,26.14,63.92,Yes,Night,ON,ON,ON,49.72
Floor,31,28.97,70.15,Yes,Day,OFF,ON,OFF,53.33
Meeting Hall,86,22.7,45.85,Yes,Day,OFF,ON,ON,53.56
Corridor,45,24.1,79.24,No,Night,OFF,ON,OFF,34.37
Meeting Hall,25,28.57,74.07,Yes,Day,ON,ON,ON,62.68
Office,41,29.23,69.86,Yes,Day,OFF,ON,OFF,43.81
Floor,6,19.45,65.76,No,Day,OFF,OFF,ON,53.3
Meeting Hall,55,31.93,31.94,Yes,Day,ON,ON,ON,68.25
Office,46,28.83,31.12,Yes,Day,ON,ON,ON,53.29
Corridor,49,23.56,38.24,No,Day,ON,ON,ON,56.89
Corridor,44,21.85,75.85,Yes,Day,OFF,ON,OFF,37.49
Corridor,67,28.25,40.87,No,Day,ON,ON,ON,62.89
Office,43,29.83,65.06,No,Day,OFF,ON,OFF,43.18
Floor,24,33.78,79.0,No,Day,ON,ON,OFF,71.55
Meeting Hall,51,21.14,76.86,No,Day,OFF,OFF,ON,59.24
Corridor,17,26.55,50.01,Yes,Day,OFF,OFF,OFF,33.24
Office,6,34.24,64.06,No,Night,OFF,ON,ON,43.15
Office,21,33.46,67.96,No,Day,ON,OFF,OFF,47.73
Meeting Hall,3,26.12,57.48,No,Day,ON,ON,OFF,49.49
Corridor,28,27.38,56.15,No,Day,OFF,ON,ON,41.94
Office,87,33.58,41.18,No,Day,OFF,ON,ON,61.83
Meeting Hall,39,18.55,63.8,No,Night,ON,ON,OFF,52.28
Floor,51,34.6,44.69,No,Night,OFF,ON,ON,65.31
Floor,59,34.61,45.43,No,Day,ON,OFF,ON,76.05
Floor,40,34.05,43.29,No,Night,ON,OFF,ON,64.0
Corridor,75,34.41,33.29,No,Day,ON,OFF,ON,59.74
Meeting Hall,72,23.17,72.18,No,Night,OFF,ON,ON,52.62
Meeting Hall,14,18.63,73.15,No,Day,ON,ON,OFF,55.73
Office,76,22.83,66.19,No,Day,OFF,ON,ON,52.85
Office,56,23.88,76.39,No,Night,ON,OFF,OFF,47.63
Office,93,23.99,61.57,Yes,Day,OFF,OFF,OFF,37.53
Meeting Hall,98,29.57,61.98,No,Night,OFF,OFF,OFF,53.33
Office,34,32.68,74.38,Yes,Day,ON,ON,ON,55.06
Meeting Hall,89,21.77,40.43,No,Day,ON,ON,ON,63.92
Meeting Hall,18,25.6,51.77,No,Day,ON,ON,OFF,50.37
Floor,20,24.43,65.21,Yes,Day,OFF,OFF,ON,50.99
Office,84,31.0,43.43,No,Day,ON,OFF,ON,67.7
Floor,12,23.4,41.43,No,Day,ON,ON,ON,68.34
Corridor,20,18.96,74.91,Yes,Day,ON,ON,ON,49.7
Corridor,87,23.67,79.8,No,Night,ON,OFF,OFF,46.09
Corridor,25,24.02,49.32,No,Day,ON,ON,ON,52.13
Meeting Hall,55,31.98,41.83,Yes,Night,OFF,OFF,ON,49.64
Meeting Hall,30,27.31,50.22,No,Day,ON,ON,OFF,62.31
Meeting Hall,29,26.9,45.19,No,Day,ON,ON,OFF,60.05
Office,23,28.18,71.09,Yes,Day,OFF,OFF,ON,42.7
Floor,95,27.54,75.05,Yes,Night,ON,OFF,ON,71.92
Meeting Hall,29,29.59,49.55,No,Day,OFF,ON,OFF,48.75
Floor,25,33.37,59.98,No,Day,OFF,OFF,ON,57.62
Floor,81,32.9,33.94,No,Night,ON,OFF,ON,70.67
Floor,53,26.42,53.11,Yes,Day,ON,ON,ON,73.22
Office,75,32.4,30.34,No,Night,ON,ON,OFF,50.2
Office,20,32.67,63.55,No,Day,ON,ON,OFF,56.06
Corridor,22,31.42,38.8,No,Day,ON,ON,ON,54.32
Corridor,27,18.71,73.9,No,Day,OFF,OFF,OFF,34.78
Floor,80,29.25,61.5,No,Day,ON,ON,OFF,76.77
Corridor,78,23.32,76.41,No,Night,OFF,ON,OFF,39.37
Floor,22,32.85,76.91,No,Night,ON,OFF,OFF,55.7
Office,58,22.83,38.46,No,Day,OFF,ON,OFF,41.27
Office,52,33.62,55.66,No,Night,OFF,OFF,ON,43.69
Office,52,28.46,39.77,No,Day,OFF,ON,ON,53.56
Meeting Hall,33,28.97,52.66,No,Day,ON,OFF,OFF,54.69
Floor,91,33.09,52.5,No,Day,ON,OFF,OFF,78.66
Office,67,34.75,66.79,No,Day,ON,OFF,OFF,56.23
Floor,11,23.25,78.81,No,Day,OFF,OFF,ON,49.11
Corridor,1,19.51,61.45,No,Day,OFF,ON,OFF,31.81
Corridor,24,30.3,70.8,No,Day,ON,ON,ON,60.1
Office,87,19.19,50.18,No,Night,OFF,OFF,OFF,39.26
Floor,94,27.08,33.64,No,Night,OFF,OFF,ON,58.51
Office,67,23.87,55.73,Yes,Day,ON,ON,OFF,52.48
Corridor,43,24.63,75.2,No,Day,ON,OFF,ON,50.59
Office,33,22.0,42.01,Yes,Day,OFF,ON,OFF,34.89
Floor,5,29.89,43.14,No,Night,ON,OFF,ON,53.57
Corridor,94,27.72,35.24,No,Day,OFF,ON,ON,59.87
Meeting Hall,38,34.19,79.84,Yes,Day,OFF,ON,OFF,49.72
Corridor,49,24.04,50.74,No,Night,ON,ON,OFF,45.37
Meeting Hall,23,24.7,44.94,No,Day,ON,ON,ON,63.15
Office,88,20.81,76.34,No,Day,ON,ON,OFF,60.18
Office,4,28.4,70.56,No,Day,OFF,ON,ON,39.13
Floor,53,19.61,73.85,Yes,Day,ON,ON,OFF,68.52
Meeting Hall,53,34.46,77.52,No,Night,ON,OFF,ON,68.34
Office,9,33.47,72.84,Yes,Day,OFF,ON,ON,41.37
Meeting Hall,81,29.89,79.28,No,Day,ON,ON,OFF,67.33
Office,92,23.39,61.97,No,Day,OFF,OFF,ON,58.42
Corridor,74,24.05,42.04,No,Day,ON,OFF,ON,56.32
Office,93,19.48,38.36,No,Day,ON,ON,OFF,56.31
Floor,68,22.2,60.11,No,Day,ON,OFF,ON,70.11
Corridor,5,24.0,47.94,No,Day,ON,OFF,ON,46.0
Floor,77,25.61,36.56,No,Day,OFF,OFF,ON,65.04
Corridor,15,25.89,69.86,Yes,Day,ON,OFF,OFF,39.8
Meeting Hall,59,33.05,47.49,No,Day,ON,OFF,ON,67.6
Floor,13,25.65,52.26,Yes,Night,ON,ON,ON,52.98
Office,32,34.28,60.59,Yes,Day,ON,OFF,ON,52.76
Meeting Hall,100,19.42,50.1,No,Night,ON,OFF,ON,58.52
Office,68,21.59,73.31,No,Day,ON,ON,ON,62.67
Corridor,39,24.6,79.12,No,Night,OFF,ON,OFF,30.51
Corridor,77,33.1,49.26,No,Day,ON,ON,ON,63.74
Office,39,20.08,38.92,No,Day,ON,OFF,OFF,47.72
Office,8,24.04,43.91,No,Day,ON,ON,OFF,44.49
Meeting Hall,90,19.91,63.7,Yes,Day,ON,ON,ON,62.69
Office,66,31.16,34.11,No,Night,ON,OFF,ON,53.82
Floor,73,22.8,63.73,No,Day,ON,ON,OFF,76.71
Floor,47,25.38,56.38,No,Day,ON,OFF,OFF,68.9
Office,74,31.9,32.27,No,Night,ON,ON,OFF,55.68
Floor,97,20.85,50.54,No,Day,ON,ON,ON,79.95
Office,64,34.1,41.53,No,Day,ON,ON,OFF,61.31
Meeting Hall,9,24.7,36.51,No,Day,ON,ON,OFF,53.38
Floor,5,23.62,77.05,No,Day,ON,ON,ON,72.07
Floor,71,21.24,44.55,No,Night,OFF,OFF,ON,53.21
Office,61,25.95,54.7,No,Day,OFF,OFF,OFF,41.3
Floor,30,34.67,60.6,Yes,Day,OFF,OFF,ON,58.33
Corridor,5,26.35,61.45,Yes,Day,ON,ON,OFF,36.73
Meeting Hall,94,25.69,49.07,No,Day,OFF,ON,OFF,59.17
Meeting Hall,33,18.13,43.48,No,Day,ON,ON,ON,58.22
Floor,92,22.89,58.24,No,Day,OFF,ON,OFF,70.59
Floor,66,21.87,69.73,Yes,Day,ON,OFF,ON,70.08
Corridor,61,18.66,74.75,No,Night,ON,ON,ON,50.84
Corridor,85,25.58,59.57,No,Day,ON,OFF,OFF,54.38
Floor,11,20.31,56.44,No,Day,ON,OFF,ON,58.73
Floor,37,26.55,78.3,No,Day,ON,OFF,ON,74.2
Corridor,82,25.73,40.15,No,Night,ON,OFF,ON,53.67
Office,6,21.79,30.84,Yes,Day,ON,ON,ON,45.56
Corridor,63,31.57,54.63,Yes,Night,OFF,OFF,ON,41.28
Office,86,33.76,32.9,Yes,Night,OFF,ON,ON,48.38
Meeting Hall,76,20.28,32.96,No,Night,ON,ON,ON,66.84
Meeting Hall,3,19.66,31.65,Yes,Day,ON,ON,ON,48.93
Corridor,20,23.86,60.92,No,Day,ON,ON,ON,54.08
Office,77,28.38,61.29,No,Day,ON,ON,ON,64.31
Corridor,35,28.74,42.78,No,Night,ON,ON,ON,48.34
Corridor,6,28.62,52.49,No,Night,ON,ON,ON,46.32
Office,76,27.79,50.94,Yes,Night,OFF,OFF,ON,42.54
Corridor,34,24.56,54.65,No,Day,ON,ON,ON,58.23
Meeting Hall,48,31.29,39.98,No,Day,ON,ON,ON,67.92
Floor,96,34.2,70.64,Yes,Day,ON,ON,ON,87.59
Floor,10,28.02,44.41,No,Day,ON,OFF,ON,60.84
Corridor,88,21.73,46.34,No,Day,OFF,ON,ON,54.64
Office,23,27.55,62.53,No,Day,ON,ON,ON,56.24
Office,21,30.84,79.08,No,Night,ON,ON,ON,47.95
Meeting Hall,42,32.1,40.22,No,Day,OFF,OFF,ON,54.8
Office,50,30.21,47.89,No,Night,ON,ON,ON,59.94
Office,48,33.14,48.71,Yes,Night,ON,ON,ON,52.45
Meeting Hall,21,34.18,56.46,Yes,Day,ON,ON,OFF,57.2
Corridor,78,26.36,71.75,Yes,Day,ON,OFF,ON,56.77
Floor,17,27.2,66.28,No,Day,ON,ON,ON,70.35
Meeting Hall,43,23.74,40.27,No,Day,OFF,OFF,ON,47.82
Corridor,31,29.2,65.64,No,Day,ON,ON,ON,57.46
Meeting Hall,57,28.13,36.3,No,Day,ON,ON,ON,66.7
Corridor,55,21.04,39.59,No,Night,OFF,ON,ON,44.04
Meeting Hall,99,29.8,49.69,No,Day,ON,OFF,ON,72.27
Corridor,73,31.69,47.24,No,Day,OFF,ON,ON,58.82
Meeting Hall,8,21.08,73.49,No,Night,ON,ON,ON,46.29
Corridor,62,20.79,79.85,No,Day,OFF,OFF,OFF,38.7
Meeting Hall,88,28.86,40.16,No,Day,OFF,ON,ON,64.54
Floor,3,19.97,62.87,Yes,Night,OFF,ON,ON,40.22
Floor,37,31.76,59.12,No,Day,ON,ON,OFF,72.27
Office,99,28.93,68.47,No,Day,ON,OFF,ON,70.6
Corridor,41,18.55,64.98,Yes,Night,ON,OFF,ON,33.7
Meeting Hall,100,31.1,43.77,Yes,Day,OFF,OFF,ON,62.3
Corridor,6,26.67,72.04,Yes,Day,ON,ON,ON,47.07
Floor,41,26.43,53.94,No,Day,OFF,ON,ON,64.9
Corridor,59,23.3,76.65,No,Day,ON,ON,OFF,52.71
Meeting Hall,89,22.82,58.02,No,Night,ON,ON,OFF,58.45
Corridor,19,26.51,44.54,No,Night,ON,ON,ON,48.37
Meeting Hall,62,18.05,74.81,No,Day,ON,OFF,ON,63.85
Floor,20,31.52,71.31,No,Night,OFF,ON,ON,52.76
Floor,4,31.33,77.35,No,Night,ON,OFF,ON,64.68
Floor,29,30.5,74.68,No,Day,OFF,ON,OFF,51.55
Office,62,28.24,42.26,No,Day,ON,OFF,ON,55.92
Floor,58,23.02,70.77,No,Day,OFF,ON,ON,67.55
Corridor,37,29.19,59.71,No,Day,OFF,ON,ON,45.8
Office,35,20.2,50.17,No,Day,ON,ON,OFF,49.15
Floor,37,22.48,30.38,Yes,Day,ON,OFF,ON,60.88
Corridor,22,18.77,64.88,Yes,Day,ON,OFF,OFF,34.24
Corridor,22,32.61,72.69,No,Night,ON,ON,OFF,39.94
Corridor,57,32.08,60.21,Yes,Night,OFF,ON,ON,42.15
Meeting Hall,47,25.66,45.54,No,Day,OFF,ON,ON,53.6
Office,5,25.44,32.88,No,Night,OFF,ON,ON,34.04
Corridor,45,33.74,62.95,Yes,Day,OFF,OFF,ON,45.5
Meeting Hall,86,29.48,50.19,Yes,Day,ON,ON,OFF,68.33
Floor,14,30.06,54.84,Yes,Day,ON,ON,OFF,60.11
Corridor,0,24.11,58.21,Yes,Night,OFF,OFF,ON,18.86
Meeting Hall,99,22.96,68.43,No,Night,ON,ON,ON,67.11
Corridor,91,19.94,56.84,No,Night,OFF,OFF,OFF,34.39
Office,73,19.23,56.3,No,Night,OFF,ON,OFF,42.99
Office,32,33.39,54.06,No,Day,ON,OFF,OFF,49.95
Floor,23,33.41,51.38,No,Night,ON,ON,ON,61.62
Corridor,69,21.86,61.15,No,Day,OFF,ON,ON,47.14
Meeting Hall,13,18.64,31.22,No,Day,ON,OFF,ON,54.38
Floor,95,23.89,66.16,No,Day,OFF,ON,ON,75.5
Corridor,82,34.18,45.73,Yes,Day,ON,OFF,OFF,56.89
Floor,69,23.19,48.63,Yes,Day,ON,OFF,ON,67.16
Meeting Hall,83,32.71,60.71,Yes,Day,ON,OFF,ON,69.88
Floor,88,31.88,42.37,Yes,Day,OFF,ON,OFF,61.18
Floor,83,34.06,62.94,No,Day,ON,ON,ON,85.41
Floor,37,26.44,36.38,Yes,Day,ON,OFF,OFF,64.94
Corridor,10,33.67,62.47,No,Day,ON,OFF,ON,50.34
Meeting Hall,62,30.61,65.86,No,Day,ON,OFF,ON,71.95
Office,31,32.76,64.98,No,Night,ON,ON,OFF,46.11
Corridor,28,30.47,68.71,No,Night,ON,OFF,OFF,38.16
Office,29,25.84,55.84,Yes,Day,ON,ON,OFF,48.05
Office,28,33.62,73.24,No,Night,ON,OFF,OFF,49.95
Corridor,85,31.61,41.68,Yes,Day,ON,ON,OFF,55.31
Corridor,10,28.9,49.17,No,Day,ON,ON,ON,55.47
Meeting Hall,48,26.21,77.83,No,Day,ON,ON,OFF,67.93
Meeting Hall,83,19.61,69.45,No,Day,ON,OFF,ON,66.09
Floor,77,31.86,67.13,No,Day,ON,OFF,ON,79.27
Office,90,25.08,65.56,No,Day,OFF,OFF,ON,54.6
Meeting Hall,63,24.11,35.52,Yes,Day,ON,ON,OFF,56.94
Floor,37,21.92,77.53,Yes,Day,ON,ON,ON,69.58
Meeting Hall,59,27.21,44.62,No,Night,ON,ON,ON,57.12
Corridor,67,32.11,37.22,No,Day,OFF,ON,OFF,42.63
Meeting Hall,6,22.92,30.93,No,Night,OFF,ON,ON,41.47
Office,93,33.65,49.34,Yes,Day,ON,ON,OFF,69.31
Meeting Hall,73,24.75,63.63,No,Night,OFF,ON,OFF,52.3
Office,6,34.48,49.59,No,Day,ON,ON,ON,51.28
Corridor,4,29.5,70.44,No,Night,ON,ON,ON,41.12
Office,67,24.24,39.08,No,Night,ON,OFF,ON,50.05
Meeting Hall,46,34.72,38.49,No,Day,ON,OFF,ON,61.79
Floor,35,28.1,43.32,No,Day,ON,OFF,OFF,55.86
Corridor,14,31.07,32.71,No,Day,ON,OFF,ON,49.6
Meeting Hall,38,25.68,71.95,Yes,Night,ON,ON,OFF,44.31
Corridor,37,20.03,36.75,Yes,Day,OFF,OFF,OFF,25.95
Corridor,35,34.39,49.0,No,Day,ON,OFF,ON,50.89
Meeting Hall,1,23.47,53.15,No,Day,ON,ON,OFF,53.1
Meeting Hall,14,33.6,41.74,No,Day,ON,OFF,ON,58.7
Floor,83,33.43,74.23,No,Day,ON,ON,ON,84.88
Corridor,54,19.61,66.79,No,Night,ON,ON,ON,54.24
Corridor,97,19.95,31.41,Yes,Day,ON,OFF,ON,54.65
Meeting Hall,76,28.4,51.93,No,Night,ON,OFF,OFF,55.39
Office,59,18.61,36.89,Yes,Day,ON,ON,ON,53.91
Meeting Hall,24,25.16,61.95,No,Day,OFF,ON,ON,55.44
Corridor,13,26.97,54.66,No,Day,ON,ON,OFF,47.03
Meeting Hall,8,21.35,70.43,No,Night,ON,ON,OFF,45.7
Floor,48,31.09,64.21,No,Day,ON,OFF,ON,72.73
Office,34,25.34,70.93,Yes,Day,OFF,OFF,OFF,30.64
Meeting Hall,85,25.19,73.82,No,Day,ON,OFF,ON,76.1
Floor,4,21.98,39.03,Yes,Day,ON,ON,OFF,55.7
Corridor,100,33.09,59.18,Yes,Night,ON,ON,OFF,57.27
Meeting Hall,77,18.19,37.96,Yes,Day,ON,ON,ON,68.93
Corridor,16,18.12,42.17,No,Day,ON,ON,ON,47.56
Floor,68,34.92,41.37,No,Day,ON,ON,OFF,83.2
Corridor,76,18.36,47.66,No,Day,ON,ON,OFF,49.19
Floor,53,20.64,69.39,No,Day,ON,ON,ON,74.21
Floor,46,33.01,45.87,No,Day,ON,ON,ON,76.31
Floor,94,28.47,67.26,No,Day,OFF,ON,ON,78.73
Meeting Hall,48,28.62,30.04,No,Day,ON,ON,ON,60.37
Corridor,73,26.09,58.93,No,Day,OFF,OFF,ON,44.28
Corridor,61,20.56,44.06,No,Day,ON,ON,ON,52.63
Office,22,24.24,67.09,Yes,Day,OFF,OFF,ON,32.84
Office,92,30.2,79.55,No,Day,ON,OFF,ON,66.61
Office,15,26.25,56.61,No,Day,ON,OFF,OFF,45.31
Office,80,30.41,56.65,Yes,Day,OFF,ON,ON,53.12
Corridor,6,18.12,78.72,No,Night,OFF,ON,ON,27.74
Floor,42,29.15,47.96,Yes,Day,ON,ON,ON,72.18
Floor,77,28.08,49.81,Yes,Day,OFF,OFF,OFF,64.6
Meeting Hall,43,34.56,64.83,Yes,Day,OFF,OFF,ON,52.98
Floor,8,33.42,54.66,No,Day,ON,ON,ON,70.06
Corridor,70,28.21,68.44,No,Night,OFF,ON,OFF,42.18
Corridor,77,27.8,50.57,No,Day,ON,ON,OFF,60.42
Corridor,79,19.57,64.45,Yes,Day,ON,ON,ON,54.66
Meeting Hall,59,34.0,68.51,No,Day,ON,OFF,ON,66.22
Office,9,30.02,62.14,No,Night,ON,ON,ON,46.71
Floor,4,26.54,40.11,Yes,Night,OFF,ON,ON,50.86
Corridor,50,32.58,55.81,No,Day,ON,ON,ON,58.02
Corridor,6,30.42,78.32,Yes,Night,ON,ON,ON,43.45
Office,21,27.58,35.21,Yes,Day,OFF,ON,ON,44.49
Corridor,23,27.17,65.26,No,Day,OFF,ON,ON,46.13
Floor,41,33.75,69.41,No,Day,ON,ON,OFF,72.32
Meeting Hall,21,31.58,63.75,Yes,Day,ON,OFF,OFF,46.23
Corridor,34,24.85,35.63,Yes,Day,OFF,ON,ON,38.74
Floor,54,28.69,33.74,Yes,Night,ON,ON,OFF,54.72
Corridor,2,21.34,55.34,Yes,Day,ON,OFF,OFF,30.17
Office,70,33.87,46.05,Yes,Day,ON,ON,ON,63.87
Corridor,18,29.82,49.53,No,Day,ON,ON,ON,52.73
Corridor,41,34.32,43.64,No,Day,ON,ON,ON,58.38
Meeting Hall,45,22.96,70.98,No,Day,ON,ON,OFF,55.66
Office,71,23.36,72.5,No,Day,OFF,ON,ON,53.74
Office,86,32.15,30.82,No,Day,ON,ON,ON,69.29
Meeting Hall,19,22.45,70.67,Yes,Day,ON,ON,ON,57.91
Corridor,32,24.08,63.67,Yes,Day,ON,OFF,OFF,38.86
Floor,5,33.03,52.72,No,Day,ON,ON,ON,67.73
Office,14,26.8,34.14,Yes,Day,ON,OFF,ON,47.2
Office,68,23.11,63.43,Yes,Day,ON,OFF,ON,58.45
Corridor,77,24.96,43.17,Yes,Day,ON,OFF,ON,54.98
Corridor,72,30.1,57.48,No,Day,OFF,OFF,ON,49.28
Office,89,20.7,41.09,No,Day,OFF,ON,ON,57.2
Corridor,95,34.36,73.89,No,Night,ON,ON,ON,66.47
Floor,30,26.38,47.46,No,Night,ON,OFF,ON,59.04
Office,5,31.0,64.34,No,Night,OFF,ON,ON,38.48
Floor,0,29.93,54.68,No,Day,OFF,ON,ON,55.18
Floor,18,29.57,75.72,No,Day,OFF,ON,ON,63.18
Corridor,14,25.14,41.4,Yes,Day,ON,ON,ON,42.81
Floor,33,18.72,77.77,Yes,Day,OFF,ON,ON,53.92
Corridor,63,30.6,67.62,Yes,Day,ON,ON,ON,59.79
Meeting Hall,82,34.21,65.05,Yes,Night,ON,OFF,ON,65.63
Corridor,48,26.59,72.03,Yes,Day,ON,ON,OFF,47.89
Floor,74,34.22,62.58,No,Day,ON,OFF,OFF,75.53
Meeting Hall,81,27.09,35.51,No,Day,ON,ON,ON,68.86
Corridor,87,20.85,64.92,No,Day,ON,ON,ON,65.25
Floor,45,22.07,51.89,No,Day,OFF,ON,OFF,55.83
Office,50,32.7,57.68,No,Day,ON,OFF,ON,51.96
Office,72,28.57,50.42,No,Day,OFF,OFF,OFF,49.65
Corridor,10,25.04,38.56,No,Night,ON,ON,OFF,36.33
Corridor,3,31.59,54.24,Yes,Day,ON,ON,OFF,43.5
Office,81,28.91,33.14,Yes,Night,ON,OFF,ON,51.68
Floor,86,32.83,32.69,No,Day,ON,OFF,ON,82.36
Floor,40,34.51,56.66,No,Day,OFF,ON,ON,69.52
Floor,100,29.07,39.02,Yes,Day,ON,ON,ON,80.38
Corridor,63,34.5,61.18,Yes,Night,ON,OFF,ON,45.4
Meeting Hall,0,26.0,39.55,No,Day,OFF,ON,ON,43.5
Meeting Hall,88,32.28,70.26,Yes,Day,ON,ON,ON,71.99
Meeting Hall,8,33.41,37.31,No,Day,ON,ON,OFF,56.7
Meeting Hall,38,18.77,52.2,Yes,Day,ON,OFF,ON,53.24
Meeting Hall,64,32.71,53.29,No,Day,ON,ON,ON,68.46
Corridor,16,24.95,61.01,Yes,Night,OFF,OFF,OFF,26.71
Corridor,66,24.77,50.11,No,Day,ON,OFF,ON,54.12
Meeting Hall,86,31.29,62.84,Yes,Day,ON,ON,ON,71.15
Corridor,0,22.19,68.32,No,Night,ON,ON,OFF,28.93
Corridor,23,18.54,36.14,No,Night,OFF,OFF,ON,27.23
Meeting Hall,76,22.61,33.67,No,Day,OFF,ON,OFF,52.58
Floor,19,29.02,63.87,No,Day,ON,ON,OFF,63.73
Corridor,63,34.21,72.67,No,Day,ON,OFF,ON,61.34
Floor,19,24.73,53.99,No,Night,ON,OFF,ON,52.71
Corridor,75,31.56,61.63,No,Night,ON,ON,ON,58.96
Corridor,80,21.41,44.9,No,Night,ON,ON,OFF,46.43
Meeting Hall,84,32.48,73.73,No,Day,OFF,ON,ON,70.46
Corridor,39,31.01,68.58,Yes,Day,OFF,OFF,ON,40.86
Office,87,25.62,59.36,No,Day,ON,OFF,ON,61.66
Office,29,33.21,45.33,No,Day,ON,ON,OFF,53.92
Meeting Hall,22,18.64,51.9,No,Night,ON,OFF,OFF,38.4
Floor,22,31.36,43.97,No,Day,OFF,OFF,OFF,53.43
Floor,55,18.6,51.58,No,Day,OFF,ON,ON,66.01
Floor,46,32.7,32.49,No,Night,ON,OFF,ON,66.14
Office,16,21.01,35.28,No,Day,ON,ON,ON,51.5
Floor,1,18.65,40.86,No,Day,ON,OFF,OFF,47.47
Floor,87,23.25,75.2,No,Night,ON,ON,ON,72.02
Meeting Hall,32,21.04,53.27,No,Night,ON,OFF,ON,44.9
Floor,14,29.08,54.03,No,Night,ON,ON,OFF,52.97
Office,31,26.03,56.44,No,Day,ON,ON,ON,57.53
Office,33,20.21,55.01,No,Day,ON,ON,OFF,53.16
Office,59,33.57,34.31,No,Day,ON,OFF,ON,60.54
Meeting Hall,85,24.25,46.17,Yes,Day,ON,ON,ON,66.77
Meeting Hall,30,22.81,33.37,No,Day,OFF,OFF,OFF,38.73
Corridor,14,29.87,33.48,No,Night,ON,ON,OFF,34.24
Floor,19,24.69,33.86,No,Day,OFF,OFF,ON,54.52
Meeting Hall,86,20.47,74.87,Yes,Day,ON,ON,ON,72.93
Office,30,27.9,40.95,No,Night,ON,ON,OFF,44.48
Office,1,18.52,33.37,No,Night,ON,ON,OFF,41.49
Meeting Hall,12,28.66,30.14,No,Day,ON,ON,OFF,56.27
Meeting Hall,95,32.75,60.66,No,Night,ON,OFF,ON,65.83
Meeting Hall,15,22.45,60.85,No,Night,ON,OFF,ON,48.79
Corridor,14,32.49,43.25,No,Night,OFF,ON,OFF,27.7
Office,24,22.17,44.0,Yes,Night,OFF,OFF,ON,26.08
Corridor,75,21.44,46.91,No,Night,OFF,ON,ON,42.79
Corridor,27,30.16,47.7,Yes,Day,ON,ON,ON,56.74
Floor,11,19.11,68.85,No,Day,ON,ON,ON,60.86
Office,84,18.69,76.98,No,Day,ON,ON,ON,64.31
Office,75,25.75,59.41,No,Day,OFF,OFF,ON,50.41
Meeting Hall,53,18.58,49.6,No,Day,OFF,OFF,ON,52.18
Meeting Hall,57,26.44,44.74,Yes,Day,OFF,ON,ON,55.27
Floor,15,29.04,71.47,No,Day,ON,ON,OFF,65.16
Corridor,61,21.88,34.5,Yes,Night,ON,OFF,ON,43.4
Meeting Hall,73,33.28,51.66,Yes,Night,ON,ON,ON,65.14
Meeting Hall,9,21.4,63.27,No,Day,ON,ON,OFF,51.45
Office,65,22.04,42.53,Yes,Day,ON,ON,ON,53.58
Office,90,33.52,36.73,No,Night,ON,OFF,ON,60.96
Meeting Hall,51,29.69,62.59,No,Night,ON,OFF,OFF,48.61
Office,29,26.99,59.98,Yes,Night,ON,OFF,OFF,32.96
Floor,96,23.61,60.96,Yes,Night,ON,ON,ON,70.76
Meeting Hall,15,31.07,78.91,No,Night,OFF,OFF,OFF,36.68
Office,9,28.0,46.15,No,Day,ON,ON,ON,58.29
Floor,14,23.81,79.29,No,Day,ON,OFF,ON,57.01
Office,25,32.04,32.34,No,Night,ON,ON,OFF,46.08
Office,60,31.51,32.02,No,Day,ON,ON,ON,67.85
Office,14,33.99,72.93,No,Night,ON,OFF,OFF,45.89
Meeting Hall,5,34.91,46.1,Yes,Day,OFF,OFF,ON,43.98
Corridor,80,18.2,47.86,No,Night,ON,OFF,ON,48.47
Office,0,23.44,32.56,No,Day,ON,ON,ON,50.81
Floor,86,21.28,30.12,No,Day,ON,OFF,OFF,67.47
Meeting Hall,97,21.63,61.65,No,Day,ON,OFF,ON,66.7
Meeting Hall,34,32.7,56.13,No,Night,ON,OFF,ON,62.54
Floor,88,34.57,66.39,Yes,Day,ON,OFF,OFF,69.96
Office,0,33.98,41.37,No,Night,ON,ON,OFF,46.76
Corridor,88,29.84,72.37,No,Night,OFF,ON,ON,46.94
Office,37,27.43,43.11,No,Night,ON,OFF,ON,46.98
Floor,79,28.85,52.4,Yes,Night,OFF,ON,ON,60.76
Meeting Hall,40,32.55,48.41,No,Day,ON,ON,OFF,60.45
Corridor,11,18.12,72.76,No,Day,ON,ON,ON,47.87
Meeting Hall,63,25.28,71.05,No,Day,ON,OFF,OFF,62.89
Floor,9,26.61,52.08,Yes,Night,OFF,ON,OFF,38.11
Office,26,33.7,47.87,No,Night,OFF,ON,ON,38.72
Corridor,38,20.93,69.27,Yes,Day,ON,ON,ON,53.42
Meeting Hall,70,30.65,40.69,No,Day,ON,ON,ON,71.07
Meeting Hall,69,33.71,77.05,No,Day,OFF,ON,OFF,56.86
Meeting Hall,44,30.99,45.9,Yes,Day,OFF,ON,ON,53.52
Office,10,18.17,53.17,No,Day,ON,OFF,OFF,39.4
Corridor,23,29.21,70.42,No,Day,ON,ON,OFF,51.07
Office,56,21.56,69.76,No,Day,OFF,OFF,ON,41.86
Office,39,28.29,64.66,No,Day,ON,OFF,ON,55.61
Office,88,27.71,35.79,No,Day,OFF,ON,OFF,55.48
Floor,36,34.27,42.11,No,Day,ON,ON,ON,71.85
Floor,2,21.23,65.68,No,Day,OFF,OFF,ON,46.62
Floor,67,18.86,72.97,No,Day,ON,ON,ON,76.71
Corridor,67,28.39,38.41,No,Day,ON,ON,OFF,53.8
Office,0,23.85,79.46,Yes,Day,ON,ON,OFF,42.2
Office,93,30.75,61.06,No,Day,OFF,ON,ON,63.1
Floor,78,34.88,71.06,No,Day,OFF,ON,OFF,64.69
Office,44,24.82,69.28,No,Night,OFF,ON,ON,40.11
Office,30,20.58,35.36,No,Day,OFF,ON,OFF,37.34
Meeting Hall,36,27.42,47.13,No,Day,ON,OFF,OFF,51.94
Office,68,23.89,52.92,No,Day,ON,OFF,ON,60.49
Meeting Hall,42,31.51,43.0,No,Day,ON,ON,ON,65.54
Office,84,27.08,64.12,No,Night,OFF,ON,ON,49.65
Corridor,98,33.44,58.07,Yes,Day,ON,OFF,OFF,59.32
Floor,3,32.25,79.05,No,Day,ON,ON,ON,73.05
Meeting Hall,70,33.54,39.14,No,Day,ON,ON,OFF,72.61
Floor,28,23.08,58.06,No,Day,ON,OFF,ON,63.56
Meeting Hall,99,33.35,75.01,No,Day,OFF,OFF,ON,66.35
Meeting Hall,98,32.73,31.98,Yes,Day,OFF,ON,OFF,58.79
Meeting Hall,95,28.66,54.88,Yes,Day,ON,ON,OFF,69.05
Corridor,10,33.48,40.65,No,Day,OFF,ON,ON,42.08
Office,32,18.92,77.91,No,Day,ON,ON,ON,53.14
Meeting Hall,52,31.36,63.27,No,Night,ON,ON,ON,64.79
Corridor,16,20.47,43.65,No,Day,OFF,ON,OFF,34.17
Meeting Hall,11,23.8,79.49,Yes,Day,ON,ON,OFF,47.31
Office,0,30.4,40.91,Yes,Day,ON,ON,ON,50.39
Meeting Hall,55,21.56,46.55,No,Day,OFF,ON,ON,60.52
Corridor,22,21.93,63.76,No,Night,OFF,OFF,ON,29.46
Office,6,21.6,58.38,No,Day,OFF,OFF,ON,40.17
Corridor,77,25.76,71.22,No,Day,OFF,OFF,ON,47.28
Office,40,19.38,63.47,No,Day,ON,ON,OFF,44.52
Office,52,33.07,58.91,Yes,Day,ON,ON,OFF,57.58
Floor,6,30.41,46.78,No,Day,OFF,OFF,ON,59.41
Floor,77,26.73,44.79,No,Night,ON,OFF,ON,68.3
Floor,97,19.43,34.9,Yes,Night,ON,OFF,ON,67.25
Office,65,20.11,50.15,No,Day,ON,ON,ON,61.44
Meeting Hall,83,19.67,69.46,No,Night,OFF,OFF,OFF,37.95
Corridor,80,18.25,44.23,No,Day,ON,OFF,ON,60.16
Corridor,73,29.34,74.06,No,Night,OFF,ON,ON,46.38
Corridor,52,26.67,70.07,No,Night,ON,ON,ON,56.17
Floor,4,24.5,79.88,Yes,Day,ON,ON,ON,67.39
Office,96,23.91,66.29,Yes,Day,OFF,OFF,ON,53.03
Floor,100,25.84,32.46,Yes,Night,ON,ON,OFF,65.0
Meeting Hall,35,26.07,59.67,No,Day,ON,OFF,OFF,58.61
Office,43,20.36,45.09,Yes,Day,OFF,ON,ON,43.05
Corridor,10,27.04,77.43,No,Day,OFF,OFF,ON,35.31
Floor,63,18.82,65.6,Yes,Night,ON,ON,ON,61.63
Floor,20,33.96,69.14,No,Night,ON,ON,OFF,58.02
Meeting Hall,3,30.14,58.07,Yes,Day,ON,OFF,OFF,42.83
Meeting Hall,88,18.16,78.35,No,Night,ON,OFF,OFF,54.39
Floor,34,22.91,38.53,Yes,Day,ON,OFF,ON,60.97
Meeting Hall,34,34.71,49.46,No,Night,ON,ON,ON,58.26
Corridor,34,18.82,55.0,No,Day,ON,ON,OFF,43.4
Meeting Hall,38,20.49,57.67,No,Day,ON,ON,OFF,56.3
Meeting Hall,32,26.11,68.82,Yes,Day,ON,ON,ON,64.44
Floor,76,24.01,66.43,Yes,Day,ON,ON,ON,74.36
Floor,67,34.75,32.74,No,Day,OFF,ON,ON,74.19
Office,43,27.17,66.19,No,Night,OFF,OFF,OFF,34.13
Office,50,34.0,43.12,No,Day,ON,ON,OFF,60.27
Floor,37,24.41,50.8,No,Night,OFF,OFF,ON,50.02
Meeting Hall,41,22.63,52.51,No,Day,OFF,OFF,ON,50.39
Meeting Hall,44,22.9,64.68,No,Day,ON,ON,ON,65.24
Office,29,28.82,64.07,No,Day,ON,OFF,ON,58.14
Office,90,28.27,48.92,No,Night,ON,ON,OFF,55.74
Office,34,27.41,70.66,Yes,Day,ON,OFF,ON,46.45
Corridor,27,21.21,36.07,No,Night,ON,OFF,ON,40.69
Corridor,40,22.48,41.64,Yes,Night,OFF,OFF,ON,29.79
Office,44,22.91,51.23,No,Day,OFF,OFF,OFF,39.2
Meeting Hall,47,32.73,40.94,No,Day,OFF,ON,ON,59.76
Office,54,31.89,76.38,No,Night,OFF,ON,ON,53.95
Corridor,7,21.49,76.39,No,Night,OFF,ON,ON,31.42
Meeting Hall,25,20.49,38.53,No,Day,ON,ON,OFF,55.43
Corridor,97,19.74,50.66,No,Day,ON,OFF,ON,60.76
Meeting Hall,28,19.15,79.6,No,Day,ON,OFF,OFF,47.41
Corridor,54,34.74,30.97,Yes,Day,OFF,ON,ON,53.36
Meeting Hall,65,31.79,32.16,Yes,Day,ON,ON,ON,71.56
Meeting Hall,69,18.29,72.15,No,Day,OFF,ON,ON,59.44
Meeting Hall,47,18.11,49.11,Yes,Day,OFF,ON,ON,47.02
Meeting Hall,79,29.73,66.54,No,Day,ON,ON,OFF,74.99
Floor,6,23.29,60.91,No,Night,ON,OFF,ON,50.52
Corridor,74,19.68,64.72,No,Night,OFF,OFF,OFF,32.18
Corridor,79,25.89,39.87,No,Night,ON,ON,ON,57.54
Floor,5,18.32,57.35,No,Night,ON,ON,ON,60.58
Meeting Hall,36,25.22,62.32,No,Day,OFF,OFF,OFF,45.8
Meeting Hall,8,22.04,57.61,No,Night,OFF,ON,OFF,33.52
Corridor,2,22.5,77.23,Yes,Night,ON,OFF,OFF,23.95
Floor,52,22.87,30.81,No,Night,OFF,ON,OFF,50.64
Meeting Hall,92,23.23,40.73,No,Day,ON,ON,OFF,67.76
Meeting Hall,7,18.34,33.68,No,Day,ON,OFF,ON,48.08
Meeting Hall,39,27.69,78.17,No,Day,ON,ON,ON,70.78
Office,16,27.31,41.7,No,Day,ON,ON,ON,53.71
Floor,69,29.06,67.02,No,Night,ON,OFF,OFF,63.47
Meeting Hall,46,20.72,37.28,No,Day,OFF,OFF,ON,47.44
Office,10,34.91,32.61,No,Night,ON,ON,ON,46.93
Floor,9,20.31,39.55,Yes,Day,ON,ON,OFF,57.29
Meeting Hall,60,31.8,43.81,No,Day,ON,ON,OFF,69.14
Corridor,1,21.75,52.91,No,Day,ON,OFF,ON,44.35
Office,28,25.46,31.11,Yes,Day,OFF,ON,ON,42.58
Office,69,23.51,60.86,No,Day,ON,OFF,ON,61.19
Meeting Hall,50,23.23,62.81,Yes,Day,ON,OFF,ON,62.44
Meeting Hall,72,26.27,44.55,No,Day,ON,ON,ON,69.8
Office,65,22.07,43.24,No,Night,OFF,ON,ON,40.54
Corridor,67,27.3,39.52,No,Day,ON,ON,OFF,59.96
Corridor,56,22.26,40.76,No,Night,ON,ON,OFF,41.26
Floor,40,34.54,62.52,Yes,Day,OFF,OFF,OFF,59.41
Meeting Hall,93,22.07,60.29,No,Day,ON,OFF,ON,71.4
Corridor,63,31.0,75.74,No,Day,ON,ON,OFF,56.49
Floor,3,25.99,71.37,No,Night,OFF,OFF,OFF,38.38
Corridor,0,18.64,58.8,No,Day,OFF,ON,OFF,28.62
Meeting Hall,74,20.6,38.37,No,Day,OFF,ON,OFF,51.12
Floor,6,33.79,46.18,No,Night,ON,ON,OFF,57.55
Floor,81,31.94,53.8,No,Day,ON,ON,ON,86.42
Floor,7,20.45,51.03,No,Day,ON,ON,OFF,59.81
Corridor,93,18.87,33.22,Yes,Night,OFF,OFF,OFF,26.77
Meeting Hall,78,20.6,47.91,No,Day,OFF,ON,ON,62.6
Floor,57,27.93,39.38,No,Day,ON,OFF,ON,78.66
Office,9,28.77,58.74,Yes,Day,ON,ON,ON,53.41
Meeting Hall,65,24.44,76.52,No,Day,ON,OFF,OFF,59.77
Office,78,22.78,36.99,No,Day,ON,OFF,OFF,54.73
Office,21,21.52,73.06,No,Day,ON,ON,ON,53.6
Floor,51,25.46,43.11,No,Night,OFF,ON,ON,55.75
Floor,97,18.38,64.45,Yes,Day,OFF,ON,ON,65.65
Corridor,48,18.15,60.37,No,Day,OFF,OFF,OFF,33.18
Corridor,66,31.56,40.91,Yes,Night,ON,OFF,ON,45.88
Corridor,3,27.02,48.47,No,Day,OFF,OFF,ON,36.57
Meeting Hall,88,31.28,57.34,No,Night,OFF,OFF,OFF,49.57
Corridor,56,19.94,75.59,No,Night,ON,ON,ON,47.81
Office,68,31.86,39.21,Yes,Day,ON,ON,ON,62.59
Corridor,75,33.69,47.19,No,Day,ON,ON,ON,70.33
Floor,52,27.07,79.72,No,Night,OFF,ON,ON,57.91
Corridor,54,19.79,69.48,No,Night,OFF,OFF,OFF,22.59
Meeting Hall,23,20.1,49.21,No,Day,ON,OFF,ON,54.48
Meeting Hall,82,21.3,37.11,Yes,Day,OFF,OFF,ON,54.25
Office,95,21.15,55.04,No,Day,ON,ON,ON,64.53
Meeting Hall,11,34.06,59.19,No,Day,OFF,ON,ON,54.8
Corridor,100,31.61,42.92,No,Day,OFF,OFF,ON,55.42
Floor,54,23.41,65.6,No,Day,ON,ON,ON,75.87
Meeting Hall,46,31.88,57.05,No,Night,OFF,ON,ON,53.74
Office,26,31.13,48.35,No,Day,ON,ON,ON,59.23
Corridor,17,24.04,44.48,No,Night,ON,ON,ON,40.47
Office,88,18.51,44.25,Yes,Day,ON,OFF,OFF,54.02
Meeting Hall,50,18.15,69.49,Yes,Day,ON,ON,ON,61.68
Meeting Hall,86,23.54,54.91,No,Day,OFF,OFF,ON,61.14
Office,59,18.77,44.15,Yes,Day,ON,OFF,ON,57.26
Corridor,56,20.06,69.42,No,Day,ON,ON,ON,61.8
Meeting Hall,66,22.33,31.09,No,Night,OFF,OFF,ON,47.46
Floor,1,21.04,79.77,No,Day,ON,ON,ON,64.24
Meeting Hall,10,20.46,74.43,No,Night,ON,ON,ON,51.62
Corridor,100,22.46,67.15,No,Day,ON,OFF,ON,58.19
Meeting Hall,93,30.53,43.32,Yes,Day,ON,ON,ON,77.06
Office,12,25.56,74.49,No,Day,ON,ON,ON,51.43
Meeting Hall,39,29.27,70.83,Yes,Night,ON,ON,ON,57.35
Meeting Hall,5,33.79,70.07,No,Day,ON,ON,ON,66.38
Corridor,11,18.02,38.77,No,Day,ON,ON,OFF,39.78
Office,42,34.17,60.77,No,Night,OFF,ON,ON,43.88
Corridor,71,22.75,75.0,No,Night,OFF,ON,OFF,34.85
Meeting Hall,72,22.89,55.22,No,Day,ON,OFF,OFF,59.33
Floor,3,28.7,57.58,No,Night,OFF,ON,ON,49.85
Meeting Hall,36,24.13,50.39,No,Day,OFF,ON,OFF,48.42
Corridor,35,19.37,63.5,No,Night,OFF,ON,OFF,27.26
Floor,31,30.09,73.02,No,Day,ON,OFF,ON,69.21
Corridor,56,21.11,55.52,No,Day,OFF,ON,ON,40.34
Corridor,11,33.8,78.45,Yes,Day,OFF,OFF,ON,40.46
Office,17,34.79,50.18,Yes,Day,ON,OFF,ON,47.8
Floor,60,21.08,36.07,Yes,Day,ON,ON,ON,73.73
Meeting Hall,30,30.81,30.73,Yes,Night,OFF,ON,OFF,41.68
Corridor,39,34.86,58.95,No,Night,ON,ON,ON,54.54
Meeting Hall,45,34.24,70.67,No,Day,ON,OFF,OFF,66.03
Office,38,27.6,72.42,No,Day,ON,ON,ON,59.52
Office,62,23.3,78.19,No,Day,OFF,OFF,OFF,40.34
Floor,92,18.2,56.32,No,Day,OFF,OFF,ON,62.98
Office,54,33.27,40.51,No,Night,ON,OFF,ON,49.58
Office,39,18.61,63.91,No,Day,OFF,OFF,OFF,33.93
Meeting Hall,28,27.8,74.65,No,Day,ON,OFF,ON,60.01
Office,90,21.16,39.28,No,Day,OFF,ON,ON,56.97
Office,10,22.11,47.39,No,Day,ON,ON,OFF,44.32
Corridor,96,18.4,69.16,No,Day,OFF,ON,ON,53.57
Office,38,18.63,41.73,No,Day,ON,ON,ON,54.92
Corridor,81,23.95,74.93,Yes,Day,ON,OFF,ON,52.11
Office,43,32.92,72.12,No,Day,ON,ON,ON,66.2
Office,19,27.62,55.26,No,Day,OFF,OFF,ON,37.53
Floor,91,27.15,79.89,No,Day,OFF,OFF,ON,72.27
Floor,85,28.55,44.76,No,Day,ON,OFF,OFF,69.09
Corridor,95,27.1,76.57,No,Night,ON,ON,ON,69.63
Office,84,23.17,44.55,No,Day,OFF,ON,ON,56.89
Meeting Hall,100,32.96,64.73,No,Night,OFF,ON,OFF,60.12
Floor,26,26.09,67.76,No,Day,ON,OFF,OFF,60.01
Meeting Hall,37,30.8,62.52,No,Day,ON,ON,ON,67.53
Floor,89,33.5,56.82,No,Day,ON,ON,ON,86.96
Floor,86,18.06,62.63,Yes,Day,ON,ON,OFF,67.09
Office,97,26.13,31.16,No,Night,ON,ON,OFF,64.42
Floor,75,28.28,74.05,Yes,Day,ON,ON,OFF,68.66
Meeting Hall,10,26.54,56.64,No,Day,ON,OFF,ON,55.14
Floor,35,33.34,54.21,No,Night,OFF,OFF,ON,57.01
Corridor,31,33.98,58.73,Yes,Day,OFF,OFF,ON,39.49
Office,100,20.28,58.54,No,Day,OFF,ON,OFF,55.16
Office,61,23.14,66.45,No,Day,OFF,ON,OFF,45.86
Corridor,15,22.49,34.37,Yes,Day,OFF,OFF,ON,34.49
Corridor,41,26.45,77.04,Yes,Day,ON,OFF,ON,44.83
Corridor,30,24.5,77.03,No,Day,ON,ON,OFF,44.99
Floor,69,24.11,30.63,No,Night,ON,OFF,OFF,58.15
Office,12,27.08,56.21,No,Night,OFF,OFF,ON,37.89
Corridor,35,26.33,66.64,No,Day,OFF,ON,OFF,36.45
Floor,74,25.91,43.99,No,Day,OFF,ON,ON,75.35
Corridor,10,19.92,61.96,No,Day,ON,ON,OFF,36.64
Meeting Hall,47,27.17,62.8,No,Day,OFF,OFF,ON,50.75
Meeting Hall,19,19.0,40.86,No,Day,OFF,ON,ON,47.61
Office,28,28.48,40.53,No,Night,ON,OFF,OFF,40.29
Floor,18,28.6,67.62,No,Night,OFF,OFF,ON,54.17
Meeting Hall,93,22.43,65.47,No,Day,ON,ON,ON,78.74
Meeting Hall,5,20.3,73.16,No,Day,OFF,ON,ON,46.14
Floor,55,31.57,74.2,No,Day,ON,ON,ON,79.54
Corridor,80,31.1,37.9,Yes,Day,ON,OFF,OFF,51.26
Floor,81,34.08,70.16,No,Day,OFF,OFF,ON,72.09
Corridor,99,25.59,63.2,No,Day,ON,OFF,ON,66.33
Meeting Hall,17,23.36,62.24,No,Day,ON,ON,OFF,52.74
Meeting Hall,75,23.14,43.51,No,Day,ON,ON,ON,74.02
Meeting Hall,41,21.06,71.45,No,Day,OFF,OFF,ON,52.17
Office,59,23.95,79.5,No,Night,ON,ON,ON,56.44
Office,55,20.17,38.15,No,Day,OFF,ON,OFF,38.6
Office,2,32.82,66.99,Yes,Day,OFF,ON,ON,32.95
Floor,81,23.9,48.99,No,Day,ON,ON,OFF,73.46
Meeting Hall,79,27.3,39.4,No,Day,ON,ON,ON,73.36
Meeting Hall,38,19.13,36.92,No,Night,ON,ON,ON,54.53
Floor,42,22.77,40.44,No,Day,ON,OFF,ON,68.51
Office,27,21.8,72.58,No,Night,ON,ON,ON,48.84
Floor,41,33.08,57.4,Yes,Day,ON,OFF,OFF,65.18
Office,8,21.06,74.59,No,Day,ON,ON,OFF,43.51
Meeting Hall,83,31.52,75.45,Yes,Day,ON,ON,OFF,64.98
Corridor,17,22.81,37.53,No,Day,OFF,ON,ON,36.75
Office,88,21.59,61.43,No,Day,ON,OFF,ON,63.65
Meeting Hall,20,18.16,32.56,No,Night,OFF,OFF,ON,34.81
Meeting Hall,25,22.96,43.69,No,Day,ON,ON,ON,59.14
Corridor,22,19.19,38.66,No,Day,ON,ON,OFF,45.5
Meeting Hall,9,24.16,71.94,Yes,Day,ON,ON,OFF,51.13
Meeting Hall,43,18.9,48.24,No,Day,ON,OFF,OFF,53.3
Office,12,19.09,79.67,Yes,Day,OFF,OFF,ON,39.1
Office,52,24.03,37.06,Yes,Day,ON,OFF,OFF,47.02
Corridor,36,25.62,41.42,Yes,Day,ON,ON,ON,54.61
Corridor,55,23.65,62.25,No,Day,ON,ON,ON,51.81
Meeting Hall,58,18.4,78.44,No,Night,ON,OFF,ON,49.87
Office,11,21.03,66.67,No,Night,ON,OFF,OFF,33.01
Corridor,99,33.96,36.29,No,Day,ON,ON,ON,70.54
Corridor,2,27.72,50.73,Yes,Night,ON,ON,ON,39.88
Floor,13,32.52,79.81,No,Night,ON,OFF,ON,61.26
Corridor,34,18.87,33.47,Yes,Day,ON,ON,OFF,40.54
Meeting Hall,97,18.13,44.27,No,Day,OFF,ON,OFF,56.83
Office,92,31.29,36.22,Yes,Day,ON,ON,ON,65.21
Corridor,29,24.54,71.02,No,Day,ON,ON,OFF,54.53
Floor,70,24.28,71.68,No,Night,ON,ON,ON,75.24
Office,65,22.05,47.18,No,Night,ON,OFF,ON,50.03
Corridor,17,20.73,46.8,No,Night,ON,ON,ON,40.35
Floor,25,32.08,70.67,No,Day,ON,ON,ON,85.63
Corridor,80,19.04,37.88,Yes,Day,ON,OFF,ON,49.19
Office,45,26.47,71.1,No,Day,ON,OFF,OFF,49.89
Office,11,24.13,34.83,No,Day,OFF,OFF,OFF,32.41
Office,57,22.68,44.74,Yes,Day,OFF,OFF,ON,37.94
Meeting Hall,56,30.93,55.19,No,Day,ON,OFF,ON,69.95
Corridor,31,32.94,36.04,Yes,Day,ON,OFF,ON,48.5
Meeting Hall,92,21.31,33.73,No,Day,ON,OFF,ON,70.67
Office,63,19.31,43.5,Yes,Night,OFF,OFF,ON,33.3
Floor,73,24.38,59.31,No,Day,OFF,OFF,OFF,63.23
Corridor,99,25.48,70.67,No,Night,ON,OFF,ON,55.93
Meeting Hall,65,18.9,66.62,Yes,Night,ON,OFF,ON,52.49
Corridor,36,25.99,57.38,No,Night,OFF,OFF,ON,40.41
Floor,13,34.17,63.06,No,Night,OFF,OFF,OFF,44.05
Meeting Hall,9,24.56,56.87,No,Day,ON,ON,ON,58.27
Office,64,33.3,57.06,No,Day,OFF,OFF,ON,52.54
Meeting Hall,63,32.43,30.8,No,Night,ON,ON,ON,65.2
Corridor,40,25.42,49.16,No,Night,ON,ON,ON,50.85
Corridor,20,30.01,57.94,Yes,Day,ON,OFF,OFF,38.7
Corridor,68,21.55,59.71,Yes,Night,ON,ON,ON,47.21
Corridor,8,20.3,55.39,No,Day,OFF,ON,OFF,35.87
Office,8,18.04,64.91,Yes,Day,OFF,ON,ON,35.9
Meeting Hall,17,19.25,48.41,No,Day,OFF,ON,ON,46.92
Office,68,28.68,37.15,No,Day,ON,ON,OFF,61.14
Office,61,33.05,31.59,No,Day,ON,ON,OFF,60.72
Office,15,34.62,58.5,Yes,Day,ON,OFF,ON,49.67
Corridor,97,26.2,54.86,No,Day,ON,ON,ON,70.91
Corridor,3,20.39,41.8,No,Night,OFF,OFF,ON,15.58
Corridor,20,18.0,41.08,Yes,Day,ON,OFF,OFF,37.64
Meeting Hall,100,34.74,59.07,No,Day,ON,ON,OFF,75.46
Floor,43,31.9,35.34,No,Day,ON,OFF,ON,73.55
Corridor,77,26.9,36.79,Yes,Day,ON,ON,ON,58.4
Meeting Hall,90,22.18,42.44,No,Day,ON,OFF,ON,68.37
Corridor,75,26.8,74.23,Yes,Day,ON,ON,OFF,48.46
Corridor,26,32.26,65.26,No,Night,OFF,OFF,ON,39.59
Office,33,27.45,57.88,No,Day,OFF,ON,ON,47.19
Office,3,34.92,48.46,No,Day,ON,ON,OFF,52.96
Office,50,19.81,50.88,No,Night,ON,ON,ON,54.51
Meeting Hall,1,34.7,38.59,No,Night,OFF,OFF,ON,46.94
Floor,31,27.94,72.03,No,Day,ON,ON,ON,72.83
Floor,1,27.66,39.1,No,Day,OFF,ON,ON,58.48
Meeting Hall,57,24.11,68.03,Yes,Day,ON,ON,ON,66.14
Corridor,21,18.7,41.97,Yes,Day,ON,ON,ON,46.33
Meeting Hall,18,30.93,67.83,No,Day,OFF,OFF,ON,48.6
Corridor,89,22.69,45.2,No,Night,ON,ON,ON,55.32
Meeting Hall,19,23.95,79.06,Yes,Day,ON,OFF,ON,53.73
Meeting Hall,99,27.07,76.0,Yes,Day,ON,ON,ON,75.86
Meeting Hall,17,18.97,73.81,No,Day,ON,ON,ON,57.83
Floor,49,18.18,39.06,No,Night,ON,ON,ON,61.09
Office,13,19.78,34.19,No,Day,ON,OFF,ON,42.06
Meeting Hall,19,30.5,78.21,No,Day,ON,OFF,OFF,57.62
Floor,44,21.24,51.79,No,Day,OFF,ON,ON,65.38
Office,87,26.74,73.79,No,Day,ON,OFF,OFF,64.55
Office,46,21.16,54.35,No,Night,ON,OFF,ON,45.4
Meeting Hall,56,22.84,62.46,Yes,Day,ON,ON,OFF,54.17
Corridor,30,18.64,67.77,No,Day,ON,ON,OFF,45.95
Corridor,51,24.23,56.73,No,Day,ON,ON,ON,56.38
Corridor,99,20.32,76.85,No,Night,ON,ON,ON,58.41
Meeting Hall,78,27.49,32.4,Yes,Day,OFF,ON,ON,57.64
Corridor,45,32.22,71.75,No,Night,ON,OFF,OFF,44.18
Floor,6,32.93,64.39,Yes,Day,ON,ON,ON,67.56
Floor,48,33.87,46.53,Yes,Day,OFF,ON,ON,69.88
Floor,22,20.11,53.51,No,Day,ON,ON,OFF,67.29
Floor,92,26.78,53.59,No,Day,OFF,ON,ON,70.58
Office,40,19.95,32.15,No,Night,ON,ON,OFF,45.42
Floor,3,23.21,56.76,No,Night,OFF,OFF,ON,49.48
Corridor,94,21.93,33.3,No,Day,OFF,ON,ON,56.09
Meeting Hall,81,18.21,55.8,No,Day,OFF,OFF,ON,60.27
Corridor,30,33.84,40.76,No,Day,ON,ON,ON,60.82
Floor,46,31.29,71.68,Yes,Night,OFF,OFF,ON,53.23
Office,99,26.82,33.47,No,Day,ON,ON,ON,70.11
Floor,17,23.86,44.75,No,Day,OFF,OFF,OFF,48.52
Meeting Hall,73,25.0,50.43,Yes,Day,ON,OFF,ON,63.84
Corridor,6,21.49,60.11,No,Day,ON,ON,OFF,46.5
Meeting Hall,37,34.46,79.38,No,Night,ON,OFF,ON,62.71
Meeting Hall,44,22.85,36.47,No,Night,ON,ON,ON,56.19
Meeting Hall,27,19.27,48.64,No,Day,ON,ON,ON,61.29
Corridor,58,27.6,64.05,No,Day,ON,OFF,OFF,47.68
Floor,17,30.73,48.69,Yes,Day,ON,ON,ON,68.35
Meeting Hall,94,34.51,42.04,Yes,Night,OFF,ON,OFF,51.59
Corridor,8,28.57,70.75,No,Day,ON,ON,ON,53.1
Office,15,21.13,39.37,No,Day,ON,ON,ON,46.38
Corridor,61,24.65,46.83,No,Day,ON,OFF,OFF,50.57
Office,39,23.38,42.02,No,Day,ON,ON,ON,57.69
Corridor,88,18.33,78.03,No,Day,ON,ON,ON,61.59
Floor,100,24.67,71.81,No,Day,OFF,ON,ON,76.8
Meeting Hall,93,31.59,53.05,Yes,Night,ON,ON,OFF,64.0
Floor,57,24.89,72.01,Yes,Day,OFF,ON,OFF,55.85
Corridor,65,32.48,64.13,No,Day,ON,ON,OFF,58.51
Meeting Hall,68,30.63,47.84,No,Day,OFF,ON,ON,62.23
Office,93,30.23,40.47,No,Day,ON,OFF,ON,65.48
Corridor,18,24.48,48.03,No,Day,OFF,ON,ON,41.63
Meeting Hall,77,18.91,55.91,No,Day,ON,ON,ON,68.79
Office,26,33.0,40.0,No,Day,ON,OFF,ON,53.74
Office,29,28.85,43.67,No,Day,ON,OFF,ON,52.61
Floor,44,19.54,62.34,No,Day,ON,OFF,ON,67.1
Corridor,77,19.39,66.22,No,Day,ON,OFF,OFF,48.76
Office,30,28.44,52.8,No,Night,ON,ON,ON,49.89
Meeting Hall,35,25.18,78.48,Yes,Day,OFF,OFF,OFF,41.47
Office,38,21.24,45.25,No,Day,ON,ON,ON,55.06
Office,49,22.07,75.58,No,Day,ON,OFF,ON,53.16
Floor,93,24.56,43.71,No,Day,ON,ON,OFF,80.33
Floor,37,30.75,66.78,No,Night,OFF,OFF,ON,51.71
Meeting Hall,10,21.35,79.92,No,Day,ON,OFF,OFF,46.56
Floor,80,29.94,71.68,Yes,Night,ON,ON,ON,78.06
Office,73,21.04,53.76,No,Day,ON,ON,OFF,58.01
Office,15,30.98,36.23,No,Night,ON,ON,ON,51.97
Floor,50,33.3,78.31,Yes,Night,ON,OFF,ON,65.6
Office,74,25.53,66.03,No,Day,OFF,ON,OFF,47.55
Office,38,28.9,71.9,No,Night,ON,ON,ON,53.44
Meeting Hall,91,22.53,58.64,No,Day,ON,OFF,ON,75.04
Floor,84,33.77,53.92,No,Night,OFF,OFF,ON,67.63
Office,91,25.24,33.92,No,Night,ON,OFF,OFF,50.71
Floor,22,26.44,33.1,Yes,Night,ON,ON,ON,55.1
Meeting Hall,64,22.44,59.1,Yes,Day,OFF,OFF,ON,52.96
Floor,48,21.3,39.44,No,Night,OFF,OFF,OFF,42.09
Office,60,21.87,63.75,No,Day,ON,ON,OFF,52.88
Floor,53,26.09,77.86,No,Day,ON,ON,ON,72.4
Office,12,20.34,47.79,No,Day,OFF,OFF,OFF,29.63
Office,71,24.59,66.85,No,Night,ON,OFF,ON,50.73
Office,82,24.49,75.57,Yes,Day,ON,OFF,OFF,49.18
Meeting Hall,23,25.36,72.18,No,Day,ON,ON,ON,67.66
Floor,48,25.17,34.2,No,Day,ON,ON,ON,73.89
Meeting Hall,36,22.67,63.87,Yes,Day,OFF,OFF,OFF,38.2
Floor,88,24.24,45.13,No,Night,OFF,ON,ON,65.92
Meeting Hall,25,33.34,75.14,No,Night,ON,OFF,ON,56.25
Corridor,41,18.64,38.54,No,Day,OFF,ON,OFF,36.07
Office,90,19.49,41.12,No,Day,ON,ON,ON,67.11
Office,95,33.79,54.6,Yes,Day,OFF,ON,ON,67.37
Meeting Hall,2,22.61,46.53,No,Day,ON,ON,OFF,47.35
Corridor,60,23.17,47.97,No,Day,ON,OFF,ON,47.7
Office,42,23.85,51.22,Yes,Day,ON,ON,OFF,46.43
Floor,72,19.76,37.19,No,Day,ON,OFF,ON,74.14
Meeting Hall,64,31.07,34.8,Yes,Day,ON,OFF,ON,64.59
Office,17,20.77,39.65,No,Day,ON,ON,ON,47.56
Office,66,29.93,56.7,Yes,Day,OFF,OFF,ON,49.45
Meeting Hall,13,21.95,50.07,No,Day,OFF,OFF,ON,40.2
Meeting Hall,63,29.6,63.2,No,Day,ON,OFF,ON,68.27
Floor,31,34.52,64.66,No,Night,OFF,OFF,OFF,48.65
Floor,67,26.66,61.52,No,Day,OFF,ON,OFF,61.47
Office,59,23.42,41.36,No,Day,OFF,ON,ON,49.1
Office,100,24.43,61.12,No,Day,ON,ON,ON,72.38
Meeting Hall,20,24.53,58.15,No,Night,OFF,ON,ON,44.6
Office,26,20.13,61.88,No,Night,ON,ON,ON,43.77
Office,4,31.92,42.46,No,Night,ON,OFF,OFF,34.43
Meeting Hall,66,24.45,79.42,No,Day,ON,ON,ON,68.9
Office,85,30.2,79.36,No,Day,ON,ON,OFF,61.1
Office,83,22.6,73.94,No,Night,OFF,ON,ON,56.52
Corridor,40,24.06,41.91,Yes,Day,OFF,ON,ON,34.08
Floor,1,33.08,67.63,No,Night,OFF,OFF,ON,49.35
Meeting Hall,42,25.22,36.28,Yes,Day,OFF,OFF,ON,42.78
Corridor,0,24.0,75.85,No,Day,ON,ON,ON,46.23
Floor,22,23.33,41.2,Yes,Night,OFF,ON,OFF,44.04
Floor,62,33.18,52.05,No,Day,ON,ON,ON,83.69
Floor,47,25.19,62.18,No,Day,ON,OFF,ON,69.91
Corridor,24,32.91,48.31,No,Day,OFF,OFF,ON,40.86
Corridor,89,23.1,41.93,No,Night,ON,ON,ON,57.13
Floor,66,34.63,69.64,No,Day,OFF,OFF,ON,64.41
Office,94,26.55,70.63,No,Day,ON,OFF,ON,63.43
Office,90,20.8,53.86,No,Day,OFF,ON,OFF,49.0
Corridor,76,25.21,44.95,No,Night,ON,OFF,ON,51.07
Corridor,46,29.59,65.47,No,Night,ON,ON,ON,50.92
Corridor,96,33.09,75.0,No,Day,ON,OFF,ON,68.27
Floor,88,20.16,70.19,Yes,Day,ON,ON,ON,80.19
Office,55,27.49,58.06,No,Day,ON,ON,OFF,57.73
Corridor,58,27.06,32.98,No,Day,ON,OFF,OFF,50.28
Corridor,15,23.58,75.96,No,Night,OFF,ON,OFF,24.65
Meeting Hall,46,24.95,75.43,No,Day,ON,OFF,ON,58.13
Floor,89,23.18,42.81,No,Day,ON,ON,ON,82.8
Meeting Hall,53,23.14,64.33,No,Day,ON,OFF,ON,65.62
Office,46,27.07,48.68,No,Day,OFF,ON,ON,52.07
Meeting Hall,51,19.02,41.0,No,Day,OFF,OFF,ON,50.01
Meeting Hall,17,26.18,30.54,Yes,Day,ON,ON,OFF,53.33
Meeting Hall,80,23.51,48.26,No,Night,ON,ON,ON,61.14
Floor,45,25.89,40.55,No,Day,ON,OFF,ON,69.26
Office,88,34.57,31.19,Yes,Day,ON,OFF,OFF,59.47
Meeting Hall,25,30.6,56.33,No,Day,ON,ON,OFF,53.01
Floor,17,32.65,41.63,No,Night,ON,ON,ON,64.64
Office,48,24.32,59.44,Yes,Day,ON,ON,ON,53.57
Corridor,64,30.0,50.91,No,Night,ON,ON,OFF,50.54
Meeting Hall,6,25.87,47.07,Yes,Night,ON,OFF,ON,45.85
Office,29,28.15,48.8,No,Night,ON,ON,OFF,46.44
Meeting Hall,96,25.45,58.69,No,Day,OFF,OFF,ON,62.4
Corridor,24,20.24,71.7,No,Day,OFF,ON,ON,38.52
Office,24,34.1,63.47,No,Day,OFF,ON,ON,48.29
Floor,26,30.01,35.53,No,Day,ON,ON,ON,72.82
Office,34,28.21,58.35,Yes,Night,ON,OFF,OFF,39.54
Floor,81,27.53,68.45,No,Day,ON,ON,OFF,80.91
Office,29,30.29,45.55,No,Day,ON,ON,OFF,49.51
Floor,13,27.05,61.4,Yes,Day,ON,ON,ON,64.95
Corridor,34,21.67,30.02,No,Night,OFF,OFF,OFF,23.98
Corridor,33,18.12,76.99,Yes,Day,OFF,ON,OFF,31.24
Corridor,83,24.51,43.39,No,Day,OFF,OFF,OFF,43.83
Office,14,27.58,75.3,No,Day,OFF,OFF,ON,41.96
Corridor,6,24.32,40.83,No,Night,ON,ON,ON,37.94
Meeting Hall,12,27.07,74.81,No,Day,OFF,ON,ON,48.5
Corridor,99,29.3,57.73,No,Day,OFF,ON,ON,60.89
Floor,39,31.77,39.12,Yes,Day,ON,OFF,ON,64.88
Floor,59,23.08,45.96,No,Night,ON,ON,OFF,65.37
Floor,33,28.76,71.5,No,Day,ON,ON,OFF,66.28
Office,12,33.16,77.64,No,Night,ON,ON,ON,49.74
Meeting Hall,3,20.59,73.83,No,Day,ON,OFF,ON,50.7
Corridor,12,29.74,73.57,Yes,Day,OFF,OFF,ON,39.03
Meeting Hall,47,33.55,30.22,No,Day,ON,OFF,OFF,65.31
Meeting Hall,12,29.41,52.42,Yes,Day,OFF,ON,OFF,41.82
Floor,86,19.57,71.85,Yes,Day,ON,ON,ON,74.73
Floor,92,22.81,31.76,No,Day,ON,ON,OFF,73.85
Floor,32,21.22,64.7,Yes,Day,ON,OFF,ON,64.81
Office,22,33.51,55.06,Yes,Day,OFF,OFF,ON,40.2
Meeting Hall,66,34.86,69.52,No,Day,ON,OFF,ON,76.0
Meeting Hall,31,25.36,43.04,Yes,Night,OFF,ON,ON,41.72
Office,54,33.24,74.11,Yes,Night,OFF,ON,OFF,42.79
Office,2,20.3,44.84,Yes,Day,OFF,ON,OFF,27.32
Office,11,18.06,77.56,Yes,Day,OFF,ON,ON,33.38
Meeting Hall,55,27.66,62.02,No,Night,OFF,ON,OFF,42.36
Meeting Hall,67,34.79,39.85,No,Night,ON,ON,ON,69.36
Floor,32,27.56,68.8,No,Night,OFF,ON,ON,52.46
Floor,31,34.67,56.74,No,Day,ON,ON,ON,79.7
Meeting Hall,16,25.66,50.39,Yes,Day,ON,ON,OFF,47.49
Floor,51,24.49,53.61,Yes,Day,ON,ON,OFF,66.55
Office,72,33.8,49.97,Yes,Day,ON,OFF,ON,65.64
Corridor,4,18.83,65.37,No,Day,ON,ON,ON,48.06
Floor,20,23.56,42.94,No,Day,ON,OFF,OFF,56.7
Meeting Hall,2,25.54,55.6,No,Day,OFF,ON,ON,55.31
Floor,66,19.48,67.77,No,Day,ON,OFF,OFF,70.7
Floor,36,26.79,37.18,Yes,Day,ON,ON,ON,71.36
Floor,34,24.38,44.59,No,Day,OFF,ON,ON,61.16
Corridor,32,25.43,40.67,No,Night,ON,OFF,ON,40.56
Office,53,29.67,58.6,No,Night,ON,OFF,ON,59.5
Meeting Hall,2,19.2,50.6,No,Day,OFF,ON,ON,44.36
Corridor,47,34.35,46.2,No,Night,ON,ON,ON,52.13
Meeting Hall,17,26.88,47.89,No,Day,ON,OFF,OFF,50.66
Meeting Hall,2,32.26,53.48,No,Day,OFF,ON,ON,47.97
Meeting Hall,92,23.41,50.92,No,Night,ON,ON,ON,65.62
Corridor,100,23.33,65.32,No,Day,ON,OFF,OFF,58.0
Office,4,33.36,64.64,Yes,Day,OFF,OFF,OFF,32.52
Meeting Hall,8,20.0,31.33,No,Day,ON,ON,ON,56.33
Office,75,19.76,65.48,No,Day,ON,OFF,OFF,49.68
Office,15,29.85,41.1,Yes,Day,ON,ON,ON,52.48
Floor,90,25.92,50.99,No,Day,OFF,ON,ON,72.16
Corridor,72,30.19,41.12,Yes,Day,OFF,OFF,ON,46.85
Corridor,49,25.36,35.95,No,Night,OFF,ON,ON,43.6
Floor,56,21.6,59.2,No,Day,ON,ON,ON,78.85
Floor,56,30.16,77.53,No,Day,OFF,OFF,OFF,62.54
Office,85,18.66,48.6,Yes,Day,OFF,ON,OFF,43.88
Meeting Hall,16,25.62,63.91,No,Night,ON,OFF,OFF,44.34
Corridor,64,25.8,52.65,No,Night,OFF,ON,ON,41.65
Meeting Hall,56,19.32,39.06,No,Night,OFF,ON,OFF,44.01
Meeting Hall,62,22.11,76.05,No,Day,ON,OFF,ON,62.46
Floor,66,22.42,52.48,No,Day,OFF,OFF,ON,58.25
Meeting Hall,4,33.18,30.42,No,Day,OFF,OFF,OFF,39.75
Office,21,26.71,52.83,Yes,Day,ON,OFF,ON,42.3
Floor,0,29.4,30.3,Yes,Day,OFF,ON,ON,49.83
Meeting Hall,46,18.93,69.7,No,Night,OFF,ON,OFF,42.67
Floor,48,19.76,48.39,Yes,Day,OFF,ON,OFF,45.59
Office,3,27.58,60.73,No,Night,ON,ON,ON,45.71
Office,21,32.2,68.34,Yes,Day,ON,ON,OFF,50.35
Meeting Hall,87,18.9,31.39,No,Night,ON,ON,ON,66.26
Floor,54,34.72,55.9,No,Day,OFF,OFF,OFF,58.67
Meeting Hall,31,33.05,61.9,No,Night,ON,ON,ON,56.3
Meeting Hall,65,32.84,53.56,No,Day,ON,OFF,OFF,58.32
Floor,99,18.15,45.31,Yes,Night,ON,ON,OFF,65.69
Meeting Hall,68,24.91,53.16,No,Day,ON,ON,ON,69.08
Office,70,31.53,49.66,No,Day,OFF,OFF,OFF,45.49
Floor,99,30.9,60.58,No,Day,OFF,OFF,OFF,68.12
Floor,7,23.88,53.46,No,Day,ON,ON,ON,69.58
Floor,35,32.92,36.51,No,Day,ON,ON,OFF,62.25
Floor,11,28.81,34.2,No,Night,ON,ON,OFF,53.53
Meeting Hall,27,34.9,38.16,No,Day,ON,OFF,ON,65.14
Meeting Hall,1,23.69,33.28,No,Night,OFF,OFF,ON,36.31
Office,77,28.94,42.68,No,Day,ON,ON,ON,66.63
Corridor,18,25.22,33.5,No,Day,ON,ON,ON,55.29
Corridor,84,29.01,60.18,No,Day,OFF,ON,ON,56.9
Office,93,22.42,52.23,Yes,Night,OFF,ON,ON,42.21
Corridor,48,24.5,42.77,No,Day,OFF,ON,OFF,38.16
Office,36,33.85,30.63,No,Day,OFF,ON,OFF,49.42
Meeting Hall,51,22.91,37.31,No,Day,OFF,ON,OFF,49.96
Floor,84,28.55,63.34,No,Day,OFF,ON,OFF,70.29
Floor,91,33.62,42.47,No,Day,OFF,ON,ON,81.8
Meeting Hall,59,26.18,46.65,No,Day,OFF,ON,OFF,60.5
Floor,96,29.82,33.82,No,Day,OFF,OFF,ON,68.09
Floor,41,30.72,57.41,No,Day,ON,OFF,ON,72.09
Corridor,6,27.25,70.22,Yes,Night,ON,ON,ON,39.8
Meeting Hall,41,24.44,47.66,Yes,Day,ON,ON,ON,61.35
Corridor,56,31.74,35.74,Yes,Night,OFF,ON,ON,42.43
Corridor,15,27.42,77.7,No,Day,OFF,ON,ON,45.88
Floor,100,19.97,55.56,No,Day,OFF,ON,OFF,67.25
Floor,24,32.87,34.47,Yes,Day,ON,OFF,ON,64.93
Meeting Hall,37,23.06,54.87,No,Day,ON,ON,ON,58.75
Floor,43,26.39,32.25,No,Day,OFF,ON,OFF,56.18
Floor,37,21.63,32.76,Yes,Day,ON,OFF,ON,65.56
Meeting Hall,44,26.38,45.92,No,Day,ON,ON,OFF,57.42
Floor,29,20.2,63.86,No,Day,OFF,ON,ON,62.22
Corridor,80,27.63,65.25,No,Day,ON,OFF,ON,57.38
Meeting Hall,15,26.89,75.07,No,Day,ON,ON,ON,63.81
Floor,3,31.91,35.4,No,Night,ON,OFF,ON,58.16
Office,93,27.52,53.2,No,Night,ON,OFF,ON,56.66
Meeting Hall,83,24.95,53.82,No,Day,ON,OFF,ON,60.6
Meeting Hall,34,25.93,53.04,No,Night,ON,ON,OFF,51.75
Office,60,28.28,72.07,No,Night,ON,ON,ON,57.55
Floor,4,32.27,70.57,No,Day,ON,ON,ON,72.73
Floor,77,18.71,55.39,No,Day,OFF,OFF,OFF,58.32
Meeting Hall,40,33.75,68.93,Yes,Night,ON,OFF,ON,52.0
Meeting Hall,40,19.43,32.96,No,Day,ON,ON,ON,57.7
Floor,27,23.86,56.61,No,Day,ON,OFF,ON,72.57
Floor,9,23.72,34.75,No,Day,ON,ON,ON,65.34
Corridor,51,27.04,73.35,Yes,Night,ON,ON,OFF,41.59
Meeting Hall,93,24.03,55.16,Yes,Night,ON,ON,OFF,57.51
Meeting Hall,31,21.73,30.88,No,Day,OFF,ON,ON,51.71
Office,75,22.14,57.48,Yes,Night,OFF,OFF,OFF,33.86
